board,gas,gas_name,conc,rep,f00,f01,f02,f03,f04,f05,f06,f07,f08,f09,f10,f11,f12,f13,f14,f15,f16,f17,f18,f19,f20,f21,f22,f23,f24,f25,f26,f27,f28,f29,f30,f31,f32,f33,f34,f35,f36,f37,f38,f39,f40,f41,f42,f43,f44,f45,f46,f47,f48,f49,f50,f51,f52,f53,f54,f55,f56,f57,f58,f59,f60,f61,f62,f63
1,GCO,CO,10,1,-0.9099998474121094,-0.023429450150284734,0.01563824447920946,0.0018838896429521877,0.00030339317482958614,-0.020164870896193232,-0.0023942970105903607,-0.000260833105352567,-0.28999900817871094,-0.015557887214296766,0.006425463171302805,0.0007398490221007357,0.00011231611142098862,-0.0069790314561667495,-0.0007257766026508232,-0.00014023796051829848,-0.6599998474121094,-0.030697667321493458,0.006644696824059278,0.0013015256039049482,0.0002583745519112361,-0.005717332463461525,-0.0007386407691173905,-0.00015076332063799507,-0.8900003433227539,-0.1597846168570748,0.004611021364849098,0.0007493401921535567,0.0001557574818374411,-0.0016077506642940879,-0.00017843451083972194,-2.27801031874342e-05,-2.3300018310546875,-0.03217789964391244,0.040464720222776814,0.004796990262701372,0.0007451506061631127,-0.0371282651894958,-0.004122043516739306,-0.0005775902657396717,-1.3599967956542969,-0.029778779290143866,0.024729539466339767,0.002541325449954789,0.0003839374834540109,-0.03179308540078801,-0.003006167942577292,-0.0004147754577640049,-2.5,-0.04524068179397362,0.030195201993456912,0.004586109698775052,0.0009703670658700535,-0.03177780308984793,-0.0033772474835291368,-0.0003424052784914664,-1.2800002098083496,-0.18259631498079454,0.0040751890815988595,0.0007320425046426538,0.00015818430384769664,-0.001927008851093051,-0.00017986711428344399,-1.6079611546079266e-05
1,GCO,CO,10,2,-1.6100006103515625,-0.0429447996337728,0.014748076002968489,0.0018201883341109264,0.0004391674922248105,-0.0199736693245613,-0.002933163854570902,-0.0004368483754636167,-0.5799999237060547,-0.032917133716282444,0.006913203348616195,0.0009736402199676485,0.00014848521147568604,-0.005966678955104954,-0.001103298077368848,-0.00019496309182639554,-1.1499996185302734,-0.05631731705355549,0.005720136778781966,0.0009696892842402053,0.00031522884042350956,-0.006790079393524196,-0.001171569174508803,-0.0002516015471032117,-1.169999599456787,-0.19532548316581674,0.0021822445296410266,0.00048627432427551104,0.00025132852550151875,-0.00191206993211014,-0.0002259137598236029,-3.045408914955089e-05,-3.5799942016601562,-0.050787265004305,0.04129566811960886,0.004174090532526302,0.0009351885452568425,-0.042446982715605784,-0.00478629216746227,-0.000792262962719956,-1.9200019836425781,-0.04463045009791677,0.025475205803626624,0.0025254019372932066,0.0005896503914932832,-0.028868268145156854,-0.004090025275944525,-0.0005162910315161455,-3.4899978637695312,-0.06456980412640856,0.03307027646667502,0.003881490798420266,0.0009466803990401207,-0.03580453254168064,-0.003917535169859988,-0.0005867194616656926,-1.5300002098083496,-0.21338914833027192,0.002144827428462305,0.0004885250783226646,0.0002764736494976913,-0.0024998328730855427,-0.00019955093422299885,-8.031843811385963e-06
1,GCO,CO,10,3,-0.94000244140625,-0.021171225430214498,0.02280267480676748,0.0023441828915150313,0.0002957783452156998,-0.020466186074578754,-0.0019383744113274917,-0.0003012458380180677,-0.29000091552734375,-0.013223935772536197,0.008446284916018976,0.0008993895455308961,0.00013598307245885652,-0.008123632999288363,-0.0008131064885903418,-0.00010470562667763151,-0.8000011444091797,-0.03218025441544293,0.0077018595396796665,0.000874429980048671,0.0002530824064989089,-0.006355557230641913,-0.0007382169952239025,-0.00012750290089300097,-0.9899997711181641,-0.12147237024002404,0.0024883714382067895,0.0005212291557533386,0.00024777612574023323,-0.0022272039963567125,-0.00020076975002622892,-1.696915149525031e-05,-2.0999984741210938,-0.02580484818132497,0.053379800229319256,0.005217355415271687,0.0007481073903779661,-0.053555829171935986,-0.005392680773571256,-0.0006811547698945325,-1.6599998474121094,-0.03353535045276989,0.03428824851395999,0.0033812590405883276,0.0005918838253629954,-0.02598878621341384,-0.0023758797624572016,-0.00028246820199114703,-2.6599960327148438,-0.0404623687123789,0.04251572057848958,0.004815776407263515,0.0009205057577163862,-0.04821398259287986,-0.004480654409323589,-0.0005704276781027407,-1.299999713897705,-0.15011544304890345,0.0026109650278457854,0.0005317065570235768,0.00028360286549561147,-0.002903520471060928,-0.0002595117486960915,-1.5953200574868612e-05
1,GCO,CO,10,4,-1.0300025939941406,-0.02182208850307645,0.02198363332984235,0.0023297627886283766,0.0004756920993051596,-0.021959703202766134,-0.0025438697960333337,-0.00034336903089329286,-0.34999847412109375,-0.015184316082681455,0.008851080528880444,0.0008917740738162305,0.0001625461746643038,-0.008109706823014786,-0.0008166039349276707,-0.00013511510691566406,-0.9600009918212891,-0.03617185224962205,0.007282553337810971,0.0010582714232547851,0.000356706111268468,-0.008337979342266759,-0.000991221449148065,-0.00014526492209079585,-1.5799999237060547,-0.20025347914357144,0.002526757798052802,0.0006109296289700929,0.0003464940995394306,-0.0016499481599499518,-0.0001431023587636268,-8.255181035518971e-06,-2.0699996948242188,-0.023768512824286513,0.05945575982444622,0.0067948120188368755,0.0009944425331246765,-0.06271450744970308,-0.006064503377063514,-0.000743527685095961,-1.720001220703125,-0.03395185996612254,0.028090895538335686,0.003268534267230018,0.000697399977216229,-0.03713928942927723,-0.0037198313057119946,-0.0004101311055934925,-2.9799957275390625,-0.042553131222102,0.044863817161411634,0.004652185828547852,0.001148275136794981,-0.04893197368655987,-0.0051776471738170775,-0.0005704053509719917,-1.7800002098083496,-0.21787028068374129,0.0025619049129046636,0.0006055103898790123,0.0003456878211864155,-0.0020820927059032033,-0.00018473194082809722,-9.999842615548562e-06
1,GCO,CO,20,1,-1.220001220703125,-0.03098022314912841,0.01737150454556447,0.0017257750662843386,0.00041959442818808614,-0.018307123236451436,-0.0018249538430298961,-0.00021269320661005493,-0.28999900817871094,-0.015474867220951278,0.007533472149850757,0.0007870668810462554,0.00013068502905781498,-0.0068180748095558585,-0.0007530934823367048,-9.19628727118543e-05,-1.0400009155273438,-0.04772835575175443,0.005576262886009481,0.001056001726375616,0.00033578328582273634,-0.006229294931663881,-0.0006674230811106938,-9.747329856050116e-05,-1.6099998950958252,-0.2874999861632072,0.002329347811349113,0.0005952599982168963,0.00035049051401653356,-0.0015314157768782993,-0.0001545934151893385,-1.1214191251599188e-05,-3.649993896484375,-0.049646273981822905,0.04768814498785059,0.006177220747158917,0.0013066925638911483,-0.04619520471450858,-0.0045385376516241535,-0.0005649045630303515,-1.6599998474121094,-0.03611050257411151,0.02648217088950493,0.002605389727582715,0.0006504796477909025,-0.02652198107247762,-0.0026130375607061294,-0.0003512037888845515,-3.8100013732910156,-0.06809653836170652,0.027359239065387744,0.0035887054937276727,0.0011747481875863247,-0.03317869041096034,-0.0037200392092007475,-0.0004241854374074951,-2.25,-0.3196022744590709,0.0025558060026594164,0.0006098775035560339,0.00035232791838916516,-0.0016485142199351949,-0.00014795468277324937,-1.0000228881835938e-05
1,GCO,CO,20,2,-1.4500007629394531,-0.03799792370905336,0.016503742286951513,0.0018765821471800146,0.00044505494485075803,-0.01491733391539463,-0.0021445270580506422,-0.0003656600682735518,-0.3400001525878906,-0.019274385734242748,0.00689029407196287,0.000951284926034995,0.00018116607432269074,-0.006421469634537604,-0.0011271642120594372,-0.00016163401446464765,-1.1399993896484375,-0.05501927738548152,0.0068201870209517595,0.0011072399408274334,0.00039213168716081175,-0.005960788226821434,-0.001072166683338614,-0.00017773073786265796,-1.7300000190734863,-0.2878535695822018,0.0021970283952416035,0.0006405783278852273,0.0003881621655943086,-0.0017275476947689276,-0.0002269473460698469,-2.5655448815426414e-05,-3.0900039672851562,-0.04318663641495459,0.05449687207019646,0.005733833682506415,0.001177244281620174,-0.03691304448517704,-0.004299000897035123,-0.000674572278452425,-1.75,-0.040678753635024274,0.02036686604290069,0.0028278827648908866,0.0008139592827769569,-0.02096661019644001,-0.0026668685951273686,-0.0004269374775892039,-3.710002899169922,-0.06746686281012972,0.033877884012192314,0.0037934473650828703,0.0013258022222916086,-0.03638853729618431,-0.0043292837732042105,-0.0005138893968717715,-2.299999713897705,-0.3194444131704016,0.0023207104129777676,0.0006495753133558296,0.0004027735611322347,-0.0020037724111886383,-0.00019129008746321947,-1.5145273051776937e-05
1,GCO,CO,20,3,-1.6299972534179688,-0.035855637620870774,0.02532310710195714,0.002698455289117767,0.00047304058251848623,-0.027490617112730098,-0.002694383326453928,-0.00026279575317252784,-0.5499992370605469,-0.02504550364254965,0.009479337738948705,0.0010928424220094377,0.00017025858729568881,-0.009131499709929911,-0.0009142852997821561,-6.894585993919194e-05,-1.3199996948242188,-0.052173902554535474,0.007726290344656604,0.0009761328897318594,0.0003450885299952714,-0.008829971571106652,-0.0008818043267287168,-0.00010653957492948174,-1.570000171661377,-0.19773301767594495,0.0025795140294624214,0.0007127215236799713,0.0004193926832705189,-0.002391901218729011,-0.00022504985649090227,-4.684942027243637e-06,-2.9199981689453125,-0.0355230933984573,0.04845957733648972,0.005490382865096673,0.0010591807472350584,-0.05446673351238859,-0.005434639945147775,-0.0005637843926437182,-2.329998016357422,-0.046637270997900694,0.0289228907570129,0.0034532327194149058,0.0009291057033683288,-0.03212394033967873,-0.003106408407706163,-0.00027379829419440127,-3.9000015258789062,-0.058823549718909185,0.054782020213106145,0.005585436335716126,0.0013011328957494074,-0.052890655282272936,-0.00499289263157043,-0.00045388594120751715,-1.7199997901916504,-0.21078429195524276,0.0025479476294782443,0.000684411296074234,0.00043726095958396185,-0.002763780328864443,-0.00025809615882434623,0.0
1,GCO,CO,20,4,-1.7099990844726562,-0.0366323708931736,0.020495485862145946,0.002479221479409514,0.0006544760188951166,-0.02135607144383085,-0.002180198281260566,-0.00028018482076918244,-0.3899993896484375,-0.016839351995592344,0.008959771762863038,0.0010274656626705451,0.00019113755424224538,-0.010003458916732988,-0.0009921030554103658,-0.00012805522826282205,-1.6100006103515625,-0.06135673111261447,0.006808743127516427,0.0012641618871427306,0.0005314790619515802,-0.008368913745293324,-0.0007809809974071311,-0.00011821745903147191,-3.059999942779541,-0.3834586385295298,0.002562701493626572,0.0009536472121371452,0.0006182012883602317,-0.0016988768787744666,-0.00014619190897632384,-6.97791840402574e-08,-3.9900054931640625,-0.04629313586429645,0.05957765567676116,0.006402892390231809,0.0013876707848916622,-0.05280390951381153,-0.0056610961345409,-0.0007400519549543687,-2.0800018310546875,-0.04076836166978465,0.03162554796435123,0.003038756191117694,0.0008028903174126202,-0.0339419500208172,-0.0032484727339593842,-0.0003271992231632696,-5.470005035400391,-0.07880715670364448,0.040573654126104204,0.005764967511068184,0.0016728642077949015,-0.05064992709760134,-0.004650737118155739,-0.0004989922094219797,-3.239999771118164,-0.3970588029049668,0.0026080450193455254,0.0008672456029585301,0.0005522974808275302,-0.002277884019226401,-0.000169117676910189,-2.991086437983662e-08
1,GCO,CO,30,1,-1.80999755859375,-0.04605591841556304,0.018225203426292337,0.003076390999339776,0.0007852783708344156,-0.020007542913142846,-0.002179962720460945,-0.0002494156722567934,-0.39999961853027344,-0.021367501773620328,0.006163525553860552,0.0011155053823345938,0.00020369349011762665,-0.007897928157640111,-0.0009325894004513047,-0.00013670631694676641,-1.4599990844726562,-0.0671881783354332,0.008520650974417825,0.0020092353789976244,0.0006127919341789768,-0.006883310223341561,-0.0007864122901056006,-0.00010982509085947634,-2.070000171661377,-0.36898397903684504,0.005342537359456249,0.0012351049619979853,0.00038491338676301866,-0.0019148592471877265,-0.00015826666928905756,-9.999752044677734e-06,-5.040000915527344,-0.06875853623046307,0.03770840989887934,0.006018623908902973,0.0019283905938836483,-0.04435492129044337,-0.003984525889743521,-0.0003352940496579219,-2.30999755859375,-0.05035966017841008,0.02653770606635796,0.0044441139406093955,0.0010386625906049166,-0.02738107469980368,-0.002587603342816094,-0.0003681148841235371,-5.3600006103515625,-0.09604014474933693,0.030993328579208647,0.006311913771349679,0.002122031630228875,-0.041057602008166466,-0.0038805561069112653,-0.0003063474988654937,-2.810000419616699,-0.4008559668855991,0.0059917559885676415,0.00126823939829847,0.00034867426577771385,-0.0016232721566933352,-0.0001309555193343828,0.0
1,GCO,CO,30,2,-1.6999969482421875,-0.04622069071951955,0.013932645718156837,0.002293098288300958,0.0006526049042650914,-0.01821701056683859,-0.0024232145015266287,-0.00038468546658707535,-0.4200000762939453,-0.024305559004898288,0.006770906676801794,0.001107131086967751,0.0002217448415170009,-0.006986836877990339,-0.0010654211489701726,-0.00021052092117517307,-1.4100017547607422,-0.0703593657856696,0.006234791515428526,0.0016707607897034327,0.0004891818866385056,-0.007305924227524948,-0.0012788689173282369,-0.0002272691521957749,-2.120000123977661,-0.35932204910339666,0.0024160819108851486,0.0007489609051043816,0.00047434822286704484,-0.0017710680461931747,-0.00020560242071359012,-2.6274909574850232e-05,-4.029998779296875,-0.05818652403980724,0.04547408375853276,0.005435507061324116,0.0014197252557334433,-0.0413690433343717,-0.004685208508458996,-0.0008285471561966314,-2.270000457763672,-0.053765996971372604,0.021050914583185525,0.003394312289423198,0.0009440902112362467,-0.023427333707289014,-0.003134707831593372,-0.0004938465398052531,-4.840000152587891,-0.091080169517855,0.026263323722381604,0.0047493564222961405,0.0015916984567877746,-0.03156165467445686,-0.0043502200778141355,-0.0005924410373932668,-2.7699999809265137,-0.38959211377079533,0.0025423691848099417,0.000748040521642896,0.0004681279367391812,-0.002095242965940085,-0.00021384792931708441,-1.9169536083210923e-06
1,GCO,CO,30,3,-1.9199981689453125,-0.04342904792367775,0.017894896970906668,0.0020773770999578385,0.0007063917564110342,-0.023686853111445416,-0.002588996568122755,-0.0003375354580919519,-0.5699996948242188,-0.026146775907001176,0.008460554200988906,0.0011516831124182801,0.00027078024470136397,-0.008233307210032376,-0.0008828886345291445,-0.00010012146185732983,-1.5900001525878906,-0.0643724738249227,0.006716046187481094,0.0013225567460426093,0.0005652044799612607,-0.006481736476605174,-0.0007375930773655172,-8.79696172138911e-05,-2.200000286102295,-0.2729528748842073,0.002649077799529593,0.0008830580180638009,0.0005679127870499252,-0.002537098558729887,-0.00026852613877417525,-2.235907138153172e-05,-3.8199996948242188,-0.04724798722225017,0.05659587844990175,0.0054604827513747775,0.0014809613460759299,-0.060123753623164314,-0.005668415684160851,-0.0005489006837093415,-3.1100006103515625,-0.0631087801823995,0.028376032692058843,0.0034711111558634444,0.0011821419418471299,-0.028847573075943503,-0.0029464088678106937,-0.0003484001841084209,-5.109996795654297,-0.07815841251640851,0.04756172310761378,0.005947921251569833,0.0017588038680781532,-0.05465409536835013,-0.005767253046284027,-0.0006577836433000079,-2.5199995040893555,-0.29268288090290917,0.0025540338721653376,0.0008088262906826203,0.0005298235476946574,-0.0029379544995020573,-0.0002837270686890997,-3.144454362363984e-05
1,GCO,CO,30,4,-2.1100006103515625,-0.044903182272463545,0.019451246056995147,0.00248436237669354,0.0007151886526503612,-0.029159669522784534,-0.002810076952469614,-0.00030189539242810926,-0.6299991607666016,-0.02720203648174883,0.007326171524605646,0.0008587175502098452,0.00023819744228774156,-0.008251520182399245,-0.0008072684428062435,-7.785263434891679e-05,-2.010000228881836,-0.07610754413081884,0.007231995376959144,0.0014952081754888123,0.0006193439745850421,-0.007800289797651624,-0.0007914671311105954,-0.0001352435381072603,-3.3499999046325684,-0.4219143426310373,0.003155707904522386,0.0010668026316424703,0.0007116533577274112,-0.0015779169534301412,-0.00014063644276361275,-2.9930774995402156e-08,-4.590003967285156,-0.05288632237430904,0.058285839078869604,0.007097287263456356,0.0016890549550301788,-0.0600552594186954,-0.0056190203867932335,-0.000671211268735055,-2.9599990844726562,-0.0580164456666961,0.026269526164630224,0.0037788925383590616,0.001073599521878457,-0.029028241574011487,-0.00297115571181554,-0.00028643041082382717,-6.400001525878906,-0.0916643018311749,0.04494684251277689,0.005970650747497421,0.00206797502574037,-0.04628883790818208,-0.004690166619498335,-0.00041812017451023473,-3.549999713897705,-0.43504899268148445,0.0027825488941468474,0.0009374912421865744,0.0006402168933121327,-0.0020957151107464525,-0.0001403724731512029,-5.977907676028042e-08
1,GCO,CO,40,1,-2.079998016357422,-0.053237727990895496,0.018232005351771007,0.0020939593031775775,0.0006761807357349692,-0.0194796052523608,-0.0019489262073970263,-0.0002584653164311976,-0.48999977111816406,-0.026329916982679103,0.006016397140499319,0.0006964619314506794,0.0002220565048328622,-0.005744527604158382,-0.0006818114594480615,-0.00010467664436876874,-1.7099990844726562,-0.07905682620526053,0.007018165422281874,0.001214472613832539,0.0005457690272851712,-0.005980522930611602,-0.0006848892222972777,-0.0001005141887461017,-2.1999998092651367,-0.39426520418372485,0.002463521995067971,0.000797234743484493,0.00048335161567526785,-0.0016078674510366525,-0.0001529903956628838,-5.622229399988636e-06,-5.55999755859375,-0.07632117604736613,0.039613871703464455,0.00578492800974051,0.0017929613622931608,-0.05583695998676155,-0.005891395183428764,-0.0006548291206975561,-2.9300003051757812,-0.06401573685540098,0.026947298628366312,0.0029284090614832142,0.0010721611023121976,-0.033899549146870614,-0.0033177632316439697,-0.0003776951277065754,-5.900001525878906,-0.10622977005082188,0.03250274144899029,0.004545820904051328,0.0017983641719428786,-0.030759833024745588,-0.0029645143847217823,-0.00031945573253730627,-3.0,-0.4279600430881198,0.0023574810380240906,0.0007377722547308304,0.000470509827410036,-0.001794096261119491,-0.00013871140434436362,-3.989112277460487e-08
1,GCO,CO,40,2,-1.5300025939941406,-0.04216044517484432,0.018653327623226832,0.0024618847922421735,0.0006913269512705043,-0.018817770389403098,-0.002077961811081094,-0.0002246686174320731,-0.46000099182128906,-0.02699536191938363,0.006266513094719497,0.0010243587256171236,0.00018489710640447792,-0.006262956053200191,-0.0006905323718674815,-0.00010807319197336351,-1.3600006103515625,-0.06886079039754747,0.007008395406738014,0.0012830743948313752,0.0005118307420221438,-0.005893787415136698,-0.0007069459795211656,-0.0001299242798322973,-2.190000295639038,-0.3775862454517547,0.002421004513487697,0.0007583043728725937,0.0004912896337816873,-0.0017580465016867161,-0.00019358192716353387,-1.5736842609983035e-05,-3.5699996948242188,-0.052300023192196246,0.03469013581841641,0.004572307123365359,0.001455458944262706,-0.050800522687465134,-0.004571731256024689,-0.0005260427523728365,-2.2900009155273438,-0.05503486858776077,0.02482837394165153,0.0025882743679381715,0.0008769391562655351,-0.025924154683031164,-0.002610904907091337,-0.00027842516290894394,-4.840000152587891,-0.09240168105941671,0.034740086869967254,0.005599098586861363,0.0017520058249829381,-0.02905468620446263,-0.0027178453002238445,-0.0003914114135856613,-2.8499999046325684,-0.4071428435189383,0.0024061338722181154,0.0007319420356848558,0.0004860347610690305,-0.0017212355645734312,-0.00016939652725142895,-1.4557095537172587e-06
1,GCO,CO,40,3,-2.3600006103515625,-0.053273152392680635,0.026042433808909273,0.0029248451804721283,0.0006421790045668067,-0.018999452712368442,-0.0019026779636615225,-0.00029966215294079134,-0.7600002288818359,-0.03481448609885343,0.0069584796116803046,0.0008993099963038759,0.0002429855931370637,-0.010292213748681075,-0.0010971876030064006,-0.0001496992506808617,-1.9799995422363281,-0.0800323185349342,0.007086456949094565,0.001376471586580692,0.0005619508673186427,-0.006227152011009172,-0.0006924136213574323,-0.00012394135392330895,-2.5900001525878906,-0.32213932398961825,0.00263041043474169,0.00098776040637193,0.000651036162134223,-0.0022290987616798265,-0.00019899978637695313,-2.3181185071463912e-05,-4.779998779296875,-0.059121816567836834,0.050948338214680824,0.005254225438118627,0.0014500347208529678,-0.05328562014485184,-0.005819574528342233,-0.0005593406090466289,-3.7099990844726562,-0.07528407419586365,0.02671993628641986,0.0032976676249664577,0.0011469884845798043,-0.03286707299781472,-0.0033472939267026516,-0.00035231632652764003,-6.1999969482421875,-0.09483018061641263,0.04586888301936552,0.0066743764261373755,0.001891034717354763,-0.042303182301785786,-0.004506982457884275,-0.0005240219197808839,-2.859999656677246,-0.33528719181812255,0.002730893557187847,0.0009085419515229927,0.0005792700113446791,-0.002940586970242616,-0.0002856973347313054,-2.1860651745832627e-05
1,GCO,CO,40,4,-2.6599998474121094,-0.05698371529610239,0.021714195869828673,0.003010791118918411,0.00098093759505422,-0.020256208973435885,-0.0019921584458258987,-0.0002541323895884188,-0.720001220703125,-0.031141920180267537,0.009168330031200657,0.0010732882201603085,0.0003069800489685139,-0.009381727903098512,-0.0008330778275658193,-0.00011687464452317545,-2.440000534057617,-0.09312978866432164,0.006772389700341352,0.0015996586817291537,0.0007770558279010571,-0.008603951637280541,-0.0008120543702937506,-0.00010714744511193781,-3.989999771118164,-0.49937420343127015,0.0027913145080378744,0.0011662634577204263,0.0008009359837113717,-0.0018105642355111522,-0.00015061812086642924,0.0,-6.1300048828125,-0.07112199453735721,0.05504978917843929,0.006396916563852327,0.0019816447770658694,-0.05793323313508014,-0.005667735909950243,-0.0005607953831147396,-3.3899993896484375,-0.06644451899710997,0.0298813084107057,0.0035328532167200996,0.001284629733481872,-0.03292155897666028,-0.003142874437128312,-0.00038055389749184067,-7.80999755859375,-0.11284493081789293,0.04019627355321514,0.006715713716179716,0.0025706424212062423,-0.04375558151460274,-0.004626655805817254,-0.0004897403142411598,-4.1399993896484375,-0.5079754090092856,0.0027098419833382894,0.001028665047627035,0.0007017504446828175,-0.002596846773816773,-0.00019018504340757853,-1.0000228881835938e-05
1,GCO,CO,50,1,-2.2099990844726562,-0.055667482166290624,0.018617462918522475,0.0029672088618973545,0.00045723898848699723,-0.0232094284563808,-0.0028217493486583163,-6.999969482421876e-05,-0.5499992370605469,-0.02922418947816481,0.0072887770487473184,0.0009158915022971375,0.00017410485250358648,-0.010026880757542066,-0.0008284302189601641,-4.278042442053348e-05,-1.7700004577636719,-0.08063783126386738,0.014487771099501372,0.0024191820887174164,0.00048394470705602033,-0.013727231822352673,-0.0011329100401231654,-1.988796563729645e-07,-2.299999952316284,-0.41071428419375905,0.007003845289329234,0.0011323054316687477,0.0002072522556415165,-0.0013220943794702788,-0.00012789948637988272,-2.9940041406935174e-08,-5.5399932861328125,-0.0746629853636949,0.04271568400360536,0.007101844145503559,0.0011562240775601688,-0.0351046403648372,-0.004592133119192659,-4.1874132022790933e-07,-2.9699974060058594,-0.06432743174773456,0.03443329711088461,0.004968049792201448,0.0008214259368366076,-0.0236783196242554,-0.0023105237537498617,-2.7392936224900283e-05,-6.310001373291016,-0.11164192006697453,0.042344843289188444,0.008683454574715218,0.001642448834828609,-0.027813402776166934,-0.0034310642337630082,-0.00013000106811523438,-3.119999885559082,-0.4431818043274327,0.005874866093875888,0.0010384648075458492,0.00016902467076144946,-0.0013446315171852731,0.0,0.0
1,GCO,CO,50,2,-2.5,-0.06745817343120065,0.01903855190402149,0.002943203690602329,0.0008690176274133681,-0.01592591939803538,-0.0022757709293196884,-0.00033528199214160747,-0.6700000762939453,-0.038439475878551246,0.006217677728592807,0.0010444608512261092,0.00023881567647538092,-0.0067133345482980646,-0.0008762786727438143,-0.0001344091763580307,-2.0,-0.09920634995722658,0.006877104795072744,0.0016903624112690572,0.0006496308757452074,-0.0067064908842245086,-0.0011378597365644463,-0.00017488736380598464,-2.6999998092651367,-0.4568527714002263,0.0022888903005481042,0.0008633654259416083,0.0005768647536643368,-0.0017043710667800454,-0.00017140370058523754,-9.999752044677734e-06,-5.869998931884766,-0.08425432878081024,0.0399993896484375,0.005515959885920665,0.0018177256343327984,-0.037849505396008086,-0.004070303472059275,-0.0005725987134696412,-3.1399993896484375,-0.07423166539675423,0.01927135546819121,0.003379610219793153,0.00113578686487244,-0.026039548418283855,-0.0027748095624196196,-0.00034012874482532466,-6.590000152587891,-0.12340823903149555,0.02904336824762563,0.004756009326502096,0.00206058410541619,-0.03079444155331684,-0.003345845275330153,-0.0004419794098138428,-3.4100000858306885,-0.4836879423509979,0.0025825137492016727,0.0008474297632033449,0.000556986697940562,-0.0019286952359790707,-0.00017118976281911671,-9.999752044677734e-06
1,GCO,CO,50,3,-2.1800003051757812,-0.04931011875866418,0.02428771677012199,0.0025728433450449293,0.0007700383282755691,-0.021720415519110487,-0.0025946252067869623,-0.000389037800836363,-0.7899990081787109,-0.036238487881948764,0.008459970369397128,0.0010830930006696976,0.00031437731255982797,-0.00865862695919358,-0.0008750947016486163,-0.00012283178257552012,-1.9799995422363281,-0.0800323185349342,0.006911035349136422,0.0015312275619017107,0.0006249576211784324,-0.005656462452228906,-0.0006686896266489858,-0.00015036689025137718,-2.8700003623962402,-0.3578553863569881,0.003370842578144458,0.001116741169331479,0.0007237009869013341,-0.0023899591686431664,-0.0002237431852528118,-3.262271387395703e-05,-4.540000915527344,-0.056153382822642005,0.04766014793309241,0.006081879459381254,0.0015026844282503191,-0.053920704364138546,-0.0053409066679577875,-0.0007943731416058413,-3.979999542236328,-0.08096012112672625,0.026947105185727557,0.0038260231768724303,0.001369394195886486,-0.026470375428740187,-0.002543428745139613,-0.00037028069260448533,-6.359996795654297,-0.09727740995464489,0.040954201056463704,0.005667583338775808,0.002031460170270461,-0.04631868668439234,-0.004855807665170249,-0.0006107297596927835,-3.0500001907348633,-0.3600944621699254,0.002818877945685223,0.0009283497545151198,0.0006355578338080255,-0.0031437622326034834,-0.00024043397879672644,-1.537056818972108e-05
1,GCO,CO,50,4,-3.1500015258789062,-0.06838908883979125,0.021229546819448195,0.002716141836815461,0.0010871484280232876,-0.02046145851453527,-0.0021291487551173384,-0.00023611401656668975,-0.8099994659423828,-0.03546407445407156,0.009122222473911321,0.001311160699736787,0.0003359792244513388,-0.008158627775516266,-0.0007825758580559381,-8.489782345866341e-05,-2.760000228881836,-0.10652258761620582,0.00843196246278572,0.0018444694230815954,0.0009146503695680975,-0.007506295681871122,-0.0007191214292429975,-9.980661353385886e-05,-4.200000047683716,-0.5303030312152532,0.003020384216813422,0.0012068040781462706,0.0008436580024594033,-0.0017354236667570964,-0.00015011699675137962,0.0,-6.75,-0.07939308711500025,0.06149906405246238,0.007525620620526287,0.0022349438212137785,-0.05479442387028261,-0.005785893437011932,-0.0005467734859784789,-3.8499984741210938,-0.07634341564193797,0.024392467042278966,0.0037027458593818785,0.001405104472241402,-0.02887518282821197,-0.0027184133258085033,-0.00026247101696338975,-8.770004272460938,-0.1281976875162547,0.04682825339755801,0.0062020673686119425,0.002783091764381326,-0.04287234577817061,-0.004239077059368418,-0.0003102904005013783,-4.440000057220459,-0.5434516543155922,0.002573236282996273,0.0010581828857146932,0.0007485154151196401,-0.0025288241995296014,-0.00016116515630592326,-1.0000228881835938e-05
1,GCO,CO,60,1,-2.6000022888183594,-0.06496757269061881,0.016916055552037568,0.002788559466279,0.0008670398843766497,-0.01811515637914851,-0.002535314763102593,-0.0004161683176427504,-0.7299995422363281,-0.03846151527094903,0.006497759892767062,0.001048674526517318,0.00029561964333027767,-0.006693989678611928,-0.0009858437436287037,-0.000193939105597072,-2.0799999237060547,-0.09403254271206168,0.006553944705649921,0.0015045398334298668,0.0006928908234678955,-0.006669065242168282,-0.0010862635743660745,-0.00016198287855109604,-2.5500001907348633,-0.45293075291315316,0.002266524247712644,0.0008477486101501477,0.0005470134553008305,-0.0018558629346843007,-0.00016443180294123546,-1.9114103163656857e-05,-6.400001525878906,-0.08572195569187957,0.038049835847525554,0.0060328335378467095,0.002045955765109025,-0.04403390227470053,-0.004307027063772331,-0.0005412211370863163,-3.6100006103515625,-0.0780203279584329,0.027006558292526402,0.003295556967488963,0.001285427705599896,-0.03084709778895811,-0.0032241846411167293,-0.0003648954130928823,-7.0800018310546875,-0.12431960906420286,0.04203006240378944,0.005994018372644366,0.002362527275955184,-0.037479138101606586,-0.003564419043331413,-0.00038347010579008526,-3.359999895095825,-0.4799999850136893,0.0024269581716175838,0.0007965162424324563,0.0005205857543448883,-0.0017948577392878904,-0.0001272989823886589,-4.975949470822093e-08
1,GCO,CO,60,2,-2.4300003051757812,-0.06443915046861802,0.014119207354476684,0.0020506299201837135,0.000727640097272129,-0.017876962985510003,-0.001917898554992634,-0.0004194943608983706,-0.6899986267089844,-0.03911556976095428,0.006471300528912979,0.0009370153025071222,0.0002244657276452784,-0.0064678908067512236,-0.000903920784617338,-0.00016014037051818427,-2.030000686645508,-0.09926653354088767,0.006948184375899015,0.001634987327433151,0.0006071795631935211,-0.007201061824420206,-0.001070696371234958,-0.00024507927701148855,-3.0799999237060547,-0.5167785073812952,0.002293392910961936,0.0008639555848223882,0.0006162700730482736,-0.0016034727285178087,-0.0001659819069942956,-8.396339511145359e-06,-5.649993896484375,-0.0799150514903219,0.04253707358380862,0.005501782500009078,0.0016274859272606024,-0.04271413797741103,-0.004520508966985981,-0.0009124147980960859,-3.470001220703125,-0.08066018558298052,0.021173815293184163,0.003449958949756927,0.0010426606835329372,-0.023874363852417046,-0.0023685417049216103,-0.0004482797006460441,-7.069999694824219,-0.13046687348206687,0.031285908853395016,0.0046606907399950916,0.001977499990100531,-0.03970911719753566,-0.004010335531039596,-0.0006319079171835702,-3.8499999046325684,-0.5422535149782949,0.0023187993147258694,0.0008503221025948538,0.0006010842695599915,-0.0020088827814123637,-0.00016993162572258633,-9.999752044677734e-06
1,GCO,CO,60,3,-2.6000022888183594,-0.05906411317085311,0.023004861069046166,0.0024107635856959577,0.0007916584111833534,-0.01982037299546508,-0.0020119918079930747,-0.0003461176757033191,-0.9500007629394531,-0.043638068119592595,0.008883905601059342,0.0009249844826471011,0.0002957287261352781,-0.007707942102040616,-0.0007639227033456877,-0.00012014115991449731,-2.339998245239258,-0.09500602212632905,0.006986556872226131,0.0016415949026046595,0.0006934971979039425,-0.007013721940183361,-0.0007947174727182429,-0.00013818511492628624,-3.1700005531311035,-0.395261891794834,0.002977199938529741,0.0011569856584045344,0.0007786762818191185,-0.002621584375885869,-0.00022266640708647914,-2.577926993898565e-05,-5.430000305175781,-0.06760458572966961,0.05181114221633682,0.006919249294015233,0.002003129388261536,-0.050536273656137436,-0.004821545355706957,-0.0007321375561807563,-4.560001373291016,-0.09275836833695728,0.02718067818302937,0.003910046031436605,0.0014324090519195589,-0.027555787972815916,-0.003170910209106231,-0.00036825018373502023,-7.5200042724609375,-0.11535517703377952,0.038979404422703416,0.006608032836940253,0.002261939887680384,-0.056618825644329435,-0.005326022065218412,-0.0006243382118026419,-3.440000057220459,-0.40233917900354976,0.0029580481324105205,0.0009717958771027461,0.0006626362709593459,-0.002870916562387307,-0.00023465511098072237,-1.2028604540305037e-05
1,GCO,CO,60,4,-2.979999542236328,-0.0645440688849913,0.019471698494244988,0.0031740334383773302,0.0009592890251712569,-0.024277449211734005,-0.002562739634989612,-0.00027753816367188477,-0.8500003814697266,-0.03710171921130509,0.007960445433602916,0.0010516443412746878,0.0003258371549729993,-0.0073367975975482235,-0.0007713792925853488,-8.110590992324866e-05,-2.770000457763672,-0.10657947218767899,0.00907244934046328,0.0020433846090570015,0.0008452009746351394,-0.0076859984700672485,-0.0008243846687221695,-0.00013148655093205054,-4.069999933242798,-0.5087499916553497,0.0030684858551575395,0.0012750605198853205,0.0008507932317427375,-0.0015367985573613145,-0.00013706185434131092,-3.989917051436117e-08,-6.790000915527344,-0.07959208896781113,0.05188747703210808,0.006435217052265364,0.0020060591583519697,-0.057226347190437774,-0.005765245349960006,-0.0005757678779174604,-4.279998779296875,-0.0844847767901348,0.025341205150923703,0.0038350039598299135,0.0013621729588446949,-0.02884869268795282,-0.002988089076820361,-0.0002887758309510458,-8.859996795654297,-0.12876031260006582,0.03843404488468316,0.0073032274347927615,0.0026245489184350008,-0.04598739648241664,-0.004275949620686559,-0.0004832665548471221,-4.309999704360962,-0.5230582310776081,0.0024554780630837553,0.0010767894956142637,0.0007395910688386113,-0.002270757150063551,-0.0001667388435906904,-1.0000228881836145e-08
1,GCO,CO,70,1,-2.6199989318847656,-0.06733484816651884,0.015212727296977197,0.002204762003836108,0.0006915210689437854,-0.02169716120764747,-0.0020542087479940483,-0.00030380065250310185,-0.7199993133544922,-0.03879306756854663,0.006244755538004008,0.0008739990356962538,0.0002780902366081592,-0.007196040585699161,-0.0008313889701521069,-0.00010486174267332996,-2.1700000762939453,-0.10078959624185889,0.006259550799348374,0.0015375851093168613,0.0006393373000796891,-0.006593363705243841,-0.0007132205041737448,-0.00012599143369502674,-2.6000001430511475,-0.4684684781437615,0.0023523211674421757,0.0008043062769713786,0.0005458712295730126,-0.0017247521595240695,-0.0001810921577539877,-1.3237996774942729e-05,-6.849998474121094,-0.09431362705715554,0.035477644216114546,0.005232676636754197,0.0018132550027047188,-0.043848342156817106,-0.004628269962078303,-0.0005899151014623716,-3.700000762939453,-0.08119378511559863,0.025602392454710358,0.003401601992155688,0.0013062385509370331,-0.03575517091620595,-0.003279895122966432,-0.00032648964696083886,-7.430000305175781,-0.13411552528035614,0.03471944767603391,0.004816660469522095,0.0021450840666543494,-0.033605433973637994,-0.0036694193174026625,-0.0004892466578511748,-3.4300003051757812,-0.4893010261317638,0.0023176772562341946,0.0008082920124832476,0.0005196583867562179,-0.0016764970912366906,-0.00012056736089796285,-2.991938800450362e-08
1,GCO,CO,70,2,-2.729999542236328,-0.07295563003265838,0.01470757783377145,0.0023387614311067392,0.0008890473737237028,-0.018007206309109357,-0.0018988227061959456,-0.0002642629552243341,-0.6700000762939453,-0.038285718645368304,0.006768398947602165,0.001048243573879018,0.0002472151484749653,-0.00736402498343047,-0.0007403582167281316,-0.00012265318063467464,-2.25,-0.1105108021880923,0.006053309101013839,0.0014020937472852225,0.0006905570413660539,-0.005592224278453127,-0.000843186879567233,-0.00013475677060340252,-3.1700000762939453,-0.5372881398396874,0.002434873465076864,0.0009216429496479421,0.0006595126878470425,-0.0019479517716942288,-0.00017238331475826933,-4.852450941260165e-06,-6.479999542236328,-0.09220261318708517,0.038438886288556906,0.00588899807357002,0.0019605738174637687,-0.044726023047466514,-0.004408013318251334,-0.0006341321566767535,-3.509998321533203,-0.08210522389551353,0.02547088145383243,0.0030169957397238145,0.0012247910792662806,-0.024909393647791614,-0.003022731975642133,-0.0003165088702738104,-7.629997253417969,-0.141505888585367,0.03643610398863005,0.005223837207455847,0.00222630170438768,-0.03074572121326257,-0.0037281207856931873,-0.00047733159753355063,-3.9600000381469727,-0.5625000084665689,0.0023872866626966213,0.0008972469470948748,0.0006336405679066267,-0.0017227501363230413,-0.00015732071628403812,-5.98515697124225e-08
1,GCO,CO,70,3,-2.6199989318847656,-0.05914218909721614,0.019132731142244463,0.002292212577191461,0.0009494478395626052,-0.02604979684795566,-0.0027829865936742026,-0.00037254286824959577,-0.9499988555908203,-0.04337894393326823,0.007323472565605823,0.0009854504320074378,0.0003523882403180165,-0.008911792124552413,-0.0007353865822578066,-9.4443454666909e-05,-2.3900012969970703,-0.09644879865903697,0.006777869778961642,0.0016686560213213524,0.0007712927737302797,-0.007040810819517663,-0.0006670557040516973,-0.00011381329399698374,-3.4200000762939453,-0.419117664245861,0.0027692679039499945,0.0012091904202943442,0.000864100939123065,-0.002369413331864729,-0.0001991366767527458,-5.934023026176417e-06,-5.5200042724609375,-0.06805577895355673,0.053315516046851225,0.005356244502447353,0.0018434860180619075,-0.061622426412799344,-0.006005634870167207,-0.0007259247964651831,-4.829998016357422,-0.09733974446447977,0.025753138430783928,0.004406455735876009,0.00155854873488378,-0.03602244972728377,-0.0036644411587209297,-0.0003116498710948048,-7.739997863769531,-0.1180597643685384,0.04246495917435079,0.006979639770389326,0.0024300608211825876,-0.04682770841977598,-0.004516460808348064,-0.000522436031354529,-3.7300000190734863,-0.4262857164655413,0.002884268121961574,0.0010402303475889668,0.0007241416705400496,-0.0026772369134558257,-0.00024696946805765246,-5.7126399423825315e-06
1,GCO,CO,70,4,-3.3500022888183594,-0.07129181036725735,0.022003895622514764,0.002999912575291549,0.0011722177877449623,-0.021670790407181492,-0.002449341760144571,-0.0002615960467303053,-0.8900012969970703,-0.03849486438974457,0.007525433177302143,0.0011808195203623782,0.0004017468230489179,-0.008193175816911204,-0.0008927625904260164,-9.809596714358401e-05,-3.049999237060547,-0.11548652990088576,0.007588539657700427,0.001968285575653259,0.0010027820921447044,-0.008973368522073939,-0.0010212065856737443,-0.00011850709128214301,-4.370000123977661,-0.5545685355980112,0.0028096285109423694,0.0012726573832463014,0.0008822414403165767,-0.0015883564611321966,-0.00013638850245352026,0.0,-6.989997863769531,-0.0805392071671124,0.05504650402984378,0.008181698300592177,0.002446797984846356,-0.05674081283872051,-0.005350166774204982,-0.000561108637590684,-4.420001983642578,-0.08683697153516454,0.03463953382107311,0.004114943260564815,0.0016305569190360495,-0.03229841740157641,-0.0035816086395058016,-0.00028885738958932283,-9.389999389648438,-0.1344886770365386,0.03983791483991163,0.007499604132841318,0.0030637295567297186,-0.0524863039682304,-0.00455246595642076,-0.0004610781040555325,-4.56000018119812,-0.5636588498381465,0.0026534856228503647,0.0010664475339748495,0.0007671205698552298,-0.0023093339980112494,-0.00015719281342693012,-6.979912513317121e-08
1,GCO,CO,80,1,-2.6399993896484375,-0.06757101126873492,0.015272901247527983,0.0023991948360050533,0.0007932768533969708,-0.021814915048789164,-0.0021558378462411183,-0.0003709888626633726,-0.7700004577636719,-0.041198525187869754,0.006285964502415267,0.0010042466481385995,0.0002678362077081534,-0.005963474605344394,-0.0007748231440494065,-0.00011144684675215214,-2.270000457763672,-0.10480149925000515,0.006430379434691307,0.0016415588672951662,0.0006724904622433678,-0.006518278090834769,-0.000786596533247093,-0.00014625854006830163,-2.830000162124634,-0.5099099215976639,0.00240491254270285,0.0008515876862693486,0.0005641744617012198,-0.0018782802043195788,-0.0001821628465813651,-8.957065590137989e-06,-7.480003356933594,-0.10235362848273813,0.03918007680698584,0.005820792978742327,0.0020841131257845345,-0.040382712786578186,-0.0037462653507716382,-0.0006426890716752312,-4.159999847412109,-0.09088922450964222,0.025843836444780215,0.0032898297251352238,0.0013220015396044344,-0.026720896537080097,-0.0027313755437517327,-0.00034499368563006285,-8.129997253417969,-0.14603911479833975,0.024888496639436385,0.005341860323297153,0.0022451297830803876,-0.027846723288170266,-0.0031959929997181233,-0.0004186198767945449,-3.6700000762939453,-0.5303468259872389,0.002244154699281374,0.0008184155463802803,0.0005291176032383925,-0.001690193139795816,-0.00010955392503836013,0.0
1,GCO,CO,80,2,-3.240001678466797,-0.08542055503291622,0.02024612390101367,0.0029713711160727846,0.0010420755726346486,-0.021682532326260783,-0.002172226760622052,-0.0004214831382725943,-0.9400005340576172,-0.052898171628742593,0.005586564447410118,0.0009517684249152759,0.00026178544762210903,-0.0058298880788971935,-0.0006710287006636633,-0.00010702204974022385,-2.5999984741210938,-0.12602998448326058,0.005868159993929935,0.0015389466539534936,0.0007671368288295161,-0.006871932474098396,-0.0009155461432451901,-0.00018621543414255114,-3.5900001525878906,-0.595356555170334,0.0024783910272025865,0.0009875358887529776,0.0006871983765924024,-0.0016310903636231635,-0.00015995555401749392,-4.627047574679514e-06,-7.530002593994141,-0.10556571429549341,0.03710443825375568,0.005800444633884554,0.0021629696794788784,-0.04519255931532022,-0.004895113587312436,-0.0006047727742493017,-4.280002593994141,-0.09886815669849018,0.021669089309913188,0.0035609343484612785,0.00126125340946146,-0.025652880377190775,-0.002501747488882381,-0.000322890422396733,-8.700000762939453,-0.15936986148784654,0.021276176062033338,0.005204478674008906,0.0025005994494638898,-0.02875605347782853,-0.0027192714918880395,-0.0005167949122407936,-4.440000057220459,-0.6192468633159934,0.0024587895529733167,0.0009381965775498954,0.000644353417389711,-0.0016732821933313972,-0.0001241388663851796,0.0
1,GCO,CO,80,3,-3.0,-0.06714413562017091,0.017803509431620426,0.002588692576343981,0.0008633518436985824,-0.02336816921201586,-0.002119812469717586,-0.0002773376048359976,-1.1500015258789062,-0.052201610986604835,0.007816978057762066,0.0010258831451646175,0.0003488725583266508,-0.008249598223834184,-0.0008050221484204458,-9.870200920704914e-05,-2.6599998474121094,-0.10648518399348111,0.00778118317694663,0.0018239020746711686,0.0007759593480296283,-0.007236312050710288,-0.00079196755644653,-7.22179512874653e-05,-3.5799999237060547,-0.4403443878613332,0.0028632056831134943,0.0012407228538799178,0.0008771779690681957,-0.0022100847893092804,-0.00015016354601472002,-8.814346485288991e-06,-6.290000915527344,-0.0770361395955851,0.0494666657595903,0.0067168253559869205,0.001772839649792787,-0.05510738363240192,-0.005354418437802359,-0.00048424990547842175,-5.480003356933594,-0.10942498315835594,0.024240844801751354,0.004468729662872616,0.0016495160775547423,-0.03133455975912861,-0.003164825583726119,-0.0002490640416878037,-8.400001525878906,-0.1274078793720174,0.0446524479406562,0.006087391564070802,0.002428246815847651,-0.04159781990450011,-0.003902264061245848,-0.00034756200032144653,-3.8600001335144043,-0.4431687849149089,0.002747432943805392,0.0010550633875093737,0.0007392017299563541,-0.002462791031139868,-0.00026061798492319724,-1.0696900726512106e-05
1,GCO,CO,80,4,-4.159999847412109,-0.08871827471873421,0.025654747045294694,0.003236333163244438,0.001278591652035334,-0.02781302762520232,-0.0028603900680648727,-0.0002823152118144324,-1.0600013732910156,-0.04570941564810496,0.007243060126048074,0.0011404762722691027,0.0003828739757400541,-0.008220047436871353,-0.0008222451061408202,-0.00010415171002661495,-3.6000003814697266,-0.13672618275355514,0.007097549333680749,0.002276658647311825,0.0010711479416430265,-0.008484719013575857,-0.0008205326687974301,-0.0001001367979428847,-5.089999675750732,-0.6386448945726177,0.0028125925694922095,0.0013565123398040174,0.0009217158250675297,-0.0019135084629538963,-0.00014911947654838647,-2.996926687765216e-08,-8.970001220703125,-0.10371142839929054,0.0494992101045122,0.007343406200415775,0.0028313456291623523,-0.05973322316075998,-0.005741200693151794,-0.0005661479457303113,-4.869998931884766,-0.09522876398138033,0.023851811300000962,0.003886911197897207,0.0016255831546167338,-0.02684071514753894,-0.002758710424040554,-0.00027772871993674003,-11.650001525878906,-0.1673369874500739,0.058268587554828284,0.008244944347589466,0.003489927973184094,-0.05670064450094551,-0.005598974284826944,-0.00046262809033332966,-5.350000381469727,-0.6508516067729437,0.00305799721764414,0.0012075521464889583,0.0008043287453785949,-0.002181571372517644,-0.0001326367764734911,-9.999752044677452e-09
1,GCO,CO,90,1,-3.3400001525878906,-0.08516063357042425,0.014834884048358084,0.0026850797347205005,0.0011419068422489245,-0.017995194572525502,-0.0019619715709741047,-0.0002552635601699041,-0.8199996948242188,-0.04399140137738408,0.007362475360250044,0.0011237932249697422,0.0003273174856707326,-0.006536351397757554,-0.000671016751402903,-0.00012711838657021685,-2.6599998474121094,-0.12263714992700808,0.006571669119396953,0.001727175048153416,0.0008553742088590183,-0.005670063220547823,-0.0007660572639225751,-0.0001276692783913249,-3.130000114440918,-0.5660036158568957,0.0024283608660170875,0.0008940126964706956,0.0006131732333735813,-0.0016860055062064944,-0.00017115340387249768,-1.1530124984213937e-05,-8.930000305175781,-0.12219485606773833,0.03606906569259123,0.0058084138097106094,0.002551717643969634,-0.04888422637654914,-0.0045327289020054475,-0.000558201232094065,-4.319999694824219,-0.09459163275731708,0.027047656853557644,0.0038304334808398005,0.0015492938198156073,-0.023368488885560215,-0.0027859694358268856,-0.0003428776655370293,-9.40999984741211,-0.16860776950124662,0.030464446953560247,0.005521036996404934,0.0026464091591731735,-0.03166551556305642,-0.003232757708360313,-0.00037862921530349233,-4.079999923706055,-0.5904486271782005,0.002322856961274841,0.0008623543684970151,0.0005786748637921069,-0.001715614495619566,-0.00014068188191779715,-4.9919288079750505e-08
1,GCO,CO,90,2,-2.8800010681152344,-0.07547172640543255,0.014310625605759318,0.002872230488054959,0.0009443453291724282,-0.01762764688800298,-0.0022030725801595622,-0.0004164445331723185,-0.7999992370605469,-0.04484300617814166,0.007301554122156162,0.0012863492387722587,0.0003689179485488722,-0.00644429648805888,-0.0009242649905642224,-0.00016642259339975804,-2.4599990844726562,-0.11872582847467245,0.006833300533420997,0.0018455196312600407,0.00079105580173095,-0.006041299394850575,-0.001047893748026635,-0.00021192257410807143,-3.4800002574920654,-0.5771144504823607,0.0023721915271161945,0.0009725566834198992,0.0006945371926991996,-0.0017194829443184544,-0.00021900581680814782,-9.999752044677734e-06,-6.680000305175781,-0.0933612860972711,0.03837315277098676,0.006006524414624831,0.002055499926489986,-0.04461352064335413,-0.004215379978580031,-0.0007363752190769076,-4.040000915527344,-0.0935185380596843,0.021199737386864363,0.004065568175738214,0.001428038410816387,-0.025856383335110575,-0.0029784655061369596,-0.0004250863270891744,-8.220001220703125,-0.15021931720266693,0.027236866691146607,0.006836483293499775,0.002497153516001318,-0.037544141467775585,-0.0042595411704769255,-0.000691226313292004,-4.210000038146973,-0.5946327801573239,0.0023420792211391334,0.0009186274731025345,0.0006582945494695934,-0.001976022905269352,-0.00016581406702266722,-3.9990438461305026e-08
1,GCO,CO,90,3,-2.770000457763672,-0.06172015133332081,0.02249838450208981,0.0027730245938228813,0.0010695643410714927,-0.029071113375334117,-0.0027022726239190587,-0.00037775436968784024,-1.0799999237060547,-0.04924760185485086,0.008060494640749172,0.001319357121948783,0.0004104701041334897,-0.007264731333505966,-0.0007263805471675431,-9.912922671572472e-05,-2.6000003814697266,-0.10375101503905612,0.005833293552180046,0.0017262439066854547,0.0008451786394241742,-0.007751483018218299,-0.0008596695606380787,-0.000158071897981001,-3.6599998474121094,-0.4552238637782987,0.0030608773729047085,0.0013000433858232348,0.0009206503583324127,-0.002315281618309806,-0.00016034155303747453,-8.279530891606148e-06,-5.849998474121094,-0.07141111578221133,0.05498938137186001,0.006156035532047637,0.0020559728830409603,-0.04773308277466263,-0.004562427469917719,-0.0006934622990885612,-5.30999755859375,-0.10579792197419975,0.026325045742033322,0.004413177581837284,0.0018345352430775381,-0.029229307085138462,-0.002914699800966099,-0.00033034370995572835,-8.139999389648438,-0.12312810943120563,0.049070521074332005,0.005981792605867377,0.0026605828408503744,-0.04142647912595483,-0.004688274383719196,-0.0005823461313894398,-3.8399996757507324,-0.45017582602117784,0.0028314001545864604,0.0010710678941105248,0.0007651401024414765,-0.002674267653337234,-0.00016552082633866264,-1.0000228881835938e-05
1,GCO,CO,90,4,-4.1399993896484375,-0.08966860632091314,0.020060269071611687,0.003363067354333789,0.0013062572617718398,-0.021393751267104726,-0.0020699288237462313,-0.00029691849813320663,-1.1200008392333984,-0.04880177786494975,0.006630697971023945,0.0012600964771133558,0.0003867300411657934,-0.009015767457786598,-0.0008729233033681102,-0.0001021921708589306,-3.559999465942383,-0.1373986679624761,0.007204473623952389,0.0019936749291787595,0.001052405584329962,-0.007159807107145098,-0.000780290546733968,-0.0001010782234368043,-4.789999723434448,-0.6010037452358911,0.002707294535825186,0.0013075864253212163,0.0009336940890784768,-0.001564556798531355,-0.0001340014086023493,-3.989112277460487e-08,-8.709999084472656,-0.10244647645705333,0.05162850944873357,0.007290094603369092,0.00251029286286164,-0.05868604689454732,-0.005680707810332504,-0.00048826558298691985,-5.079998016357422,-0.10049452211728303,0.02270844365393161,0.0044329942541828735,0.00168738866611615,-0.03250194653809913,-0.00294062251878346,-0.00029416591717437365,-11.520000457763672,-0.16790555830465315,0.04211045836650114,0.007567468549495445,0.0031989485672569125,-0.04021253225551296,-0.004173547039310843,-0.0004432810598561516,-4.950000286102295,-0.6051344867273722,0.002817615614994826,0.0011411017148207298,0.0007953757756984292,-0.002283347362699601,-0.0001965218717076988,0.0
1,GCO,CO,100,1,-3.1199989318847656,-0.07874808218063584,0.016881096088269057,0.002554624968686217,0.000951240182687506,-0.018509373558118887,-0.001661248757998749,-0.0002600141271040668,-0.7800006866455078,-0.04137934593424616,0.006687412518547574,0.0009225180912082014,0.0003021417349479089,-0.007272487492813582,-0.000682730631636916,-0.00011413905407170168,-2.6200008392333984,-0.11952558531543431,0.006320902099046616,0.0016034850530594912,0.0008076056637792578,-0.006771012990689143,-0.000700319318970213,-0.00011010719922884625,-3.1700000762939453,-0.5670840768808197,0.002311751380864903,0.000898554567715916,0.0006299942938270051,-0.001684182784632488,-0.00013249026176439553,-9.999990463256835e-06,-8.370002746582031,-0.11315401660747018,0.040239888753644336,0.006070423279866757,0.002451237377085144,-0.047877080523885125,-0.004873613727598055,-0.0005316480014663507,-4.200000762939453,-0.09116563470286514,0.02780746641553567,0.003901419265579672,0.0014966282214564728,-0.02729292992168005,-0.0028268084132315094,-0.00033083987426286423,-9.049999237060547,-0.16051789758086085,0.023725627664925593,0.005709371364878077,0.0026426659296556613,-0.031701423481765155,-0.003506247352743485,-0.00040111529108154137,-4.190000295639038,-0.5977175690203058,0.0023019478229686086,0.0008696011419786127,0.0005826353764531306,-0.0018113956738637091,-0.00013167827351410962,-7.971209710225594e-08
1,GCO,CO,100,2,-3.359996795654297,-0.08979147407983422,0.019697406654628897,0.0026719269112120384,0.001046815301922629,-0.0154066611565792,-0.0020161680975687474,-0.00035740958000049126,-0.8500003814697266,-0.04851600224091685,0.0058731000126484925,0.0009223837035245303,0.00027063398919370253,-0.0063296911712095874,-0.0007629162633901985,-0.0001461098353404987,-2.6700000762939453,-0.13133300965636294,0.0061963945358283635,0.0016602667199907932,0.0008134972099570041,-0.005652645279668882,-0.0008009486940460651,-0.00017356574623018025,-3.489999771118164,-0.5865546021839624,0.0023070275299781084,0.0009572113188644556,0.000687984795088478,-0.0017032826142321482,-0.00017056376658573823,-1.3497255791005869e-05,-7.689998626708984,-0.10941944735739394,0.04492337784428569,0.005956731757993735,0.0022416265331003057,-0.041768860880964244,-0.004735224749662537,-0.0006403109036054577,-4.369998931884766,-0.10200744435853559,0.02054645760188159,0.003619547891828474,0.0013841742693844138,-0.02329061043186198,-0.002178706049261592,-0.0004108037051201864,-8.889999389648438,-0.16527234129646942,0.027100236014826792,0.005859234035209991,0.0026110725281940804,-0.031103806511081675,-0.0033627325485327654,-0.0005662733484981697,-4.3500001430511475,-0.6100981869889132,0.0025003628375021773,0.0009487148020998015,0.0006539046380355843,-0.0021942463307978383,-0.00018715968236616238,-9.999752044677452e-09
1,GCO,CO,100,3,-3.240001678466797,-0.07392200645931007,0.023633433980764507,0.0030891853156573097,0.0012000942376754428,-0.018000762046411323,-0.0018636567888580837,-0.000287054941697633,-1.1800003051757812,-0.054604362417766006,0.009490826874663362,0.0012233100793695591,0.0004371020235181203,-0.008625872824197066,-0.0008502516931481593,-0.00012281639583684625,-2.9099998474121094,-0.11872704284935315,0.007741484020501567,0.0017960283570891595,0.0009395850252362653,-0.007076519183408914,-0.0007210954592782003,-0.00010255451357273846,-3.8600001335144043,-0.48370928875794256,0.002901389961129771,0.001316983589827391,0.0009354288190141677,-0.0016952207547287635,-0.00013777610100252084,-1.0000228881835938e-05,-6.9799957275390625,-0.08718456083427423,0.04928460401035141,0.007907280592345614,0.0024076893658311854,-0.05273654253609017,-0.005220227800476807,-0.0006017377798079771,-5.630001068115234,-0.11529799010850521,0.028914956497774237,0.0044493976288907736,0.0018909691028237677,-0.03128349643814816,-0.003047656381496288,-0.00030987022415901114,-9.290000915527344,-0.14329786600557018,0.032683280135764825,0.006335927527476406,0.002909055944401058,-0.036626878015123654,-0.003706334086150701,-0.00038164954337249513,-4.12000036239624,-0.48356809167093134,0.002705079182268726,0.0010628381818990234,0.0007598026687790318,-0.0030535550865721742,-0.0002721443061334185,-4.348847860147264e-06
1,GCO,CO,100,4,-4.530002593994141,-0.09748229987082403,0.019469325580188095,0.003069532545004871,0.0013426266023808292,-0.02208859476107381,-0.00217507976355028,-0.00025518114018734686,-1.25,-0.05439512728024862,0.0075023674264719144,0.0012303908867815825,0.0004720042194786812,-0.007352876055857046,-0.0007407208811342261,-0.00011053652865252363,-3.8799991607666016,-0.14883004243137424,0.008434496023566412,0.002275148534849771,0.0011436166562283079,-0.008436617541503419,-0.0008452936905995305,-0.00013223756032294768,-5.019999742507935,-0.6346396762763924,0.0028358965918276738,0.001315032698651923,0.0009180533467721005,-0.0015844314867990423,-0.00013417787422031514,-1.0000228881836145e-08,-9.769996643066406,-0.11413547683672107,0.044798244193005717,0.0077251330704413475,0.002902176975562881,-0.06526099747251327,-0.006642601076620023,-0.0007741279828807335,-5.3899993896484375,-0.10639556663804012,0.02543747724659496,0.004794820289913852,0.0018346959039076264,-0.027948179232661366,-0.0027600939573156347,-0.0003396558670612485,-12.490001678466797,-0.18098828129016253,0.043721938976952396,0.009067980774821908,0.003540972891699793,-0.04112450793919808,-0.003954982186795087,-0.00045006194726298265,-5.180000305175781,-0.6395061803979671,0.0027121079655112027,0.001128319775570111,0.0007901293490324429,-0.0023728901790909286,-0.00017513538538737794,-4.985900343897798e-08
1,GEa,Ethanol,10,1,-3.299999237060547,-0.07917464522308931,0.016651744732186252,0.0022631001643411645,0.0008134219728982664,-0.017261398285126996,-0.002262629639412159,-0.00040933881285555357,0.1700000762939453,0.008726903505585457,0.007595250927565906,0.0008618610601658142,0.00015880217927259779,-0.006140782661230235,-0.0007231799800581377,-0.00015355623551881886,-2.4200000762939453,-0.10485268996072664,0.006677359875725632,0.0015137618268354306,0.0006055923721212135,-0.0060874228464183645,-0.0008844827316559253,-0.00018424724253941876,-3.3000000715255737,-0.6407767010517176,0.002114105549168164,0.0007160504344999753,0.0004897315564845107,-0.0014988743694542813,-0.00011053401150491258,-1.9989980936050488e-08,-11.430000305175781,-0.14697185030925194,0.043840941858490204,0.007779262202912689,0.0030367971194491194,-0.04991029617282015,-0.004652800416285142,-0.0007383848062075945,-0.43000030517578125,-0.009007127986125178,0.024956046481171012,0.0028877785826283355,0.00041001861267684866,-0.031159233800171715,-0.0026966160838284405,-0.00043424107751819155,-9.380001068115234,-0.15892919341516815,0.029737532282977354,0.006003789495743367,0.0024759995138060576,-0.034099203221465986,-0.003360877065323573,-0.00048272563734373414,-4.099999904632568,-0.6591639940403019,0.002126515092101484,0.0006801391958832297,0.0004624972896021844,-0.0017494696694098331,-8.48619484490706e-05,0.0
1,GEa,Ethanol,10,2,-3.4000015258789062,-0.0880601261883261,0.017216854214779274,0.0029209707689815895,0.0009573075877720794,-0.01786681474232317,-0.0043518086146531335,-0.0009314543715450186,-0.4499988555908203,-0.024903091488137283,0.00850182137763101,0.0011680278265163587,0.0001736884678522346,-0.006343500244033118,-0.0017672185682829768,-0.00045990414118366835,-2.3800010681152344,-0.11317170662892964,0.007414645328839247,0.0019990262464028978,0.0006554092055624491,-0.006612345311385983,-0.0021515530632283475,-0.000533558141051017,-3.959999918937683,-0.6839378143398688,0.0021854517711948187,0.0007809281408165393,0.0005444529542649585,-0.0016535428470676882,-0.000295362111212557,-8.76578339190088e-06,-9.739997863769531,-0.13369935576909484,0.04401311349434896,0.007159222436693704,0.0026593438466303177,-0.04388329306412775,-0.008930825124329939,-0.0016619748710630924,-1.279998779296875,-0.029071060976243696,0.02959316721956054,0.0031546607249737808,0.0004392080518330751,-0.04053981226914653,-0.00595328529093412,-0.0011059031062686977,-9.450000762939453,-0.1701476522715993,0.031951897677845134,0.005663288618257475,0.002331189877516964,-0.032530995571160806,-0.00582997832109536,-0.0012755012983742143,-4.710000038146973,-0.6826086917461355,0.0019934550224434194,0.0007280464025273889,0.0005033788685988465,-0.001891940125384769,-0.000189061781225218,-5.972089054080831e-08
1,GEa,Ethanol,10,3,-2.700000762939453,-0.06225503411194382,0.01902444906737988,0.0025004790074286756,0.0009497448915196576,-0.019364496260593066,-0.0020497706602552812,-0.0003258512116646882,-0.25,-0.01167678663156171,0.008515106731849402,0.0008273039012412514,8.864853105514472e-05,-0.007732340617334079,-0.0007715793821498123,-0.00011854429956110014,-2.1000003814697266,-0.08659795387504027,0.007324382699882915,0.0015570038965628085,0.0006601997046737572,-0.006808154554634608,-0.0006352879560438257,-0.00010355409168659442,-5.020000219345093,-0.6820652348205923,0.002330686115472035,0.0009177874348583169,0.0006615914968454995,-0.001671192322226427,-0.00010575533487325893,-9.999990463256835e-06,-7.7299957275390625,-0.09750247031484148,0.047469792599643276,0.007458792795773049,0.0023846825570407472,-0.04986416540198611,-0.0048531284100469425,-0.000599319075291103,-0.5400009155273438,-0.011235973784791551,0.030801686314297905,0.003230173002816478,0.0003504853914632303,-0.026526940582248026,-0.0027762218573541813,-0.00033472311255202856,-8.490001678466797,-0.13203734487590665,0.04623010527529258,0.005444679697358046,0.002454091284649249,-0.04365633883329242,-0.0048256753302108706,-0.000582368425891963,-5.46999979019165,-0.6932826213884495,0.0021947217605742158,0.0007948967530026415,0.0005803392257365118,-0.0019413813477762321,-0.00010649485065014604,-9.999990463256835e-06
1,GEa,Ethanol,10,4,-3.5699996948242188,-0.07294646087047278,0.021884455526414725,0.002858673490120753,0.0010479420057047848,-0.027758840201421695,-0.0027601523270981854,-0.000269719835219635,0.2700004577636719,0.011221964412171548,0.008628155947409117,0.0008516618719673813,0.00011645529272666616,-0.008482780150090194,-0.0008656838371439584,-0.00010443851572624917,-2.6800003051757812,-0.09773888759003997,0.008678702732234693,0.001992563950268244,0.0007842372813798229,-0.008932647305921103,-0.0008322689950682144,-0.0001191333029921619,-5.160000324249268,-0.6852589881110505,0.002177563166753443,0.0009441931454021623,0.0006623523194230613,-0.0014366492586562897,-0.00010450402639334755,0.0,-9.840003967285156,-0.109454992216575,0.056572936016323676,0.00889616557860829,0.00283951819646844,-0.06510047546406951,-0.00664554607130397,-0.0006516012358032987,0.6299972534179688,0.01200223344013371,0.03328131810030523,0.0031107493595911428,0.0003586900661897777,-0.029686885863319922,-0.002926342180447442,-0.00036641480275526495,-10.30999755859375,-0.14377350007282555,0.03812133303678768,0.00718066051160102,0.0028471827154444656,-0.04696665442820632,-0.00433631881201178,-0.0004610461959650611,-5.150000095367432,-0.6767411307506889,0.0022612252812664485,0.000835755021580418,0.0005701894034211546,-0.0018387764986139525,-8.069932264592443e-05,-9.999990463257645e-09
1,GEa,Ethanol,20,1,-5.30999755859375,-0.13189264232417217,0.022035507083859873,0.004100635945216384,0.0016383891555358033,-0.01940080125409439,-0.002546365192789179,-0.00027966779593753034,-0.1900005340576172,-0.009979019166047914,0.006353350666609433,0.0007283072745166046,0.00012125609044871524,-0.006023408983203551,-0.0007850628159174137,-0.0001307099285876055,-3.75,-0.16853932584269662,0.00696852334092172,0.0021182403848959983,0.0011274016550878142,-0.007100901106446132,-0.0008166211091620737,-0.00012081431792471127,-3.8199998140335083,-0.7374517259894763,0.002107901937821406,0.0007578013247177807,0.0005010167438203779,-0.0016126915145915446,-0.00010363882578172285,-9.999990463257645e-09,-18.01000213623047,-0.23974975343101843,0.036022051106906997,0.010487302458430957,0.005277529125589609,-0.043211428971962,-0.004512659252371559,-0.0003653035424955529,-0.6199989318847656,-0.013279052262171102,0.03189108572033024,0.0032237633386307135,0.00036200859255157045,-0.03255090012417747,-0.0031320815527399507,-0.00041528750345170196,-14.240001678466797,-0.24943075215285837,0.030414408948139297,0.007360229033492274,0.003994636636386222,-0.03375459060746353,-0.0034749068138216987,-0.0002772282284405651,-4.900000095367432,-0.7656250034924597,0.0017496134767667221,0.0006927161858693416,0.0004775092846461013,-0.0017220485074242332,-9.999990463256836e-05,-9.999990463256835e-06
1,GEa,Ethanol,20,2,-5.159999847412109,-0.13156551980646783,0.013122294505536066,0.0032174452174456125,0.001598712443128512,-0.016561887313321123,-0.003547558413365689,-0.0004899697922363307,-0.6299991607666016,-0.034426185083699254,0.007235937538641256,0.0013623337796919116,0.00024267407094773316,-0.007919998977390371,-0.0016962561044050384,-0.0002342982032025238,-3.6299991607666016,-0.16954690269207873,0.006375811428635744,0.002027418627721437,0.001062128701959661,-0.00620816085372211,-0.0017421631032148912,-0.0002523495930160984,-4.259999752044678,-0.7473684025603312,0.002394328062055951,0.0008150881251361516,0.0005614892829808824,-0.001797787014035593,-0.00019858151789327376,-3.500854259711845e-07,-14.460002899169922,-0.19548469190943826,0.041010793676934,0.00849465676417571,0.004281927222187196,-0.044733869940993834,-0.007496661461031506,-0.0008962292576888609,-1.3899993896484375,-0.031235941340414325,0.03044936239873845,0.00390206132325551,0.0006050501118877887,-0.025360493616665758,-0.004442791614287798,-0.000697303003657336,-13.170001983642578,-0.23359350362074846,0.022861644230502774,0.007511294548185863,0.0037679373063309513,-0.03319392331153329,-0.005271935706072558,-0.0008278075732615195,-5.210000157356262,-0.7684365776005682,0.002004589505269492,0.0007670265561347698,0.0005296810623022459,-0.0018497586502473544,-0.00010831345124184107,-9.999990463256835e-06
1,GEa,Ethanol,20,3,-4.6399993896484375,-0.10654418991814474,0.02685227215921877,0.0027868153346237014,0.0014702830552258393,-0.02440477045194451,-0.00220369539375596,-0.00024170703909807988,-0.279998779296875,-0.013096295149098377,0.008103605634984625,0.0007295234877060255,0.00011487947786895556,-0.007240172589564586,-0.000776966031264317,-9.077860195067311e-05,-3.3999996185302734,-0.1393442488395855,0.006856278572053571,0.0019218951264901294,0.0010068579371102732,-0.00671357872089544,-0.0007091253671906376,-5.456711536780069e-05,-5.520000219345093,-0.7603305847547153,0.0023881124877635313,0.0009581601592439719,0.0006862950768223011,-0.0018641905107653668,-0.00010001437294416509,-1.9970010945094874e-08,-12.510002136230469,-0.15676693806786643,0.05427157793178669,0.009183725014606226,0.003929992831432712,-0.04956158781927378,-0.0050900639170210855,-0.0004472498929480207,-0.9699974060058594,-0.02009108182541644,0.029639761007678705,0.002739443336994541,0.0003092669190255258,-0.030560597188725964,-0.0032163338104280797,-0.0002752683049760382,-13.19000244140625,-0.2034552224104367,0.044138935854758816,0.007350821592383205,0.0039022742100778196,-0.040414946889423826,-0.003984902541243066,-0.0003141955791879933,-6.190000057220459,-0.7815656562615823,0.00213091482646784,0.0008450516481284022,0.0006154458368647296,-0.0019294149466827504,-9.999990463256836e-05,-9.999990463256835e-06
1,GEa,Ethanol,20,4,-5.75,-0.11509207576801325,0.0280347803409897,0.004372932676804301,0.0019436625943503615,-0.0242469833900484,-0.002415990149096176,-0.0002747700488516128,-0.22999954223632812,-0.009395406312794273,0.012063025148484438,0.0012320753088706758,0.00011766320677953409,-0.008791739422728947,-0.0009330646207223558,-0.0001056544456060495,-4.25,-0.1519485199976678,0.009973109099951829,0.003037353270851376,0.001391857315095284,-0.009277635822740991,-0.0008820838884864224,-0.0001008466421661231,-5.770000100135803,-0.7602108015990567,0.0028015555618802535,0.0009920928438265629,0.0006977989357380774,-0.001918554477775549,-0.00010428593744044555,-1.9960040924614085e-08,-15.470001220703125,-0.16899717135658285,0.05310431577240197,0.011449665029499175,0.0050035185406978,-0.06182352068126209,-0.0053314514301805805,-0.0004521722132326643,-0.75,-0.014118976187513057,0.042122222393248074,0.003961344504164945,0.0003814796012346408,-0.03737967502173772,-0.0036224762883835006,-0.00035181056873563187,-15.630001068115234,-0.21408027134352056,0.04175251874059901,0.009824051108552842,0.004846944554198414,-0.06366667356367062,-0.0058227187920338675,-0.0006089494583399511,-5.8500001430511475,-0.7687253666774294,0.002773078711900685,0.0009044341445383242,0.0006285871808147469,-0.0018265473154862335,-9.368197200281833e-05,0.0
1,GEa,Ethanol,30,1,-6.959999084472656,-0.16734789754598206,0.015607426591184637,0.004823011424301424,0.00201526908623483,-0.02156679309547404,-0.0029903471818426546,-0.0004147982595321162,-0.4200000762939453,-0.02137405009910933,0.007551314302214111,0.0013156566754200121,0.0001978265420822811,-0.006577702193557511,-0.0011229164215458298,-0.00023979509825790255,-4.950000762939453,-0.21447143757809034,0.007154102951414727,0.00279800943599334,0.0013820645564502567,-0.007312224082009972,-0.0011348268912734075,-0.0002502147540945891,-4.1900001764297485,-0.7846442053750083,0.001782411311963206,0.0007476474128534641,0.0005131416692913353,-0.0016095890874501303,-0.000125832122794613,-9.999990463257645e-09,-22.909996032714844,-0.29458656322003823,0.03923627376649542,0.012523258732557316,0.00647852689823995,-0.04411451441092701,-0.004748248514666986,-0.0008733120520726747,-1.1699981689453125,-0.02428893945234978,0.03206610232491777,0.0028584461184518696,0.0004254809184637207,-0.029269289528530848,-0.003270117166144344,-0.0005672023833644022,-17.990001678466797,-0.3048119542347502,0.02786537226394407,0.009034498738059251,0.004850718771347264,-0.03641536800142381,-0.0038991589276309666,-0.0006579388945481262,-5.229999780654907,-0.8058551564099407,0.0018088888896459067,0.0006997005204931649,0.00048330954112309584,-0.0017408309503486184,-0.00013587584283386459,0.0
1,GEa,Ethanol,30,2,-5.740001678466797,-0.14400405395317856,0.015982606345922523,0.005323786082099613,0.0022565334001386937,-0.01889215369755421,-0.002977939546873134,-0.0005063613878496865,-0.3599987030029297,-0.019396482400957375,0.006714579062574057,0.001318191917171175,0.0002671439810900259,-0.007684904362429467,-0.0011857675749139796,-0.0002255485051413841,-4.100000381469727,-0.1886792668127124,0.007703107563995345,0.003237444216386693,0.0014914823140518313,-0.006756301189465278,-0.001393374529828303,-0.00023121004060673646,-4.550000190734863,-0.7871972362585312,0.002241005146280092,0.0008490623925474661,0.0006289371788669169,-0.0018864517626353793,-0.00012340065715150115,-1.9960516809528175e-08,-16.920001983642578,-0.22452231749741283,0.04323112404498611,0.012043441590244319,0.005886640295365719,-0.04251115091972215,-0.004882378345870324,-0.0007490502264947915,-0.9600028991699219,-0.021295538158310267,0.028456737384593544,0.0042319790877089316,0.000673477271500284,-0.02400991627191342,-0.003285439068741379,-0.0005694211572894786,-15.349998474121094,-0.2682159461279156,0.027911528269055692,0.009790691875530631,0.005114425897520973,-0.04065292989744572,-0.0045416664201447954,-0.0006849920796421932,-5.599999904632568,-0.810419685715311,0.002048570595240561,0.0007927725740839637,0.0005881087452793876,-0.0014902631349115432,-9.999990463256836e-05,-9.999990463256835e-06
1,GEa,Ethanol,30,3,-5.600002288818359,-0.1277664169489177,0.021777459930716447,0.004534371255357208,0.001754469675631487,-0.018806471365017507,-0.0018662772702570196,-0.00024242542207232712,0.2199993133544922,0.010382223115138596,0.0076682764184711,0.000928565720391651,0.00013445964128223285,-0.007862289330731187,-0.0007604731284970911,-8.473559891946283e-05,-4.149999618530273,-0.1693186283058472,0.006510030741797273,0.0025109733652450414,0.001268487104691689,-0.006692395976855382,-0.0006832111718786348,-9.330920299423203e-05,-5.440000057220459,-0.790697669583182,0.0022216614977113858,0.0009493063872258251,0.0006680386841602564,-0.0013558522525238554,-9.999990463256836e-05,-9.999990463256835e-06,-15.629997253417969,-0.19459658008969288,0.06168651732014031,0.009771845693780283,0.0046819943465284345,-0.05451961999565911,-0.005210284501147421,-0.000564560640210518,0.3299980163574219,0.00689795182493474,0.03336330195128425,0.0032089851958635165,0.0003161066835559816,-0.026230162171257496,-0.002592873543130193,-0.00023824707526428745,-16.079998016357422,-0.24594675270526695,0.046035786989196525,0.00916841702610896,0.0047777894701292655,-0.04672169113756032,-0.004748480319386289,-0.00043619632857715997,-6.200000166893005,-0.8168643006916212,0.0020392351007230067,0.000819941634387586,0.0006044376378799573,-0.0015469382280486892,-6.316810780984685e-05,-4.986134105946721e-08
1,GEa,Ethanol,30,4,-7.039997100830078,-0.13863720500324828,0.025720699261961383,0.004835945510726206,0.0022681533502082515,-0.02791609418278546,-0.002921815326649012,-0.0003420808066335978,-0.15000152587890625,-0.006157697952403353,0.007777793107152407,0.0007744788508531968,0.0001053995995031023,-0.007717636535315558,-0.0007922521238787406,-0.00010946964663440044,-5.189998626708984,-0.18339218256629386,0.008285499973058084,0.002969883213075114,0.0015339356032610626,-0.010881510722191023,-0.0010524891589178216,-0.00011735288722742855,-5.909999847412109,-0.7911646604290578,0.0024317460346501853,0.0010055320817996597,0.0006656974840213254,-0.0018015007301962504,-9.999990463256836e-05,-9.999990463256835e-06,-19.020004272460938,-0.205532786733197,0.057338879726322796,0.011649855833412787,0.005829207572831668,-0.0654188167947523,-0.006506796522776542,-0.0005325839510956737,-0.7400016784667969,-0.014097954940061871,0.031009118825669084,0.0032818661893409943,0.000400756727189016,-0.037000274658203124,-0.0037000274658203127,-0.00037000274658203125,-18.869998931884766,-0.25687447817942244,0.042201832836794406,0.010492711346899563,0.005487124786984374,-0.04999348130321024,-0.005164713914333045,-0.0004066596641219781,-6.049999952316284,-0.804521272295387,0.0023051805020172077,0.0008873229361104462,0.0005966849135761677,-0.0016221734132613028,-5.634428998730427e-05,-1.9989980936050488e-08
1,GEa,Ethanol,40,1,-7.899997711181641,-0.19305958124839423,0.01666246946474133,0.004971097169406348,0.002470486480630844,-0.021116497585953645,-0.0023778868520559554,-0.0004910629035963962,-0.25,-0.012853469932831912,0.006630596671494991,0.001139622952962126,0.00017897020679001445,-0.006762105862791192,-0.0012943449893494958,-0.00025749722625598186,-5.440000534057617,-0.2400706341875326,0.008553057114511785,0.0031463501021374986,0.001612439641438938,-0.006272167122326579,-0.0013829300674068094,-0.00024573424234760195,-4.319999933242798,-0.8105065656809646,0.001830654585608554,0.000751140719215171,0.0005040899870293805,-0.0015692501479485843,-0.00014888695727817647,-9.999990463257645e-09,-25.750003814697266,-0.3363814864551592,0.03675726786155248,0.013903764699358178,0.007549016549945582,-0.046550529735833776,-0.0049589192070409755,-0.000721207547187626,-0.7400016784667969,-0.01550066301737429,0.029561032663293747,0.002880210313149455,0.0004972806885668952,-0.029585395320879407,-0.0034976671896733715,-0.0006027401002072028,-19.93000030517578,-0.3429112297220318,0.026271743646703306,0.010098200850896081,0.005617829548868786,-0.03043843212165856,-0.0046967017800821345,-0.0005814234865819466,-5.409999966621399,-0.8323076871725229,0.00170361723400416,0.0007090981224031855,0.0004762568971590588,-0.0014426009986222177,-4.9918747929750304e-05,0.0
1,GEa,Ethanol,40,2,-7.209999084472656,-0.18161206412880723,0.01640644434616093,0.0050034829123304985,0.0022551544603275067,-0.015604787421740485,-0.0034833139411822524,-0.0007790321984647494,-0.5400009155273438,-0.029141980330120554,0.00661267753577979,0.0014928916097267416,0.00023313294558177227,-0.00793746770400648,-0.0017594885755980432,-0.00036449652977040264,-4.930000305175781,-0.22855820004293967,0.007617386769638522,0.0033160808025932903,0.0015090322484525105,-0.006591518751556016,-0.0020064441853253406,-0.0004680544525790975,-4.699999928474426,-0.814558049221991,0.00206113193609191,0.000821908090262764,0.0005536609539051221,-0.0016409246979788782,-0.00021667528685080021,-1.0316346155291049e-05,-20.60000228881836,-0.27591750975593704,0.03680725029776801,0.01271460747557849,0.006261569318122882,-0.04455087076642412,-0.006966305599239973,-0.0014931685429393497,-1.4099998474121094,-0.03141710815184977,0.024138473934175373,0.003250045429041274,0.0005619315528284269,-0.023369954575907972,-0.004251939733674248,-0.0008960532733350817,-18.15999984741211,-0.3197183114672152,0.02650132191572469,0.010875273793623616,0.005294503229940393,-0.0331603646305966,-0.004938955299291794,-0.0011347532724845497,-5.629999995231628,-0.8316100459517476,0.002181275684127066,0.0007855025171712852,0.0005169584104732839,-0.0019417465439150476,-0.00010384811755076952,-1.9970010945094874e-08
1,GEa,Ethanol,40,3,-6.869998931884766,-0.1594337179753333,0.0249121071074718,0.004173494570988256,0.0021561365994948703,-0.01986875763977807,-0.0019558513086229243,-0.0003190209938399272,-0.25,-0.01175917202768293,0.010604768478810244,0.0010076782724635267,9.425327737477664e-05,-0.006545894973689689,-0.0006288244458343878,-0.0001018823258817786,-5.019998550415039,-0.20803973166220183,0.006927582851287253,0.0027405238410143696,0.0014822730865131201,-0.007193497824794637,-0.0006634471499125529,-0.00011428235398756184,-5.940000057220459,-0.826147428365497,0.0020754579134104967,0.0008893536887330754,0.0006067496936524315,-0.001371727381224285,-5.676638938754741e-05,0.0,-19.209999084472656,-0.2430722432138644,0.04210209675305823,0.010831659870956283,0.005627674239536062,-0.05006697419843284,-0.00502817046696964,-0.0006061903534827398,-0.9500007629394531,-0.01985787541616601,0.02874726755300412,0.002653645420556361,0.00027390860715372883,-0.032553595363781294,-0.0034004480853217054,-0.00036901500115939847,-19.12000274658203,-0.2981909221393669,0.040812072482553044,0.01171018136665166,0.0055042177992322625,-0.04358540820976549,-0.004010655911210704,-0.0005191466899700319,-6.619999885559082,-0.8454661494333372,0.0020614349096744373,0.000821098288930846,0.0005557155710463975,-0.0015456115126965524,-2.8563459239403508e-05,0.0
1,GEa,Ethanol,40,4,-8.28000259399414,-0.17114515112011983,0.017267763973139914,0.004954170438075101,0.0025672661139855705,-0.029031494848231334,-0.0026823571362420444,-0.00024198064975899144,-0.4399986267089844,-0.018425403776055217,0.008059183700099367,0.0007776064725498982,0.0001018432190604247,-0.009812780472566434,-0.0008551287751881987,-0.00010720341025761523,-6.05000114440918,-0.22316492099594692,0.0077152215741883075,0.003211256080901908,0.001749712106353517,-0.007999992370605469,-0.0007999992370605469,-8.833360460098384e-05,-6.039999842643738,-0.8195386616597686,0.0022714965287904763,0.000928350032058493,0.0006162634232015901,-0.001491819509007523,-5.977102362276555e-05,-3.990014173837282e-08,-22.79999542236328,-0.2563237347341342,0.04250240021767381,0.012751240859376555,0.006616913923238899,-0.062128272310012035,-0.006589180104947815,-0.0007400396121887849,-0.970001220703125,-0.01865745699917682,0.031011044044296863,0.0031078590731831047,0.00034472576514259803,-0.03251160054441236,-0.003156779630477145,-0.000239607933361468,-21.889999389648438,-0.30800618381376765,0.04047166690759068,0.012373687393713756,0.006288932073207638,-0.0688845379535607,-0.006873819723946082,-0.0005134429248206813,-6.159999847412109,-0.829071331054056,0.002132567194696079,0.0008265602725385159,0.0005588430811819259,-0.0017342928072081158,-5.933624007379546e-05,-1.9979990945578733e-08
1,GEa,Ethanol,50,1,-8.860000610351562,-0.21876544716917437,0.015748541800987857,0.005275183339573751,0.00291113497409584,-0.017560983772993578,-0.002071104099332436,-0.0003239988034348891,0.2199993133544922,0.011476229132964288,0.00682592322790364,0.0008633140123939665,0.00015317803118937,-0.008287472748715982,-0.0008986797188964145,-0.00015406794653206326,-6.089998245239258,-0.27114864174012704,0.00799877979249003,0.0032660357672408703,0.0018750279036712147,-0.0067388567317404795,-0.0009543988609131047,-0.00014560319679878968,-4.309999763965607,-0.825670486053289,0.0018966372012915737,0.0007340424227690969,0.0004746126863831265,-0.0014117349432783732,-9.999990463256836e-05,-9.999990463256835e-06,-28.720001220703125,-0.3787419296743497,0.03571578726512595,0.014361496578121096,0.008474754142229481,-0.0563697152444549,-0.004063895865358494,-0.0005109072338053364,-0.6199989318847656,-0.013191466635846078,0.028389934476685988,0.0032364456072004376,0.0004367206339526648,-0.03187852585560459,-0.0035281019825258,-0.00039747817423894233,-21.949996948242188,-0.3815400211018474,0.02912429638452531,0.010360838305312392,0.006347739458542379,-0.03491060646353355,-0.0039046797065330823,-0.0005197423865079442,-5.419999837875366,-0.8455538169885554,0.001894255354700015,0.0006807740029376059,0.0004473793268280035,-0.0015839336591937634,-5.488585619581882e-05,-3.989015174790107e-08
1,GEa,Ethanol,50,2,-7.459999084472656,-0.1981933901551621,0.017940926287486225,0.0040610970525043885,0.0024257469298953073,-0.018148068855480405,-0.003642057015931315,-0.0007673561730294097,-0.5100002288818359,-0.02878105240655848,0.00656449571204239,0.0012758874895954621,0.00023279036723002845,-0.007214400495308141,-0.0015430639564578132,-0.00034823200377007146,-5.130000114440918,-0.24939232817449764,0.007579805756770605,0.002695950965816701,0.0015511073428553287,-0.006016177719188798,-0.001767645059858619,-0.0004324134424303957,-4.759999752044678,-0.8292682825521123,0.0018235478002013195,0.000750361555005829,0.0005134340121134458,-0.001568227936280694,-0.00019199774800410886,0.0,-21.60000228881836,-0.30371205644893534,0.041283487783650284,0.01174522001446604,0.006596637897352416,-0.04081769743254088,-0.006111847392933794,-0.0013323041298208208,-1.5100021362304688,-0.03488108349031839,0.026561711865533164,0.003570764587703744,0.0005546705587676699,-0.02743699291901532,-0.0042348259246810255,-0.0008276068963178312,-18.869998931884766,-0.3473858438493835,0.02557926933007526,0.009990719932666235,0.005547040956949774,-0.037508135119093455,-0.006496543372870436,-0.0010959659082499286,-5.8500001430511475,-0.8502907043231248,0.0018594525474588404,0.0007077215971240141,0.0004873288151921046,-0.0016231975778735186,-0.00013050299787374973,-9.999990463257645e-09
1,GEa,Ethanol,50,3,-7.439998626708984,-0.17119187260561033,0.017551499518850027,0.004499681535036244,0.00242995055425123,-0.01925393205774937,-0.0020145491318158963,-0.0002796785190128417,0.15999984741210938,0.007515257892516922,0.008898514316960364,0.0008965203339945696,0.0001026350525788727,-0.006785243008007508,-0.0007283291024645856,-8.879524955114652e-05,-5.430000305175781,-0.2232730416658432,0.007916754829143034,0.003042656962170359,0.001664439416434894,-0.007854186283593514,-0.0008854801041983881,-7.342053696168174e-05,-5.949999928474426,-0.8380281701964818,0.002097867840894248,0.000896760729956587,0.0006331491833301939,-0.0013621663474153102,-7.522621503111351e-05,-2.9969981418371576e-08,-20.910003662109375,-0.2620301110583576,0.04306806128490926,0.011767557799402525,0.0063628333834820465,-0.053819681842284105,-0.005042412357451076,-0.00045151300337268035,-0.6400032043457031,-0.013316753767330937,0.03216381956044939,0.0031498693624556263,0.0003505067672855643,-0.027775564118096164,-0.0033888268475721108,-0.0003683630637729687,-20.60000228881836,-0.31863885232194983,0.037292587583340996,0.010542433438648205,0.006095917705208889,-0.038147266191185934,-0.004040243149620676,-0.00043623813863759504,-6.670000195503235,-0.8573264801579668,0.0020004344899643466,0.0008374602767857704,0.0005795446405327163,-0.0014880790075441873,-3.150028696082422e-05,-1.9989980936050488e-08
1,GEa,Ethanol,50,4,-9.770000457763672,-0.19781333424781028,0.023390792526743916,0.006051428914351185,0.003013019500923013,-0.025432175848470923,-0.0025648521858781235,-0.0002917590520628615,-0.2999992370605469,-0.01239154268506167,0.008483028887495745,0.0007969940350698653,0.00010535647215680707,-0.0092078670938962,-0.0009480122174680904,-0.00010649744631455952,-6.989999771118164,-0.2528028885191614,0.008463907369255369,0.0035421276841030207,0.002040734040242977,-0.008841484462072495,-0.0009825582202948452,-0.00014149290767292413,-6.389999866485596,-0.8407894666670431,0.002224689178510296,0.0009176950618673812,0.0006090074898248895,-0.0014978585876079683,-3.716836038749016e-05,-1.9989980936050488e-08,-26.220001220703125,-0.28956378064080174,0.05126012862170563,0.014572724191542657,0.007634696723164259,-0.06360985108452975,-0.005951549263425557,-0.000554221669946991,-1.2400016784667969,-0.02351159725072737,0.03315968403714098,0.0030836479814716246,0.0003690037124786431,-0.032828824029985416,-0.0032603972710759815,-0.00032927332220078606,-24.80999755859375,-0.3439145795467501,0.036808569278293624,0.012251527803101087,0.007186016100737898,-0.04903254550682998,-0.0048245347029752155,-0.00042794710164266176,-6.490000128746033,-0.8505897813111084,0.001813325628705377,0.000800385313335317,0.0005506176241999103,-0.001754380935619617,-7.57168170954879e-05,0.0
1,GEa,Ethanol,60,1,-9.969999313354492,-0.24962442804610607,0.013333794747963586,0.005430832881942871,0.003102541634384569,-0.01595975675064434,-0.0016863725723818511,-0.00021754452547789754,-0.43000030517578125,-0.02258404855564429,0.0068095428645662225,0.000845063965047244,0.00013134782021026367,-0.006405053058213849,-0.0007163711985194228,-0.00011464966101258658,-6.700000762939453,-0.3028933322215756,0.008272653524412704,0.0033434642482454823,0.0020018162284469853,-0.006757808487940765,-0.0008066373365542312,-0.00010090232203236051,-4.409999787807465,-0.841603049701358,0.0018975139693055865,0.0006919041136906931,0.00045265089835347193,-0.0015239179331313084,-9.999990463256836e-05,-9.999990463256835e-06,-30.770000457763672,-0.41340857626765265,0.036578898358017795,0.01473457508611459,0.008964249746669843,-0.03969308748927683,-0.003872993397003547,-0.0004636001106610261,-1.4000015258789062,-0.030055849524366726,0.02294268035762111,0.002335319912692261,0.00036265405124924775,-0.025110370616247296,-0.0024149306696337547,-0.0003791430349246002,-23.400001525878906,-0.41401276249750363,0.030252750988927803,0.010872609638033843,0.006597235181881878,-0.03443411105846016,-0.0030637867160596285,-0.00033534481854050177,-5.519999802112579,-0.8584758863887608,0.001609283016723978,0.0006480655155401769,0.00042211996490969835,-0.0014173833894055216,-4.1012524072483225e-05,-2.9969981418371576e-08
1,GEa,Ethanol,60,2,-8.669998168945312,-0.23212847451526789,0.016236983449715598,0.00526005753465939,0.0028027753039315925,-0.020280140591804535,-0.006753551240952099,-0.0014389424506506111,-0.8500003814697266,-0.0487106214502276,0.007094322217631986,0.0029288223560866105,0.00062164234069576,-0.007167691300861328,-0.003283798964011731,-0.0008106158383848191,-5.790000915527344,-0.2843811759309847,0.007650262090186265,0.003160717037854607,0.0017928943461072387,-0.008394711277624874,-0.003199754461719394,-0.0006940503531474637,-4.720000147819519,-0.841354730033252,0.002019355637156936,0.0007882328670073206,0.0005082428520317598,-0.0016279603723939524,-0.00013415596727775334,0.0,-23.999996185302734,-0.3404737822759711,0.036595061249224195,0.013209305767646146,0.007299206313221245,-0.03549449907022736,-0.008975695077645528,-0.0018407705991683157,-2.2099990844726562,-0.052024461117880526,0.02023326115658322,0.006663330815320623,0.0015067497063294983,-0.028971325278710894,-0.007561667752961721,-0.0018615220975438374,-20.479999542236328,-0.3816623108548896,0.023291493122183746,0.010733121899365405,0.006071743516354627,-0.03552298095099852,-0.006949788001866387,-0.0013066192866127467,-5.760000050067902,-0.8584202708378192,0.0017973544035587868,0.0007173341561537267,0.0004763210357203405,-0.0017618458971877418,-8.670659641461751e-05,0.0
1,GEa,Ethanol,60,3,-8.829998016357422,-0.20621200558823755,0.01740367434698972,0.005096584242737042,0.0027779159083573704,-0.024429519077095545,-0.0022084117207607696,-0.00020934969827018837,-0.3100013732910156,-0.014733904933541956,0.008221999372717535,0.0008232109650032301,8.185238943505169e-05,-0.007960393332493028,-0.0008738316603708147,-6.906700365037763e-05,-6.240001678466797,-0.2605428592771762,0.007173603313061716,0.003174838337042398,0.0018641835102032537,-0.005940445602271756,-0.0006356368219486734,-4.645437472509769e-05,-6.099999904632568,-0.854341739313655,0.0019544118945433535,0.0008228153657901542,0.0005321305772761012,-0.0014720394151947515,-5.613722334114871e-05,-9.999990463257645e-09,-23.679996490478516,-0.3025424492921097,0.04126841682013714,0.012034886998079343,0.006975984537972461,-0.04959713973359043,-0.004858657139551187,-0.00041756007535864704,-1.25,-0.02636018659356692,0.030231836115756597,0.002889752339423006,0.0003435817889887831,-0.033727318502685975,-0.003320878292519615,-0.00031126197971546133,-23.049999237060547,-0.3624783642357405,0.03557854653771424,0.011651103800385266,0.00660934951870042,-0.043598806343096264,-0.004070703104220943,-0.0003502437763142274,-6.820000171661377,-0.8721227649554453,0.0018135854892620596,0.0007409206384898012,0.0004854251913881653,-0.0015558628690914929,-3.975719426160284e-05,-2.9969981418371576e-08
1,GEa,Ethanol,60,4,-10.630001068115234,-0.22021961813355487,0.021861599611178752,0.00593880896902701,0.003303256558123704,-0.022622044082428912,-0.0024010347148302586,-0.0002634057427971641,-0.29000091552734375,-0.012164467855335287,0.00888295694842112,0.0008734673518219379,0.00011575900308587853,-0.007818929213792378,-0.0008287334501322872,-0.00011470713327265626,-7.5,-0.27757216406134516,0.007633632580818529,0.0037861828452172997,0.0022162567948954045,-0.009189811565738431,-0.0008123823039050215,-0.00010937052507438236,-6.339999794960022,-0.8510067056747208,0.0019503235615834762,0.0008871106723712108,0.0005862256201774488,-0.001484737210294226,-4.2835296558441994e-05,-1.9989980936050488e-08,-28.509998321533203,-0.3216380699215422,0.04701765488436777,0.01497364409900535,0.008360587466097413,-0.05669977908100192,-0.0052148930646434685,-0.0005686130039853853,-1.0999984741210938,-0.02110511313629675,0.033634700194539145,0.003272142026728138,0.00037751648143137496,-0.02915232110323708,-0.00297486294865246,-0.00034948643033049366,-26.810001373291016,-0.3783516954891824,0.03778041870039779,0.013111312712527105,0.00769397356430972,-0.05893280623465793,-0.005031547207492958,-0.00038676327641813435,-6.490000009536743,-0.8607427111898504,0.002068830835966156,0.0007969597904953342,0.0005305307457501138,-0.0018540947152040264,-2.9159485901385693e-05,0.0
1,GEa,Ethanol,70,1,-10.770000457763672,-0.26533630000681363,0.01592971700608207,0.006096836318122429,0.003282723676249976,-0.016236617402409812,-0.0025190307919047707,-0.00045046795285652157,-0.46000099182128906,-0.023883747993496,0.008584784541720007,0.0012316613872897172,0.00016516235023062318,-0.00630697433773426,-0.0010365272832273333,-0.00018005719406940428,-7.189998626708984,-0.3201246179782647,0.007577284959662964,0.003583861136004512,0.002108156626723043,-0.006173867829559996,-0.0011731559187340861,-0.00025450061622032705,-4.450000047683716,-0.8508604266644055,0.001809673319390246,0.0006918612674433714,0.0004492524879502562,-0.001462375354590976,-0.00010626741723796333,0.0,-32.9900016784668,-0.43505210183123577,0.036710133029648664,0.015618804919958807,0.009482630151302037,-0.04300595220712361,-0.004409513510618494,-0.0006951605311449035,-1.5400009155273438,-0.0326202276083892,0.022220575512100653,0.0026264991554753483,0.00047512711100309386,-0.032564752136500036,-0.0034183642676289005,-0.0005010137945282683,-25.05999755859375,-0.435598784813672,0.032574333210736876,0.011484556613791068,0.007045406704808117,-0.042241025094076255,-0.004230661670716808,-0.0006399198365042162,-5.519999861717224,-0.8665620032790228,0.0018574551939834999,0.000660774167441924,0.00042166773036165047,-0.0015680615898957552,-6.139046641643508e-05,-2.995003139740693e-08
1,GEa,Ethanol,70,2,-9.14000129699707,-0.2437983699063644,0.013089334119198708,0.005423412724222848,0.002905816735783575,-0.020763759030682873,-0.003149413713838996,-0.0005325685943900913,-0.5900001525878906,-0.03367580691622886,0.006394819988773666,0.0015443206624007164,0.00037636883964311797,-0.006575476424450581,-0.0011820212488524112,-0.0001662880432085286,-6.130001068115234,-0.299755542269922,0.0076650272784387135,0.0031575938434716343,0.0019086481491393517,-0.006346204047190301,-0.0012400440938104408,-0.00021575685314237838,-4.839999854564667,-0.8551236722696438,0.001847240806329301,0.0007074646550434841,0.0004760927843128608,-0.0016666886584411566,-0.00012785477122622985,-9.999990463257645e-09,-25.70999526977539,-0.3636491708563591,0.036403238629424885,0.013407818863789884,0.007937185766011467,-0.04332658126213855,-0.004729308671643615,-0.0008319329599277262,-1.7400016784667969,-0.04061628553382921,0.02215186578705237,0.0038531094020747892,0.0008585851462487816,-0.024487256131717802,-0.0031017555806866592,-0.00044447516099505643,-21.979999542236328,-0.40666049680839345,0.02614630990440857,0.01107267083466742,0.0065226225364869534,-0.032286985689481726,-0.0041793514905745155,-0.0005572756037363713,-5.930000185966492,-0.872058826416834,0.001741160269690221,0.0006736256384961061,0.00045432221496711323,-0.0016283720852971629,-9.999990463256836e-05,-9.999990463256835e-06
1,GEa,Ethanol,70,3,-9.89999771118164,-0.22874302195954163,0.01862636969007728,0.005337728074462775,0.0031149217885251927,-0.018332290655075766,-0.0018636194691197025,-0.0002570360144538436,-0.3400001525878906,-0.016045311185406794,0.008572156883269247,0.0009713549711354095,9.611080253776443e-05,-0.006397027667335924,-0.0006154424463504972,-8.331585933351817e-05,-6.9199981689453125,-0.2858322358790806,0.007840009973019358,0.0035501460093108153,0.0020796167644412692,-0.00772926329006688,-0.0007855028179185908,-9.718638683516999e-05,-6.2799999713897705,-0.8662068926054856,0.0021915354112564066,0.0008151437275726635,0.0005186112545239829,-0.0015026835663142979,-6.675344518406712e-05,-3.992005187924585e-08,-26.12999725341797,-0.3306339068331496,0.04356124146803917,0.01388982677433094,0.007738411337543902,-0.04804053927861674,-0.005094988942930993,-0.0004864041757969712,-1.3600006103515625,-0.028487653174193182,0.029839728564359284,0.003195738545567045,0.00040139997130104614,-0.02974614640032837,-0.0031221452844317544,-0.00030697941534876155,-25.28000259399414,-0.3931570978876189,0.034321285016718626,0.012924601174998229,0.007281790530757347,-0.04903900488049634,-0.004567000039875159,-0.00044509511668404313,-6.9499998688697815,-0.8808618487297245,0.001763460570322692,0.0007523196656859032,0.0004752271372876852,-0.0015187717963723879,-0.00010000109672546387,-1.0000109672546387e-05
1,GEa,Ethanol,70,4,-11.529998779296875,-0.23344804457951515,0.021381440577002864,0.006829092301027,0.0035811332856199515,-0.032176613170094716,-0.003231465484933032,-0.0003174065828451167,-0.3299999237060547,-0.013546794558199814,0.008185452580063608,0.0008864693705565292,7.852931892723474e-05,-0.00895822774614561,-0.0009001984552931239,-8.895049952456662e-05,-8.170000076293945,-0.2950523625395083,0.00788565641158505,0.004045977849711764,0.0023765285027207753,-0.008759204283617462,-0.0008485080390094255,-0.00014347423513982248,-6.669999718666077,-0.8617570950783751,0.0018855289053743363,0.000874096449417722,0.0005817166450521646,-0.0016395631567711934,-7.227227478781516e-05,-1.9989980936050488e-08,-30.730003356933594,-0.3393705391635218,0.05034646144753578,0.01729142546349771,0.009009790256746848,-0.05939562898689132,-0.005600918516301498,-0.0005934011825182882,-1.25,-0.02358490566037736,0.032899596543392945,0.0032712279763090425,0.00035713149088127883,-0.030984486701125247,-0.0032644037259170673,-0.00029686515002979647,-28.55999755859375,-0.3958968367095925,0.03847580661957113,0.014365606663774375,0.008221033292133622,-0.05339086018479092,-0.005105071503591561,-0.0004462632216076761,-6.7200000286102295,-0.8693402344151203,0.0019416969789597003,0.0007870006921754835,0.0005298780172104356,-0.0014635760786220475,-4.696039647916237e-05,-2.9920181116214364e-08
1,GEa,Ethanol,80,1,-11.569999694824219,-0.28504556913845075,0.014302651326963036,0.006406495847753773,0.0034648531763461924,-0.01682011930170035,-0.0018823949195315756,-0.00026469020698022456,-0.4400005340576172,-0.022715566081257382,0.006364339287203891,0.0012458096410937329,0.0002380919493625414,-0.006780511365757873,-0.000832918002484972,-0.00015130051062031078,-7.739999771118164,-0.3441529501951322,0.008101130326191398,0.003858502035817086,0.0021984120506887837,-0.006228515034214793,-0.0008783236100143781,-0.0001239591923148435,-4.569999933242798,-0.8606402980205331,0.0018080247770564366,0.000678483351015603,0.0004366645415085008,-0.0015484574487737628,-7.892334203740318e-05,-2.9969981418371576e-08,-35.230003356933594,-0.4645918832419946,0.03712489356821382,0.016802086431945775,0.00995882370542939,-0.03941952971232241,-0.0043969741105022615,-0.0005352669782687398,-1.6499977111816406,-0.0347953980365651,0.029202798522348163,0.003141294217603197,0.00045122252797063144,-0.03212395390605876,-0.0031765575238643456,-0.00039016681368779147,-26.619998931884766,-0.4627150964144365,0.02592835498704169,0.012080536637635537,0.007303011270890908,-0.03081516723412963,-0.0035684156361204798,-0.00035950481842328386,-5.650000035762787,-0.8746130034673295,0.001669005637700572,0.0006224590192551311,0.00040830146859299114,-0.0016432213848277066,-3.068686876951455e-05,-4.987014229013975e-08
1,GEa,Ethanol,80,2,-10.489999771118164,-0.25529325218212473,0.01424952641944474,0.0057737479051836104,0.003112649387856153,-0.018518745280583677,-0.0023836273026299963,-0.0003874948530381857,-0.5,-0.026413100472232512,0.00681194981907038,0.0012418038624458483,0.00021195805306082382,-0.00684692354609333,-0.0010320199221156483,-0.00016357984399140185,-7.140000343322754,-0.3194630971569241,0.008324664858358293,0.0035650213302514037,0.0020283597532218854,-0.006915265361384832,-0.001123420404868887,-0.00019215185683085315,-4.980000197887421,-0.8615916984633717,0.0021131356679612158,0.000782144977629521,0.0005669799236625992,-0.0015025192268364176,-0.0001385835340260836,-2.990033064605453e-08,-29.529998779296875,-0.38211696746568646,0.042471868880935286,0.015404228500842389,0.00867651692037925,-0.04403464961927046,-0.005213846043153506,-0.0007315445348098152,-1.5400009155273438,-0.03379418314330722,0.02804450774447517,0.004165820121309391,0.0004662793779599667,-0.027215451397131267,-0.0029224600189120473,-0.0004173390469634254,-25.240001678466797,-0.42983653191014987,0.03274666498310852,0.012391332816531911,0.007019128090152115,-0.04461694216996474,-0.0038060032763006075,-0.00048361956648713326,-5.949999988079071,-0.8762886629612416,0.0018621994328239448,0.0007384275004758472,0.0005307673359318698,-0.001555620762721666,-7.86495966416981e-05,-7.967081237203874e-08
1,GEa,Ethanol,80,3,-10.130001068115234,-0.23508937183205947,0.026067571445593324,0.0058282207896037455,0.0032948985156021605,-0.018873283231629685,-0.002209142194434269,-0.0002709095454317858,-0.25,-0.011775789231772422,0.011230153677791708,0.0010872640977105568,9.218988970603146e-05,-0.006644011509087704,-0.0006651960797974764,-8.292952126994402e-05,-7.059999465942383,-0.29306763890509796,0.007277793439158677,0.0035428652967149973,0.0021013125040827483,-0.006709307986449673,-0.000837001733928081,-0.00013396783823054517,-6.5200000405311584,-0.8763440847293478,0.0018886555702276825,0.0008468576992043828,0.0005732935664780381,-0.0016534546804030886,-6.812896125959862e-05,-3.992007182926717e-08,-27.1199951171875,-0.3442934654431611,0.04327645636041133,0.014552353391118437,0.007953633033629682,-0.052867577338774854,-0.005290788540445919,-0.00045608801920627454,-1.3700027465820312,-0.028506090458486753,0.03333981301056479,0.003181960893502017,0.0003815332239406383,-0.0314968255695947,-0.0033302503085667935,-0.0003891508627044561,-25.89999771118164,-0.4050672234509981,0.04313887932449972,0.013593300235256404,0.007450071380979515,-0.04470837463193652,-0.0039844316463901915,-0.000441034788438075,-7.1799997091293335,-0.8897149914062951,0.0018535114298566546,0.0007691492624988128,0.0005276898942846571,-0.0013765661183159944,-9.999990463256836e-05,-9.999990463256835e-06
1,GEa,Ethanol,80,4,-12.569999694824219,-0.258004913380066,0.018689160657222,0.006916258613981062,0.003943512845120864,-0.026626932376415807,-0.002385694898109496,-0.0002933128491262102,-0.2199993133544922,-0.009201142398932459,0.008177154042684473,0.0008854589224745165,0.00010379941530948621,-0.00991399664723547,-0.0008766748099201859,-0.00011479161255910525,-8.820001602172852,-0.32319535750379863,0.00903565001619501,0.004237989546873938,0.00256759673009883,-0.007814153950658542,-0.0007428992901588078,-9.465872093839813e-05,-6.43999981880188,-0.8667563886393641,0.00180491958674955,0.0008439448122240323,0.0005548950050427517,-0.0015975412764088542,-3.549786889676213e-05,0.0,-33.159996032714844,-0.3714573460252323,0.05180725464100615,0.017831883596954808,0.009722017574469694,-0.05296472006306079,-0.005048106577922209,-0.00048439532509746673,-1.1000022888183594,-0.02105670469899272,0.02615323810012398,0.0026496177793966886,0.0003661921685044356,-0.029661045104379502,-0.002942169389400871,-0.00030943376370902193,-30.789997100830078,-0.4306895792541933,0.03462190264118614,0.014999244450899214,0.008820795493632164,-0.04693281606644711,-0.004858738795968552,-0.00039193952118457364,-6.570000231266022,-0.8748335593918123,0.0017141556440294606,0.000760329325979294,0.0005006286277134395,-0.0016068273165265978,-3.515702774636704e-05,-9.999990463257645e-09
1,GEa,Ethanol,90,1,-11.939998626708984,-0.29775558805605873,0.02010543235019718,0.006446051328258285,0.0039526664521721475,-0.01740699015172299,-0.0021534566799207254,-0.00031019196406599807,-0.220001220703125,-0.011554685405698244,0.007425299301546975,0.0007912403029604139,0.00013287944007940702,-0.006451009300771271,-0.0008684190318027582,-0.00013283440401365036,-7.890000343322754,-0.35556557699099817,0.00816273723236684,0.0038184069563586363,0.0024159362070252407,-0.006151176082300647,-0.0009090991427729343,-0.00013151464528515889,-4.490000069141388,-0.8651252446317003,0.0016614122468295589,0.0006462449226301841,0.0004196361341257331,-0.0013866972427688078,-0.0001069351012251167,-9.999990463257645e-09,-36.040000915527344,-0.4812391669014878,0.03450146571962161,0.01643336322042461,0.010571087474343165,-0.041594013982763356,-0.003992617192164089,-0.00041313638157192763,-1.1100006103515625,-0.023829982110724818,0.02580653217590253,0.0029090146976176066,0.0004409111516435959,-0.02638757271898535,-0.003044237121109525,-0.00039812112553854254,-27.139999389648438,-0.47781689708087677,0.026112480774952603,0.012203982502132983,0.007734173093170798,-0.03849856004546876,-0.0037598455497030417,-0.00039497761396407204,-5.590000152587891,-0.8789308231506234,0.0018287856216238443,0.000611260981231855,0.00039244682982941695,-0.0017338395469265271,-5.2606266594090056e-05,-2.994007134694608e-08
1,GEa,Ethanol,90,2,-11.039999008178711,-0.27864713038379496,0.01643728530073289,0.005839741735702235,0.0034472035117351293,-0.01661514085467809,-0.003698891348346845,-0.0007833617310630187,-0.9200000762939453,-0.04956897105423663,0.0068724778286297795,0.0017304200099782594,0.0004369100659799119,-0.008793115114685267,-0.001708133624729305,-0.0003479138536707135,-7.35999870300293,-0.3402680993327454,0.008542839275219278,0.003551331156564236,0.0021795831439867137,-0.006915088007639641,-0.001991613545131929,-0.0004101925920517867,-5.119999885559082,-0.8722316840507797,0.0019245039482459173,0.0007034129064863276,0.0004718858075714707,-0.001582553111853337,-0.00014516773447370348,0.0,-30.669998168945312,-0.4095339620630926,0.04106097252953556,0.015232074404694828,0.008971743020639243,-0.05260267640026467,-0.007236746658180701,-0.0013284328488744478,-2.7800025939941406,-0.06166820055626204,0.020223743310778457,0.004554057288328947,0.0010147814298955224,-0.02755898079770213,-0.005117572513707555,-0.0009524238919736061,-25.720001220703125,-0.45162424716665794,0.030345077920737727,0.012127446923724203,0.007303281388752301,-0.036693897281385196,-0.005813378019835041,-0.0010190904139865129,-6.1100000739097595,-0.8829479778245918,0.001687021539427202,0.0006581357055894297,0.0004448049061770181,-0.0014479567625220967,-7.700301286439001e-05,-2.991048789239913e-08
1,GEa,Ethanol,90,3,-10.869998931884766,-0.2516786125842265,0.014348233293401333,0.005754119396428512,0.0033608462208752103,-0.02273831795683208,-0.0023930376737790245,-0.0002600845874982657,-0.3400001525878906,-0.016113751016160305,0.008949638000179522,0.0009177027446779576,0.00010355014277165308,-0.006823689158361876,-0.0007866170612283278,-9.041228951763862e-05,-7.559999465942383,-0.31330293115941427,0.007525685919296436,0.003716118641543856,0.002235507053056735,-0.007022949126240552,-0.0006729928495028358,-0.00011041592535649646,-6.339999794960022,-0.8781163406088868,0.002186543752056074,0.0008335062970407904,0.0005671635291792342,-0.001544171835791818,-5.3381632469049975e-05,-9.999990463257645e-09,-28.81999969482422,-0.3646716454508419,0.049018610852615566,0.014774731039572171,0.008507313882622679,-0.04965743928785859,-0.0049875570550887835,-0.00043059241087911235,-1.4600028991699219,-0.03065301000270785,0.030457688000266898,0.0028379132061362397,0.000418525676231215,-0.03203834185988408,-0.0032086150529046786,-0.0003373531829864455,-27.240001678466797,-0.4248284546419307,0.0369106549259525,0.013688619010754645,0.007751988238054665,-0.041884378371470465,-0.004453735505701063,-0.0005006227404263546,-7.020000100135803,-0.8908629439320597,0.0018468667527648485,0.0007644504745747219,0.0005128596751143153,-0.0014630142099241825,-9.999990463256836e-05,-9.999990463256835e-06
1,GEa,Ethanol,90,4,-13.259998321533203,-0.27283948020274096,0.021972419304478328,0.007889213244692229,0.004278299507155882,-0.025530687979120233,-0.0026931201534837208,-0.00031641116649355164,-0.3299999237060547,-0.01377870201226469,0.008379411048342632,0.0008662014129549598,0.00012473362820757044,-0.00903416174125893,-0.0009060824971011514,-9.422783830065867e-05,-9.260000228881836,-0.339941274107497,0.009502660884895632,0.004465227350680357,0.002738504009907523,-0.009234814918998448,-0.0008720518351064537,-8.617377152634722e-05,-6.650000154972076,-0.8761528354784932,0.0018091530010108361,0.0008394673420735935,0.0005394876202895952,-0.0014324086472994931,-4.98059463160335e-05,-4.981035199751078e-08,-35.20999526977539,-0.39442138001368626,0.04768711267047052,0.017395416784716154,0.010334914993369755,-0.06338388169792433,-0.005085212592495822,-0.0003919706084061337,-1.3400001525878906,-0.02565084436320444,0.026430907187096335,0.002862318075777453,0.0005102698464031703,-0.02712193034974862,-0.002819444754568574,-0.000273102837520779,-32.099998474121094,-0.4503366866420945,0.040409511198952745,0.015253369675535915,0.009208756279119028,-0.04660184994688268,-0.004211292990256163,-0.00035541344963408274,-6.740000128746033,-0.8833551805575433,0.0016890078753893237,0.0007504437766208754,0.0004880158777043976,-0.0015100979140406636,-3.0348450590813794e-05,-2.996000141788941e-08
1,GEa,Ethanol,100,1,-12.960000991821289,-0.31733596825170574,0.015070995794706782,0.0067244771052752785,0.004008445184064107,-0.017274181251807488,-0.00231078862358783,-0.00034283821571153385,-0.45999908447265625,-0.02372352238021378,0.006772102667287753,0.0008410197858552753,0.00015787046020345895,-0.006988348143766983,-0.0008114463426354016,-0.00011335569252279555,-8.440000534057617,-0.37361666565065244,0.008206249637677568,0.0040672331446483375,0.002478711326236609,-0.006181593813252898,-0.000809802221258954,-0.0001615688510786779,-4.64000016450882,-0.8721804539077297,0.0019400900742679058,0.0006608334262366789,0.0004250232482652072,-0.001552630101813613,-9.965399440991405e-05,-3.988023157756911e-08,-37.82999801635742,-0.49730508962958975,0.038277270904272034,0.016972663349951813,0.01080349122121491,-0.04220661288430068,-0.004356212050763636,-0.0005549104602749506,-1.9600028991699219,-0.04115059532261903,0.029553398481748438,0.002753322675883201,0.0004733138042611882,-0.03101129657528675,-0.0028826822961994488,-0.000309275991450931,-28.65999984741211,-0.4956762365735125,0.02834637619823048,0.012914150899074982,0.007920519582029861,-0.03938960476028715,-0.003270406959813452,-0.0004709183040480217,-5.690000057220459,-0.8835403737055704,0.0017108097689880186,0.0006356510879418609,0.00040038106370647814,-0.0014564066951152838,-9.999990463256836e-05,-9.999990463256835e-06
1,GEa,Ethanol,100,2,-11.680000305175781,-0.29420655115148603,0.01671912814661826,0.00603097287121319,0.0037019913606999534,-0.01850430298568166,-0.002946529806739687,-0.0006629826632080413,-0.6700000762939453,-0.036002152300912166,0.006760138538082562,0.001715672210996062,0.0003032037494006314,-0.006745580869238501,-0.0012303350279988278,-0.00029090375941148006,-7.789999961853027,-0.35964912357946116,0.008066941635888385,0.0038107242887205866,0.0023170224065513214,-0.007407889751285452,-0.001425778761936689,-0.0003336845182266445,-5.1499998569488525,-0.877342411814774,0.0018145798831516314,0.0007096758817666092,0.0004637921617067238,-0.001494724837152564,-0.00016192037241886405,-1.9989980936050488e-08,-32.18000411987305,-0.431020660881707,0.04334347342393567,0.015670489276321708,0.009523369110585168,-0.043235085743002805,-0.0062146028517519325,-0.0010900722555097825,-2.0699996948242188,-0.04581672600358706,0.029312599813223796,0.003965047330723482,0.0006362978042462495,-0.033662807584475,-0.0037297819650679207,-0.0007271727484648633,-26.990001678466797,-0.47392451829483906,0.028903031324997296,0.012468100091678147,0.007682120775805964,-0.03638999689747928,-0.0046541330766357416,-0.0008225206847055119,-6.130000114440918,-0.888405801408107,0.0018849490424746689,0.0006703474132168474,0.00043088482893774817,-0.0016815629390632266,-0.00010358469120841885,-9.999990463257645e-09
1,GEa,Ethanol,100,3,-11.520000457763672,-0.2645235513106573,0.017325085981244413,0.006341507497649686,0.0036316256490370345,-0.0196114467411204,-0.0020655299829760105,-0.0002023308166961907,-0.279998779296875,-0.013133151186904066,0.007351213718116617,0.0006762417715006201,8.653201971135507e-05,-0.007086138279370527,-0.0007841732492502789,-8.412911559521548e-05,-8.020000457763672,-0.3292282535639858,0.007876978414880238,0.0039614896586474685,0.002387095261811383,-0.005563718424159847,-0.0006772532482842391,-9.038196515163082e-05,-6.350000083446503,-0.8856345907779561,0.001931431544176417,0.0008128235284146198,0.0005516114699192705,-0.0014333022751960396,-9.999990463256836e-05,-9.999990463256835e-06,-30.51000213623047,-0.3823308392161572,0.045261187444136125,0.016248190888543613,0.009061555480029,-0.0453854620254367,-0.004408306175368238,-0.0005122161892087921,-1.2600021362304688,-0.026277416395878855,0.03956130232668669,0.0036035585638662373,0.00041850835358489536,-0.03049679122490587,-0.003337078954555562,-0.0003174940138689903,-28.85000228881836,-0.4450100489585165,0.03515219161804202,0.01397132456847612,0.008395052742066917,-0.04681843748198878,-0.004453427391161125,-0.00042119580237982016,-7.020000159740448,-0.8976982104399408,0.0018940071142983992,0.0007602942532619915,0.0005055326954764577,-0.001434761134096866,-9.999990463256836e-05,-9.999990463256835e-06
1,GEa,Ethanol,100,4,-14.0,-0.27955270543378014,0.020704958733488626,0.007495596985747438,0.00438651236348942,-0.02219869936058011,-0.002312183694656986,-0.00030608107528230175,-0.26000022888183594,-0.010673243939548637,0.009427908006345263,0.0009578792864501661,0.00010982786776681785,-0.00745506002888267,-0.0007508836805458303,-0.00010410249556418721,-9.760000228881836,-0.34894531528364564,0.009031165507627587,0.004818105874522504,0.0028763111539704344,-0.007872090992820319,-0.0008426170216311588,-0.0001403868113690543,-6.839999794960022,-0.8837209298743787,0.001795110684362615,0.0008174555614242303,0.000537969530447491,-0.0013012255833875414,-4.6848945605885135e-05,-2.995001142741596e-08,-36.540000915527344,-0.39916976786188013,0.050779410852923916,0.01841017884491292,0.010935618815464189,-0.06026440115883951,-0.0063774103684810166,-0.000710908747568611,-1.25,-0.02364289815118857,0.02755315815020819,0.002638042782987805,0.0003332177658722911,-0.032989540722248245,-0.003359772726670233,-0.0003748143580759114,-33.459999084472656,-0.4596785089109,0.04657152389925183,0.017498462564018186,0.009775147802464397,-0.060066300235632884,-0.005945106437526004,-0.00048734943918388976,-6.939999938011169,-0.8908857473678773,0.0016432192412158542,0.0007176267147914395,0.0004760421351274054,-0.0017023521136312904,-3.136199152260508e-05,-1.9989980936050488e-08
1,GEy,Ethylene,10,1,-5.680000305175781,-0.13069490162978686,0.015788850442923073,0.003502715581422536,0.0013706782901556518,-0.022546929206666094,-0.00258593920930657,-0.0005720955287501824,-1.1599998474121094,-0.05628334852302182,0.006957603897680552,0.0012055399420868728,0.0003066108477931183,-0.006663937288219471,-0.0010825495261600625,-0.00026939116958344896,-3.8199996948242188,-0.1585720079131611,0.006639440130112461,0.0018899589415487302,0.0008846750152416657,-0.00804203781406472,-0.0011345231055861385,-0.00032288987895595146,-1.9900002479553223,-0.34429068784087563,0.0020545225879640295,0.0005863181666506356,0.0003671071483880189,-0.0017680824980942722,-0.0001994096446415895,-2.9919242656957688e-05,-16.599998474121094,-0.20466031746031746,0.0474843365422605,0.008463950054919477,0.003811409792382791,-0.04949998302316971,-0.0056004437407428335,-0.0009421534685430013,-6.119998931884766,-0.12135631360003486,0.027466894441319986,0.00456315798623876,0.0014758232219852152,-0.0280191399897191,-0.0029304575199607897,-0.0005426215600718904,-14.640003204345703,-0.23905948404788205,0.03404550990324782,0.006701118548790198,0.0033081187722539622,-0.03615976621082837,-0.004283359365460712,-0.0007395927274974184,-2.049999713897705,-0.2966714557404018,0.0021767451865147827,0.0005338355642491675,0.0003056118912517857,-0.0017604217706798898,-0.00016385881153517255,-2.8732617667106552e-06
1,GEy,Ethylene,10,2,-4.089998245239258,-0.11592965948851915,0.013846081053421702,0.0031099833038803052,0.0012005843022906849,-0.016284463872016944,-0.0022905387765070205,-0.000381496648498363,-0.6800003051757812,-0.04118717721070772,0.005835359389312343,0.0011822036886552372,0.00029803314859686865,-0.006464737809982367,-0.0013115050891263857,-0.00015275399168658427,-2.6800003051757812,-0.13922079507406657,0.005849561900610178,0.0018250938293556448,0.0007948117364749728,-0.0052803559156911345,-0.001157110930794332,-0.00017805940266283173,-1.8299999237060547,-0.32446807926014487,0.0020699465035459662,0.000599940932347778,0.0003731092601950072,-0.001789185731554397,-0.0002046949219281999,-2.195759057486267e-05,-11.259998321533203,-0.16924693413698277,0.03855660714368278,0.007421747238432117,0.003063622513169232,-0.03819169781007615,-0.005041588101648602,-0.0007382208693096313,-4.19000244140625,-0.10381571798915175,0.019018923343168286,0.0033511463386109086,0.001220782911263541,-0.021527810220617425,-0.0035902321887575743,-0.0003854935924232693,-11.110000610351562,-0.21614786538007966,0.025116170259537166,0.006002441574842806,0.0028149707720690393,-0.0264762085372622,-0.0043257502960547395,-0.000573364907964201,-2.0099997520446777,-0.29999997153210917,0.0023628579959780035,0.0005544529877599664,0.00031754861926389837,-0.0019999980926513673,-0.0002319756524109936,-1.999998092651367e-05
1,GEy,Ethylene,10,3,-4.599998474121094,-0.1062846257824184,0.017003135883528663,0.0030481852708090632,0.0012445999055679475,-0.018831325887278698,-0.0022056564214462124,-0.00027912622198839147,-0.9400005340576172,-0.04547656171204794,0.007138675828099862,0.001020324953434628,0.0003112465201508639,-0.007236324612135097,-0.0007273208879521306,-6.917272621655768e-05,-3.3899993896484375,-0.14025649064740242,0.007049098913150789,0.0019258845205840233,0.0008735645387591544,-0.007176564154091672,-0.0007636900445127707,-0.00012029520042539386,-2.630000114440918,-0.35066668192545575,0.0024505719183966937,0.0007793676127619349,0.0005083553562641018,-0.0019436713941794897,-0.00015950987008245008,-4.987893305470209e-08,-11.930000305175781,-0.15095533961087482,0.042439884606239084,0.007785259254724669,0.003204366208974869,-0.0475141423369213,-0.004805301515924926,-0.0006257258234308962,-4.869998931884766,-0.10477622590033381,0.029938030300057185,0.004399480198304756,0.001477641464092731,-0.028367268421467393,-0.0028613884439248637,-0.00026965879265371186,-13.430000305175781,-0.20831394525959823,0.04337747054188804,0.007592316349038054,0.003301018766241172,-0.05092097337828151,-0.005155522073169482,-0.000524405667411254,-2.5300002098083496,-0.32270410211321576,0.0024369248711326326,0.0006579141538816373,0.0004004081622409352,-0.002081967813844541,-0.00014073387271366933,0.0
1,GEy,Ethylene,10,4,-4.849998474121094,-0.12046693185098954,0.01896830396540161,0.002715845955269248,0.0012443120198275266,-0.019764858165072712,-0.00198588532342561,-0.00023638636730058298,-1.1300010681152344,-0.05571997188635927,0.007986079361087674,0.0009464506386517538,0.00030404097592375473,-0.007075162296137116,-0.0006484108865412309,-8.907688691886151e-05,-3.5699996948242188,-0.15706114239864075,0.006262331451358801,0.0017407415704887856,0.0008822414097594379,-0.006024694691754175,-0.0006764119184658353,-7.468050332429432e-05,-2.9800000190734863,-0.36654366262311106,0.0025072555742429604,0.0008429859422238185,0.000565217990409941,-0.0017827958981564058,-0.0001589673155808756,-1.0000228881835938e-05,-12.779998779296875,-0.17223718739788488,0.03445669133785036,0.006479464149528886,0.003210370540782342,-0.043849278079596585,-0.004312959651989367,-0.00046093158275973986,-5.4499969482421875,-0.12195115497240128,0.0233360335666439,0.003292215612185143,0.0014119257912629667,-0.026061772520613747,-0.0027748887480437113,-0.0002677004257655503,-13.619998931884766,-0.22538472386402128,0.034875940298332644,0.00659131622152904,0.003321434588671301,-0.03855992452533702,-0.003950001811195595,-0.0003552252071763201,-2.7599997520446777,-0.3333333141369898,0.0026059822519929683,0.0007056108112715598,0.0004447113430347709,-0.0024601490287367595,-0.00020012794097471693,-9.999752044677734e-06
1,GEy,Ethylene,20,1,-7.130001068115234,-0.1517344288877215,0.017001061943484618,0.00418976316954744,0.0021370342438535367,-0.024515909829286083,-0.0025838920041318693,-0.00038047267729793857,-1.3600006103515625,-0.06173402487345309,0.00729602772378172,0.001131090251691608,0.00045332163544700585,-0.007887168490694119,-0.0008344625782788736,-0.00010011711888843091,-4.75,-0.18425135273408208,0.007273062727797319,0.0025909709046201867,0.00138129500611153,-0.007527969112685434,-0.0007654939982471313,-0.00014994109242472126,-2.68999981880188,-0.4551607255928756,0.0022802434824377104,0.000770318441240166,0.0005386582040356303,-0.001727857466325845,-0.000182229532970038,-3.4113742285337012e-06,-20.519996643066406,-0.23725282864947542,0.05481244492356486,0.011976394138828185,0.005780562128826254,-0.0497669845346729,-0.0051181322445577986,-0.0006843250375488477,-7.5800018310546875,-0.14579729921790271,0.02323866268185791,0.0044933307554520545,0.0022719630726446517,-0.03302709929557458,-0.003381284948198178,-0.0003006284321361418,-17.0,-0.26295436347662,0.031078308151141227,0.009353013367804761,0.004914569340718998,-0.04176018995833457,-0.0037214132043937352,-0.0003913612276153286,-2.5099997520446777,-0.38674881980962367,0.00224016709305083,0.0006196009482673728,0.00041093701428126074,-0.001811956498041215,-0.00013741376648151662,-9.999752044677734e-06
1,GEy,Ethylene,20,2,-5.3300018310546875,-0.15163589188269355,0.012658431743941073,0.004008753559441661,0.0017153462458946536,-0.018260384236272638,-0.003249789846144692,-0.0003827027758762147,-1.0,-0.060313631158116096,0.005880235830666102,0.001369877852936815,0.00035122078893589157,-0.006142410926678789,-0.0011730347014358925,-0.00017644383010752165,-3.510000228881836,-0.1831941678932697,0.006435096603063863,0.0023055434948693054,0.001101673315536079,-0.006226611314070892,-0.0012920386500627407,-0.00019954247758507897,-2.5799999237060547,-0.4558303875018113,0.0023228831187587337,0.0007610231071164366,0.0004993219163675423,-0.001678186443993836,-0.000241900395891643,-1.9309686910964352e-05,-14.75,-0.2229780749775126,0.027972210689542178,0.009149551754660645,0.0043054405821841375,-0.03282110557894865,-0.005008320661391911,-0.0007707878468615652,-5.689998626708984,-0.14014775469353416,0.02386048044889018,0.004108810023652831,0.0017135926310796407,-0.019978246175732205,-0.0029639078715660793,-0.00039097921260199993,-13.34000015258789,-0.26075059015588886,0.02471976167500655,0.007849658285165038,0.00398106048640868,-0.027374542845069485,-0.0037766960278739744,-0.0004883710121208175,-2.9100000858306885,-0.43111112382676864,0.0022029985084857534,0.0006994656473477513,0.00043868305300966956,-0.0019137133260450365,-0.0002155004211780503,-1.0010208644376279e-05
1,GEy,Ethylene,20,3,-6.349998474121094,-0.14892116709698314,0.02023236250514621,0.0039899553464896875,0.0019589046998616613,-0.019270580152731673,-0.0019831608807730624,-0.0002750173308882707,-1.5599994659423828,-0.07435650619542851,0.007287294795675972,0.0013861579073056148,0.0005096315753805869,-0.006376322129896942,-0.0007004856469917471,-8.706079428222454e-05,-4.469999313354492,-0.18757865411941282,0.006865800068940493,0.0025629514594996557,0.0013378454639433603,-0.008342156561016239,-0.0009515461449585306,-0.00016196893120883546,-3.6999998092651367,-0.4855642867235642,0.002695973566567261,0.0009976456814772747,0.0006626565120612267,-0.0018844964074459262,-0.00013805691191324496,-9.999752044677734e-06,-16.509998321533203,-0.2122926454183556,0.0335874331187036,0.009904184543179782,0.004823051371605521,-0.04761083443817921,-0.004613585669969573,-0.000538015045204556,-7.44000244140625,-0.1572606684726609,0.022090333836535206,0.004462514090326757,0.0021622371771881253,-0.030304141072125115,-0.0028506509250671047,-0.00023197047957857161,-17.12999725341797,-0.2701040326079032,0.043064933612934404,0.009995211493406833,0.00508051728714106,-0.03650319523540292,-0.0031727158833371604,-0.00035607882776040255,-3.700000286102295,-0.4567901372655168,0.002517899490494013,0.0007905899377320235,0.0005239002383630487,-0.001970532300117964,-0.00015232292031669856,-1.4926440387889593e-07
1,GEy,Ethylene,20,4,-5.9499969482421875,-0.1489733889040061,0.019239042253580824,0.003599580423944095,0.0019205503501337894,-0.020073357516210363,-0.002323232129793894,-0.00023848406270118294,-1.4200000762939453,-0.07061163765271118,0.007968268454760001,0.0012908890249555406,0.00048327984961918325,-0.006972346995517286,-0.0006813911560185694,-6.954016713623171e-05,-4.280000686645508,-0.19005331259529332,0.007324468197790253,0.0023939891109671495,0.0012929894751803372,-0.006488128063176459,-0.0007032554878114743,-5.3671563135244146e-05,-4.020000457763672,-0.49629632943724034,0.002876817262395211,0.001071193910173381,0.0007409829060980198,-0.001671232228153111,-0.0001391128677213345,0.0,-15.610004425048828,-0.2129604880647339,0.036794853003220766,0.008957195727046525,0.004587240910344947,-0.04320450391387673,-0.004685402748169955,-0.00043653908431519144,-6.829998016357422,-0.15379414635948088,0.01973179426386857,0.0038730106890330473,0.0020477943970933442,-0.020078413427737953,-0.0023021644593465024,-0.00019569524412581425,-15.939998626708984,-0.26655516438251564,0.027345366518408295,0.008673362493228993,0.004587576787700836,-0.04444241451013056,-0.0042124159736168214,-0.0004000450492895757,-3.820000171661377,-0.4607961627550489,0.0026385277460427765,0.0008587156687137605,0.0005800190203591126,-0.002294849082150113,-0.00017052955411099121,-9.999752044677734e-06
1,GEy,Ethylene,30,1,-8.029998779296875,-0.18400547414310045,0.01884122285158201,0.004754422253613536,0.0025233997719254758,-0.01998862166344533,-0.001820118334159971,-0.00023569995527924755,-1.5699996948242188,-0.07617659623142718,0.007135308887507612,0.0012868918799877917,0.0005723220543953203,-0.007436564528420777,-0.0007629618681786951,-9.281487670245779e-05,-5.299999237060547,-0.2192800670389245,0.0075979181588846185,0.002878423631421231,0.0016234088586707985,-0.007709805193055393,-0.0008010172455570777,-0.000108332338347071,-3.140000104904175,-0.5395189024552607,0.0023035074419413474,0.0008564207430813339,0.000591955770573094,-0.0016238353107930435,-0.00013431046620054828,-2.095950537183999e-06,-22.939998626708984,-0.28188743427053264,0.03898061590515031,0.012296995904939162,0.006710792848678779,-0.05146585838183569,-0.005200348766760076,-0.0005767131324524145,-8.970001220703125,-0.17706279604660016,0.029852675107117643,0.005610488338598382,0.0027220971000869467,-0.025852626833601643,-0.0025668726193796756,-0.00030703378755006603,-19.170001983642578,-0.3122150082612424,0.030150683943479983,0.010654312192724724,0.005631677113391585,-0.03674827033552459,-0.0036315889329904785,-0.0003186003439048948,-3.379999876022339,-0.48773448192604785,0.002139343575360048,0.0007374142181505273,0.000498386722946014,-0.001904390827321021,-0.00015974144519685472,0.0
1,GEy,Ethylene,30,2,-6.710000991821289,-0.1870122851747664,0.01312428332013375,0.00404271676987128,0.002082163584648748,-0.013226788276512904,-0.0020279523530954465,-0.00021418719305943372,-1.3199996948242188,-0.07764704087201287,0.005292671581847753,0.001055243175405441,0.00045059382044213236,-0.005804690104120576,-0.0008043211825027531,-0.00010059011599862185,-4.379999160766602,-0.22404088653177662,0.006430458933291712,0.0023482881541968224,0.0012742732579339182,-0.006529413045204426,-0.0008262634710272413,-0.00011732418475554481,-3.070000171661377,-0.532986119734468,0.0022370605203369926,0.0008614647867874627,0.000586709933295604,-0.0015713853599976422,-0.00013672610627755516,-2.5881814296147794e-06,-18.330001831054688,-0.27240305515919516,0.031940510214721315,0.009468768153186763,0.005200941465502307,-0.03457523936899556,-0.003350276912846369,-0.000408733350326045,-7.189998626708984,-0.17316952185544962,0.015841819000614956,0.0040602326629955235,0.002134329055463641,-0.02487114533414723,-0.002482890017594551,-0.0002441700893108282,-16.30999755859375,-0.31431870785196886,0.018996495003986903,0.00849810042725815,0.004651506622002197,-0.02943294337113117,-0.0034370117264818445,-0.0003954886893229695,-3.380000114440918,-0.49852507519855377,0.0021092939368359013,0.00076784528684688,0.0005086793770746155,-0.0018814688181562147,-0.00017482202541345852,0.0
1,GEy,Ethylene,30,3,-7.950000762939453,-0.18644467346942428,0.01618233417211358,0.004912847575142176,0.002340904880016706,-0.01848476257963499,-0.0020054301042025193,-0.00021530343349115914,-1.9099998474121094,-0.09103907955607687,0.005705784155172607,0.0013045572191945115,0.0006360286406177824,-0.007123343710104333,-0.0007143937611200448,-9.3902889394131e-05,-5.459999084472656,-0.22941173359243355,0.00718694356387634,0.002928226958887394,0.0016026882936182084,-0.006665835463282569,-0.0006887337011457563,-8.827919564666024e-05,-4.25,-0.5606860214745315,0.002511628423551922,0.001085255065501727,0.0007318289272461873,-0.0020224246828017423,-0.0001328751403362702,-1.0000228881835938e-05,-20.229995727539062,-0.26012596889243494,0.0430063635178135,0.011957134606995913,0.0058025437275045924,-0.057692435668338315,-0.005534718581975651,-0.00043490210685856456,-9.0,-0.19108280873820016,0.021150957666473687,0.005225803523159211,0.0026354896378414177,-0.026769244090372263,-0.0025581530344301914,-0.0002713084668071182,-20.310001373291016,-0.32110674107969983,0.041651160412083874,0.01043761653665694,0.005862810322759304,-0.04064771442460877,-0.003887964288949103,-0.0004139287308972152,-4.21999979019165,-0.525529256603126,0.0024273729803862276,0.0008878772665795074,0.0005798572940747591,-0.0017717950929368306,-0.00010863924533472312,-1.0000228881836145e-08
1,GEy,Ethylene,30,4,-7.680000305175781,-0.19038176192676823,0.016622121638138088,0.004703256093478417,0.002396415998897076,-0.022868867693299325,-0.002344153035993904,-0.00027911368368082755,-1.8900012969970703,-0.0936107601289515,0.006309227742985148,0.0013661437134655737,0.00064842285165563,-0.0065101760158693435,-0.0006266205123983888,-9.094484324676632e-05,-5.429998397827148,-0.23815783243540153,0.007097529539995669,0.002751135942216741,0.0015821611972979602,-0.006767108671247801,-0.0006221817023914715,-8.875373676702362e-05,-4.65999960899353,-0.571779119890792,0.0027909323398229735,0.0011802700543153783,0.0008731053990885065,-0.0018199026594290335,-0.00012299628007649845,-3.996949575948492e-08,-19.609996795654297,-0.26428568197021823,0.03511555750614709,0.010293275954240379,0.005600753966905856,-0.04857559565150432,-0.004780823417614958,-0.00037279854862702454,-8.529998779296875,-0.19168536582689608,0.019832306347912016,0.004957784883559408,0.002536487246079893,-0.029199636295670964,-0.002776298499455519,-0.0002909998860896257,-19.560001373291016,-0.32282557062273876,0.03921745251429888,0.00999846320337462,0.005568924838863938,-0.03460733522865944,-0.00348424146701538,-0.00026304619816887455,-4.430000305175781,-0.533092669251648,0.0026633516697216874,0.0009452780077978289,0.0007013339006028183,-0.0021165807839907194,-0.0001363492852531756,-1.0009752273559569e-05
1,GEy,Ethylene,40,1,-9.259998321533203,-0.21625404921832558,0.020888127198920015,0.005657735027247476,0.002982741374525385,-0.01900773885719234,-0.0026189854618078393,-0.00026307016988302693,-1.9200000762939453,-0.09425625906681123,0.008239078954683182,0.00156491303507521,0.0007204710183841289,-0.007498224515195396,-0.0011196446715156126,-0.0001326912257392335,-6.039999008178711,-0.25463740231974447,0.007983188491918302,0.0032280033333559536,0.0018799088235280383,-0.006793668166061642,-0.0010554477480798493,-9.985895079959195e-05,-3.380000114440918,-0.58782610685929,0.0023921999867026118,0.0008946499854877302,0.0006059695338629001,-0.0017748011189245255,-0.0001399888855371472,-9.652082186017454e-08,-26.259998321533203,-0.3280039860395227,0.03767497084393427,0.01313733927334855,0.007578077251995594,-0.0547404780400846,-0.005011974360814178,-0.0005052328085447589,-10.290000915527344,-0.2054712567751245,0.027082935273279922,0.006265200826007344,0.0030451719146648445,-0.033079284374546485,-0.002820814635780598,-0.00029085279954205444,-21.720001220703125,-0.3584750151180752,0.029620262590265116,0.011264348943807893,0.006320003616180151,-0.035523339359440916,-0.003797006251678296,-0.0003157032584040106,-3.7699999809265137,-0.5401146089720121,0.0023389872661823447,0.0008056666810452746,0.0005166257857435163,-0.0019999980926513673,-0.00019999980926513672,-1.999998092651367e-05
1,GEy,Ethylene,40,2,-7.429998397827148,-0.2137514026640328,0.011304337502859838,0.0043253417366367975,0.002179579252318198,-0.01543975937984228,-0.002725465777505982,-0.0005142709249632893,-1.4799995422363281,-0.09035406703690348,0.0049930097015904425,0.0013918108015230034,0.0004957437108665975,-0.006574490430658223,-0.0012631951636185212,-0.00023724438625132106,-4.780000686645508,-0.2522427701424563,0.006587986250970146,0.002531228923352972,0.0013663539102534655,-0.005974914630783392,-0.0013824352441060375,-0.0002821817716533344,-3.2400002479553223,-0.5796064686072261,0.002326868971108868,0.0008592490095009941,0.0005941061712654937,-0.0017870726331166713,-0.00027260602048208613,-1.8285078037421386e-05,-19.750003814697266,-0.30277483977161174,0.0300053199134365,0.010592061331491697,0.00541765955399608,-0.03368430375519998,-0.0053057172260011845,-0.0008904187915635822,-7.909999847412109,-0.1968151310698323,0.015437499000922509,0.004767498913348409,0.0021895196690682995,-0.020405327304010224,-0.003045402554712629,-0.0005603511700828898,-17.56999969482422,-0.3482655981985858,0.025706672459526875,0.009596594795981652,0.004931278978819443,-0.02860723755898917,-0.004131719986575645,-0.0006903687836864639,-3.6600000858306885,-0.5487256437730501,0.002194690783817392,0.0008004742124222177,0.0005285223913545769,-0.001905571292200493,-0.00021640544539011148,-1.0956290186362693e-07
1,GEy,Ethylene,40,3,-9.020000457763672,-0.21153847530198197,0.014368492564286378,0.0051067132873327875,0.002734398847766514,-0.01948476964482203,-0.0020496037832121736,-0.00022210116104553985,-2.299999237060547,-0.1099951819150875,0.007159429760103954,0.0015832515860359653,0.0007574511112116286,-0.006944880081562027,-0.0007665604579424539,-7.886573815127936e-05,-6.260000228881836,-0.2622538755253299,0.007177820033130679,0.00322482779984942,0.001817470315142654,-0.008011272844240545,-0.0007554871289569659,-0.00011972028096481932,-4.6499998569488525,-0.611842094118245,0.0024367276623029647,0.0011180494114787817,0.0007808180643216457,-0.0018675904885509691,-0.00013760887611224024,0.0,-23.159996032714844,-0.2968469242400699,0.034254766158771266,0.01212649762162259,0.006501670281842569,-0.05060326367501266,-0.005076531622601059,-0.00040995875935580575,-10.479999542236328,-0.22198686179774138,0.027265573436786202,0.005257143476621687,0.003003205095479057,-0.02879553174745391,-0.002566371023241037,-0.00030496599180231576,-22.970001220703125,-0.361220335989704,0.043732975235194156,0.01142095231035113,0.0064869863036270065,-0.04387539537344455,-0.004104544438058434,-0.00024216723534797754,-4.7099997997283936,-0.5800492445947982,0.002442636769960956,0.0009304768881000328,0.0006334991871052935,-0.0019798016295884324,-0.0001506285581386581,-5.98188363835475e-08
1,GEy,Ethylene,40,4,-8.860000610351562,-0.21876544716917437,0.017745672020811495,0.005699888459062944,0.0027358440103888316,-0.019983996222919943,-0.0022640405034866184,-0.00019808273652809506,-2.239999771118164,-0.11222444257829207,0.007911499761269503,0.0014828472300273906,0.00074865134496205,-0.006602929664573812,-0.0006368583933149392,-7.4258225229798e-05,-6.239999771118164,-0.2724890775137335,0.0073362971569773455,0.003210326831838068,0.0018186504263626854,-0.0060355240450829,-0.0006059371430715883,-5.065265836919406e-05,-5.0299999713897705,-0.6194581332858532,0.0026520212003919618,0.0012283762448825283,0.0009304232381401591,-0.001765773100594045,-0.0001503573148405268,-1.9980467306137398e-08,-22.640003204345703,-0.30324138888082736,0.036065889461373304,0.011910201266625833,0.006518527884707672,-0.040735698700107334,-0.0037892370953241153,-0.00033871461638931003,-9.549999237060547,-0.22014751041764954,0.01716765652747913,0.004890257327516745,0.0028870921913059762,-0.030123576139926826,-0.0029825691754795146,-0.00024945881004091383,-22.189998626708984,-0.36430797376946267,0.0371742559362073,0.010996005670922578,0.006360564794635539,-0.03862764234676473,-0.0033623273181243854,-0.0002904217041916365,-4.819999933242798,-0.5814233963115006,0.0025997305677766228,0.0010075174482598187,0.0007510707218227541,-0.002128892042737817,-0.00013625623665608196,-9.999752044677734e-06
1,GEy,Ethylene,50,1,-11.14999771118164,-0.2452705221234824,0.019131564246220555,0.005694916156276266,0.0031335408398234037,-0.022655962656661185,-0.002503420711573542,-0.00030462414018582587,-2.6300010681152344,-0.12318505953741749,0.007412865606168267,0.0014758291706898122,0.0006863164944017971,-0.007426986663808997,-0.0008624250298235772,-0.000126791913033869,-7.1100006103515625,-0.28508422045309395,0.00815680308425647,0.003485615553536731,0.001974970718782946,-0.007064204967406564,-0.0007608626830523785,-9.88063308738145e-05,-3.5399999618530273,-0.6178010384065284,0.0024225706356051976,0.0009304483755248241,0.0006539622160668126,-0.0015351595196918808,-0.00016532727728629137,0.0,-29.78000259399414,-0.35630535943502684,0.04406770423813659,0.014457597630689892,0.00813893019120987,-0.05224206801284555,-0.005128660311211127,-0.0002961666463376753,-11.89999771118164,-0.23269452196337712,0.021667965608757014,0.006111056335828794,0.0033644923675590316,-0.03344534819246166,-0.0032725999186875273,-0.0003363776648554683,-24.300003051757812,-0.38842715022912877,0.02833555097337364,0.012436262894516346,0.006750907065657849,-0.04214404368062381,-0.004126620236891763,-0.0004358644984838651,-3.3999998569488525,-0.5388272405357836,0.0023001353598129967,0.0007911260630544321,0.0005513912017508421,-0.0015884913849892497,-0.00011263031495954419,-4.9811778378339215e-08
1,GEy,Ethylene,50,2,-8.279998779296875,-0.23516043722217225,0.013020483815758826,0.004679071902478259,0.002615785175979143,-0.014652268170885616,-0.0021202095767558155,-0.0002559609108113949,-1.7899999618530273,-0.10841913610162668,0.005897800062751742,0.0013135388472475503,0.0006126022768796354,-0.005502966222942477,-0.0010395748655654732,-0.00013864641920402598,-5.34999942779541,-0.27835585946551566,0.00646804313718868,0.0026875520291375346,0.0016259137978340062,-0.007006441458392921,-0.0010861801853005477,-0.00013744387015395188,-3.499999761581421,-0.6183745328512167,0.0022837463523319975,0.000924846238290359,0.0006352636559562905,-0.001557319460000061,-0.00011992996916218297,-1.0009970463739157e-05,-22.1199951171875,-0.33343377054956946,0.028267870167552167,0.010839317880222358,0.006379407578500081,-0.03770874913636039,-0.0039701597040431155,-0.00044916594028983803,-9.170000076293945,-0.22492028386886462,0.017633676337723527,0.004764165282290455,0.0026726269344974143,-0.021120191408835795,-0.0026295230929745316,-0.00033316722539153236,-19.3799991607666,-0.3779251096353542,0.023796646404237922,0.009407252764352078,0.005674120496116713,-0.025638099628656156,-0.003223808256191464,-0.0003151319010636622,-4.010000228881836,-0.5897058994712296,0.0025218760674292446,0.000859292444777336,0.0005619366108552769,-0.0017386154577162254,-0.00012991225488827215,-7.968266220167712e-08
1,GEy,Ethylene,50,3,-10.25,-0.23787421591328092,0.02339045032533294,0.005891585000145399,0.003246948444939697,-0.018748737513953496,-0.0018790045668205142,-0.00024703208748696315,-2.6300010681152344,-0.125178535909764,0.007920017817990111,0.0017976817704512507,0.000867164689380117,-0.006503824644498276,-0.0006315153604956523,-9.546046955851251e-05,-7.030000686645508,-0.2918223595731403,0.007042691654422724,0.0035224256988409665,0.002066336161397133,-0.0068904506746849704,-0.0007178475128346917,-8.831611780331043e-05,-5.080000162124634,-0.6623207446666977,0.002715377405018993,0.0012140981407742096,0.0008236524025337456,-0.0015959914893208054,-0.0001553277267499721,-9.999752044677452e-09,-25.749996185302734,-0.3269010699846124,0.03364248286710739,0.012923179957312236,0.00743623495563115,-0.05240752947289437,-0.00498708995377043,-0.0004895322313762901,-11.90999984741211,-0.24947631815405097,0.032689443858175696,0.0060799086461744475,0.003583441097305922,-0.03276048125871821,-0.003284789288872567,-0.00030922573178433766,-25.430004119873047,-0.39548993643753566,0.038740534695938515,0.012672550061934181,0.007212353191021265,-0.04196583787469112,-0.004246490827577045,-0.0004090252240343169,-5.169999837875366,-0.6335784233519315,0.002462541186460739,0.0010074662120724014,0.0006777573751700722,-0.002314666227430433,-0.00020451155341871807,-1.0000228881835938e-05
1,GEy,Ethylene,50,4,-10.0,-0.24888003793050872,0.01561924469200225,0.005472499722935717,0.0029125712527797274,-0.016239913692622863,-0.0015786302150512898,-0.0001621995280021986,-2.6400012969970703,-0.13127803166938432,0.006319189906264556,0.0016382305611439827,0.0008142058971552836,-0.0076232597208084575,-0.0006524191695940584,-6.60576168977121e-05,-6.84999942779541,-0.30269552283816187,0.0070893675225086415,0.0033136265600904307,0.0019137520414970089,-0.005968698187821083,-0.0005794564775750426,-3.611803411952049e-05,-5.240000247955322,-0.6541822844225818,0.0028143501680517025,0.0012487805225656113,0.0009018987434155665,-0.0017831748982355912,-0.00015321458025468551,-9.999752044677452e-09,-25.020000457763672,-0.33925424349510064,0.03221215321136647,0.012003034487623587,0.006806268270637486,-0.04479177794284935,-0.0037740163220912515,-0.00023768950821078486,-11.150001525878906,-0.2516362261410322,0.01702084055922202,0.005274747782105802,0.0031156426824698537,-0.022316680020746833,-0.0021591339324796353,-0.00019176789419519925,-23.970001220703125,-0.3998332096022451,0.03659506556896765,0.011366419247596665,0.006646360914864841,-0.03734310032235999,-0.0035623787142023116,-0.0003305645529019936,-5.070000171661377,-0.6167883220147355,0.002883474871047887,0.0010736978666005467,0.0007283805650155106,-0.0022378171026378397,-0.00014361504234681902,-1.0000228881835938e-05
1,GEy,Ethylene,60,1,-12.03000259399414,-0.2744695891267468,0.015881224970907076,0.006121266447990876,0.003539113393398649,-0.02461287789652296,-0.00247751643949265,-0.0003640274245293743,-2.8700008392333984,-0.13824666703233368,0.0064742141486699165,0.0015902099950383356,0.0008130787109024337,-0.007174203796102009,-0.0008471871755994303,-0.00013564583680637004,-7.730001449584961,-0.3183690787058593,0.007641261239347259,0.0035985125370755597,0.002153925818702594,-0.0071098298969523585,-0.0010069507767863169,-0.0001784472838500093,-3.819999933242798,-0.6574870862073168,0.00246963159146678,0.0009203948816377236,0.0006467514347675659,-0.0018028108686915915,-0.00016655881791000505,0.0,-32.130001068115234,-0.3935088850908552,0.04386902379425603,0.014510366283919088,0.00869788550715134,-0.05041454991013903,-0.004999927171607742,-0.0006787666198101933,-13.34000015258789,-0.26270186044247484,0.026525399943955134,0.006613763031447786,0.003713308272605683,-0.03749265094164663,-0.004169183514373667,-0.0003808345986916626,-26.18000030517578,-0.42527614881656706,0.027744822062879596,0.012264868668404998,0.0072466836420770194,-0.034281658534305225,-0.00384813848364723,-0.0005111514735334827,-4.179999828338623,-0.6049203937253473,0.0023945888480527274,0.0008394995585011162,0.000564527419281863,-0.0018453964710491268,-0.0001302864379583139,-2.995001142741596e-08
1,GEy,Ethylene,60,2,-9.339998245239258,-0.2652655066201955,0.04387619464114677,0.009689973071837752,0.003979045985320286,-0.014729421832562217,-0.0023422763554606053,-0.0002347191039877481,-2.2100000381469727,-0.13329312716021902,0.014378057017587662,0.002664123107702795,0.0008801176867295194,-0.008712840558049934,-0.0010669293101931683,-0.00015341386409575497,-5.939999580383301,-0.30905305892784574,0.029010188675852328,0.0058015075073740785,0.0024282297841977155,-0.0074512991546800324,-0.00131505785472371,-0.00014566327420753868,-3.7100000381469727,-0.652021089778212,0.009149998255031625,0.001960011391708704,0.0006684419663578821,-0.0015033699686215081,-0.00017448340327159606,-9.999990463257645e-09,-24.29999542236328,-0.3662947959568117,0.10560109698112999,0.022330473735869515,0.009567839880344311,-0.03584138351328714,-0.0051965516742173866,-0.0003703736102983706,-10.129999160766602,-0.24950737786907995,0.050969678163168955,0.01068325527629936,0.003874998528190703,-0.02821752088931101,-0.003077731275704342,-0.00028599455147456656,-20.989999771118164,-0.4102814666482046,0.0930139607629954,0.02002808938776281,0.008465534053246014,-0.039855617070300636,-0.0036680270927276974,-0.00037680641227236537,-4.200000286102295,-0.6176470835728622,0.00883110079765502,0.0017519477303781822,0.0005933543415529814,-0.0016993311829773098,-0.00015636263051140592,-9.999990463256835e-06
1,GEy,Ethylene,60,3,-11.420000076293945,-0.265581397123115,0.015395974480154917,0.005757375256341906,0.003468950202139521,-0.017975229880225766,-0.0020228034652358144,-0.0002811323985053929,-3.059999465942383,-0.14502366874977457,0.008039458686633465,0.0018995759840186744,0.0009463455612688014,-0.009131848145653198,-0.0007949238758775188,-8.348917093156853e-05,-7.630001068115234,-0.3176519951168064,0.007702425051379263,0.0036801593465036675,0.002226134097239871,-0.006111148306519156,-0.0006393749851335209,-7.740062816458628e-05,-5.190000057220459,-0.6819973674328498,0.002489863268610813,0.0011637145923479822,0.0008220783746154127,-0.001744301165719989,-0.00015314604293966772,0.0,-27.95999526977539,-0.35608757596966045,0.04044714557516803,0.013870819569385464,0.008055740457815933,-0.04052916908193874,-0.004173766730360495,-0.000326963629658752,-13.0,-0.273569020933713,0.022996946022013055,0.006796105739946965,0.0036027610330784054,-0.02649919785785376,-0.002408896389751081,-0.00018686347691038258,-27.240001678466797,-0.4248284546419307,0.036820533700029884,0.01242328921670767,0.007636387730618956,-0.03504564462529224,-0.003396092014738535,-0.00024265708862846374,-5.180000305175781,-0.6466916550761308,0.0023249779853150155,0.0009955504497300206,0.000674266143082458,-0.0019566555596033297,-0.00012951746526412063,-9.999752044677734e-06
1,GEy,Ethylene,60,4,-10.75,-0.2686156890813967,0.020033385506491766,0.006080097847299827,0.0034072812709552555,-0.017097655399817634,-0.0018942314481038888,-0.00019062195269541635,-2.970001220703125,-0.14768777377233525,0.006088046538473207,0.001789134367988802,0.0009610368320373101,-0.007284747501539769,-0.0008104540501184154,-8.63988528257568e-05,-7.329999923706055,-0.32491135182745734,0.008298329154621586,0.0034670959467613567,0.0021456149238256233,-0.006668489353521829,-0.0006147377477568031,-5.0842321971793985e-05,-5.450000047683716,-0.6812500059604645,0.0027270582591268676,0.0012523794303688908,0.0009103839779858298,-0.0016043211823454368,-0.00012690446569126637,-1.0000228881835938e-05,-26.819995880126953,-0.3647986548521737,0.031985855944093755,0.012769157464829765,0.00758984797811418,-0.04311412574234269,-0.004165040863093642,-0.00031203428682529034,-12.200000762939453,-0.2753328906528384,0.023860956398692915,0.00589865109018581,0.0034262708551571945,-0.029078664784465445,-0.0029040029843042095,-0.00018239350591008627,-25.520000457763672,-0.4267558659423505,0.02872840265320482,0.012331214874438676,0.007203687381375782,-0.035045110009096075,-0.0032183653451045113,-0.00019698934181213947,-5.21999979019165,-0.6397058686033112,0.002482506198851693,0.0010529119516340612,0.0007412992856644545,-0.001986429587689878,-0.00016156015295296227,-1.0000228881835938e-05
1,GEy,Ethylene,70,1,-12.469999313354492,-0.29060823485662524,0.01582297828329259,0.00643203786235262,0.0036007297358690215,-0.020729431151329056,-0.0039042323229464895,-0.000602794099314352,-3.030000686645508,-0.1483113382958629,0.007652602013057596,0.0017134366958568184,0.0009158545725697436,-0.007874365532162654,-0.002206561441438652,-0.0003066225728265364,-7.940000534057617,-0.3341751034331231,0.007982630235759718,0.003762704495611956,0.002198791119776824,-0.007721762852703694,-0.002231617712004089,-0.00031795951220837254,-3.889999747276306,-0.67770033142676,0.0024098029534279303,0.0009428538961572608,0.0006445281280200223,-0.0018644204857547787,-0.00019936116325531018,-1.9960040924614085e-08,-33.3599967956543,-0.4166874570691689,0.032165132884870114,0.014647637985542817,0.008922003616033937,-0.05119619685477726,-0.0065382654977768065,-0.0007370010043506757,-14.040000915527344,-0.28035144573060133,0.024772960363077693,0.00673356310546437,0.0038814901400755376,-0.03719022377292145,-0.0042361098786243495,-0.0005884356905830734,-27.170001983642578,-0.44842386392504585,0.029127641033464553,0.012241967813888654,0.007321137583811981,-0.03589382233070906,-0.004570499751813307,-0.0006597511058367967,-4.3399999141693115,-0.6262626293902477,0.0022727003185774547,0.0008323216418080912,0.0005603968399877386,-0.0018827625496154264,-0.00014262733577606994,-3.9860361137420005e-08
1,GEy,Ethylene,70,2,-9.770002365112305,-0.2779516910666197,0.011943459341540761,0.0051091544045791535,0.002952248831582286,-0.014874445212189906,-0.002111815828238452,-0.000345092266336814,-2.169999122619629,-0.13103859858706465,0.00542439105430802,0.0015117999419542265,0.0007692194595391502,-0.005343972561412194,-0.000845478482374238,-0.00014639511834798054,-6.170000076293945,-0.32202505873857357,0.006917162112701907,0.0029985711722861036,0.0017819299499344467,-0.0058579427811420596,-0.001016507130303933,-0.00016535091990351185,-3.849999785423279,-0.6730769102518243,0.0025088001739512434,0.0010013514677051673,0.0006686095289879687,-0.0017721233812684639,-0.00018561740268609607,-2.0573877812061173e-05,-25.300003051757812,-0.382464134061434,0.028582383802182778,0.012328983064412222,0.0069868064535072594,-0.036674741275016014,-0.0041387382933310195,-0.0005306779103998673,-10.799999237060547,-0.2643818761438256,0.01755722970367597,0.005273883363563105,0.003214140955833235,-0.023462320336051702,-0.0025473013121035323,-0.0003809339454134952,-22.049999237060547,-0.43100076823350364,0.02244229359089085,0.010766495565676102,0.006033244557455957,-0.034457859720702616,-0.0035448543732352353,-0.00046617536218987086,-4.460000038146973,-0.6445086689270034,0.0021401759310472517,0.0008751634994549853,0.000588014663421676,-0.0019446703895023136,-0.0001827793648297107,-1.9979990945578733e-08
1,GEy,Ethylene,70,3,-12.219999313354492,-0.28538064923974205,0.0208377482734158,0.006653385080561319,0.0037129823654540113,-0.018085329701555485,-0.0017184807776355043,-0.00018907719700355768,-3.4000015258789062,-0.1615970236659892,0.008329764066586809,0.00204545382184087,0.0010837563544936234,-0.008780890277491144,-0.0008726965191741161,-8.865074506240827e-05,-8.130001068115234,-0.3394572362893493,0.007460228130342483,0.003791269588238437,0.002323355788699056,-0.006472901615114801,-0.000607757556156061,-4.8422069918536975e-05,-5.320000171661377,-0.6990801679795144,0.0025341090671211902,0.0011995850496953782,0.000814540293212285,-0.001585344551170064,-0.00011572763158590823,-9.999990463256835e-06,-29.8699951171875,-0.3816276529741432,0.03566571117717487,0.013923642293828118,0.008359181850122775,-0.05021676135755989,-0.004507958431266275,-0.0003687902731689286,-14.03000259399414,-0.2965546858325566,0.024676118544858034,0.007055052203917748,0.004024597846724684,-0.02545506785404314,-0.0025276692094829147,-0.00024529098286419363,-28.720001220703125,-0.4503685277487968,0.03343029779767613,0.012591064996177632,0.007793119856712066,-0.047500811983433346,-0.004138879072343901,-0.00026563297208032413,-5.319999933242798,-0.6616915371249162,0.002455355464654525,0.0010047741151695067,0.0006708787021354948,-0.002522182874819971,-0.0001684816967671277,-2.997069595909099e-08
1,GEy,Ethylene,70,4,-11.499998092651367,-0.2879318599916275,0.019506447109298723,0.005900390399349058,0.0034842049117417137,-0.0180364411939139,-0.0019433021270485978,-0.0001846365126647898,-3.200000762939453,-0.15936258840128753,0.006560740288965489,0.0018638959329225454,0.0010249744203270545,-0.006377949169761796,-0.000651289778109615,-9.14070260928824e-05,-7.810000419616699,-0.34680285350190726,0.007471836534986858,0.0036101394838269412,0.002199884797274243,-0.006270230805085145,-0.0005998790014808548,-4.5127030205304434e-05,-5.659999847412109,-0.7039800838640321,0.0025923992570849614,0.0012810523060634911,0.0009162011372260738,-0.0017465547654604958,-0.00014003711136546294,0.0,-28.410003662109375,-0.3875852998539278,0.029408426552224032,0.012912338246620591,0.007786825142704443,-0.03765381582821135,-0.0034468152304811305,-0.00032159680424017023,-13.190000534057617,-0.29700519205982917,0.022193845372898587,0.006112311178957782,0.003665146148208393,-0.022207976893390092,-0.0023552038136220687,-0.0002339145479699305,-27.040000915527344,-0.4521739341222187,0.029420475388218556,0.011969266428660107,0.007284418601255946,-0.034638959047542495,-0.0030967454967006907,-0.0002483682418744825,-5.5400004386901855,-0.6666666857937077,0.00247641512418433,0.001076409496287334,0.0007586463419376477,-0.0023504815964009653,-0.0001725995959844071,-2.991938800450362e-08
1,GEy,Ethylene,80,1,-13.114997863769531,-0.30725075820296244,0.015853126991108656,0.006990772229783098,0.0041147445602731075,-0.022198365207918815,-0.0027090991450707106,-0.0004593980583427373,-3.1199989318847656,-0.15294112697192036,0.007087057276706828,0.002231381626743389,0.001029613309560136,-0.006761519785650013,-0.0012868875769711209,-0.00022903151174714524,-8.379999160766602,-0.35433400828474837,0.00828376565594949,0.004008879014847145,0.002473485526647315,-0.006908126562485549,-0.0013886124208746492,-0.00019782068587634443,-4.020000219345093,-0.6955017428067508,0.0023780779954908062,0.0009982302947873925,0.0006523159041399479,-0.0015274207738125122,-0.00016405715637056228,-5.304807131233351e-06,-34.94000244140625,-0.4392758616952123,0.04446468043588703,0.016004325466105338,0.009552735111677433,-0.056338453422226556,-0.007850946852415355,-0.0006554186141254467,-14.860000610351562,-0.2974379680277053,0.022367587634542732,0.007194408102314219,0.004217475000310546,-0.026782264055917084,-0.003096711637506147,-0.0004066872187005852,-28.479999542236328,-0.4725402244221765,0.03381657828918509,0.012834405017064088,0.00792166120533955,-0.03500453882571668,-0.0040765256189904215,-0.0004703813904834506,-4.53000020980835,-0.6462196949929243,0.002364911172238176,0.0008664014325433353,0.0005690445319808689,-0.0018152996206372302,-0.00011740064750656392,-1.999998092651529e-08
1,GEy,Ethylene,80,2,-11.260002136230469,-0.3120843005761377,0.014782520451969584,0.005547780863316368,0.0033107386142916554,-0.013572655848068197,-0.0017259913684594085,-0.00020385542771596884,-2.8800010681152344,-0.1690141381090475,0.006411577762663093,0.0016409247318790665,0.0008956556786156395,-0.005235813681282401,-0.0007850454640869872,-0.00015261635546705637,-7.029999732971191,-0.35794297105103073,0.006496343117029858,0.003360149605529328,0.0019991543012583494,-0.00548881875064492,-0.0008578318672661717,-0.00012043910892081444,-4.020000219345093,-0.6955017428067508,0.002276738871589285,0.0009740988062953289,0.000661908290553196,-0.001994086650317067,-0.0001688325396702255,-5.207225014008705e-06,-28.240001678466797,-0.4184943727565053,0.02895392397318002,0.012690489968013724,0.007662346798589589,-0.03743566029300924,-0.004501932434552168,-0.0004150557388932957,-12.520000457763672,-0.3015414335194836,0.014577777056462807,0.005382797514839684,0.0035291676984559642,-0.020543116932900157,-0.002411410952375413,-0.0003457336168106407,-24.35999870300293,-0.46720366298736893,0.0245662920560014,0.011133059373828398,0.0065338785547183345,-0.02853041313190926,-0.003457542672570427,-0.0004272191284544467,-4.440000057220459,-0.6558345745538421,0.002172104149366999,0.0008820337026256333,0.0005836803217760271,-0.0017723420718096833,-0.00016539772763067074,-9.999990463257645e-09
1,GEy,Ethylene,80,3,-12.829999923706055,-0.3015276181845681,0.02156923643561416,0.006803473128684444,0.0038357432753870903,-0.017550214592074665,-0.001774705223712608,-0.00023455220999247053,-3.6800003051757812,-0.17515470086083065,0.006370121464810384,0.0020259549458223297,0.0011459032297835604,-0.007480110746902229,-0.0007166731063251669,-8.27212626883635e-05,-8.549999237060547,-0.3592436769387278,0.008188096962247978,0.003919837605461271,0.0024504437130798513,-0.0055579566966893375,-0.0006247217847222238,-7.780430506059346e-05,-5.480000019073486,-0.7182175539816527,0.0025607461306262225,0.0012117375298991183,0.0007907560782598971,-0.0014758589344226996,-0.00012176501711948817,-9.999990463256835e-06,-31.589996337890625,-0.4061977330779149,0.03411627108094612,0.014675724919602269,0.008772417370941674,-0.04549994924888751,-0.004227782379118663,-0.0003581337198638033,-15.079998016357422,-0.3180092492334405,0.02580127945350781,0.007234135815151266,0.004172712392815534,-0.023363264612488804,-0.002194543381969197,-0.00026200155694679526,-29.889999389648438,-0.4725691603106472,0.04040922853551763,0.012892967686601867,0.008145666379004301,-0.04789185862851263,-0.004896047505697662,-0.0003526118135227143,-5.56000018119812,-0.6838868515293335,0.0024350595231914184,0.0010106805585878514,0.0006500927612624039,-0.0016818378707418894,-0.00010840329807160804,-3.9949981900692664e-08
1,GEy,Ethylene,80,4,-12.440000534057617,-0.3096067804771808,0.016730217277192948,0.006363634545999444,0.003773083102012785,-0.01872882677563723,-0.001692743819110159,-0.0002405283914449986,-3.519998550415039,-0.17408499851383388,0.006099133240911493,0.0019519177978549397,0.001080445228921793,-0.007491067541527207,-0.0006817708176710804,-8.049050490764355e-05,-8.40999984741211,-0.37113856593306976,0.007752850716287279,0.0038713815543881328,0.0023506122334883248,-0.006480077484350077,-0.000647470778644392,-9.43250375178613e-05,-5.829999923706055,-0.7215346508359876,0.002756492956147459,0.0012989688768492477,0.0009198676701255904,-0.0017285984325515259,-0.0001346807645774339,-1.9959565039699996e-08,-30.68000030517578,-0.4147627389329946,0.033320365126581354,0.013972208432424369,0.008325389670723783,-0.04181100690911465,-0.004152605760502284,-0.0004833270331392847,-14.029998779296875,-0.3145739744237369,0.02096788086145427,0.006144869900011179,0.003849864202037157,-0.025813460094599585,-0.002694663790473436,-0.00029359715517946296,-28.71000099182129,-0.4776243669988772,0.03346135874757534,0.012458698680395766,0.007792407776780946,-0.03941593729862383,-0.003742366147954657,-0.00037750581289540505,-5.590000152587891,-0.6800486582719353,0.002382442216221945,0.0010800791088648673,0.0007544148605357135,-0.0018419564384974732,-0.00011222435873923333,0.0
1,GEy,Ethylene,90,1,-13.660001754760742,-0.32300783776396863,0.018511945729369116,0.006993713902287278,0.00408872487158481,-0.01888314210794806,-0.002255186014445753,-0.0002990395182210639,-3.3799991607666016,-0.16782518685198444,0.007642171739772666,0.002092896393055995,0.0010726028059487866,-0.007088540716931288,-0.0010066510402616212,-0.0001192452529716419,-8.649999618530273,-0.36965810938220733,0.007716232131835071,0.004060107479720871,0.0024843105168465478,-0.006625536214529866,-0.0009452706453935728,-0.00012621798168329404,-4.090000033378601,-0.711304353631061,0.002308998522711929,0.0009194594872949606,0.0006355515940133701,-0.0014109583104798575,-0.0001625755593683956,-2.995003139740693e-08,-35.839996337890625,-0.45499552958334905,0.03849448086726476,0.015510813826194157,0.009806040329939673,-0.05075877450668351,-0.005376727321811014,-0.00044431590651944255,-15.439998626708984,-0.3126138655094826,0.022911820233690428,0.0073343780041540095,0.004298355051546925,-0.028880406581499946,-0.0030468624402090498,-0.00028972095395858957,-29.049999237060547,-0.4870891940703588,0.02965309611340402,0.013135853356480088,0.008010421573615836,-0.03312026277765366,-0.004054103268509031,-0.00037107506228099417,-4.579999923706055,-0.6589928128631596,0.002135435742283833,0.0008422673522202427,0.0005623725396573297,-0.0016815694751948112,-0.0001064715687197158,0.0
1,GEy,Ethylene,90,2,-11.060001373291016,-0.31058694702959244,0.013105414446096739,0.005847093190545233,0.003303000761802506,-0.013024086397363839,-0.00217652495146764,-0.000288353656803551,-2.640000343322754,-0.15903616160573933,0.005930361664070754,0.0017858265267823535,0.0008456650108612157,-0.005818886689413274,-0.0009250575333739069,-0.0001258583317814726,-6.9800004959106445,-0.3590535135882397,0.006912736952410362,0.003369562943474518,0.0020122010864715894,-0.005283932797193394,-0.000960342133309387,-0.00013998921733206297,-4.070000052452087,-0.7078260960786239,0.0024250292784040455,0.0009747633066314242,0.0006531611049241526,-0.0018601963604943398,-0.00018433052456941204,-7.913872234222187e-06,-28.360000610351562,-0.42145935836668147,0.027573565526030512,0.01274649390360243,0.007806666274830991,-0.036536042700239475,-0.0039000565059928794,-0.0005535674750704366,-12.040000915527344,-0.2983151817009466,0.014948501715612617,0.006014473405354117,0.0034234421678283693,-0.019212609651052395,-0.002529072099319033,-0.00029240377974472403,-24.409997940063477,-0.4693327961511823,0.02332268954518694,0.011022804379184167,0.0067525877603321115,-0.026371093154215135,-0.0027078396471831782,-0.0004015624647192416,-4.609999895095825,-0.6729926947850233,0.0023406063944894024,0.0008870510442719868,0.000582333942101038,-0.0016835049219115833,-0.00017058834935887755,0.0
1,GEy,Ethylene,90,3,-13.600000381469727,-0.3176086052871598,0.017642425932701405,0.006880022870674035,0.004105327179683073,-0.026928026432148606,-0.002650168926325311,-0.0002460061360719739,-3.8600006103515625,-0.18346009707171232,0.0064682991986585395,0.0020699079878518456,0.001218621284882915,-0.007138464346327702,-0.000722280656125104,-0.00011397147486500098,-9.069999694824219,-0.3782318543771902,0.007501103305196124,0.004183239567885428,0.002561029952013236,-0.006970646852092326,-0.0007186158232454952,-0.0001006616072047331,-5.630000114440918,-0.7340286908003877,0.0025015807575385993,0.0012033323992479098,0.0008075280623705606,-0.0014882110990550707,-0.00011023369170082285,-9.999990463256835e-06,-33.179996490478516,-0.42391718300166537,0.046565818596865816,0.01529480749177502,0.009327987462891197,-0.057456797403163916,-0.0056810725028051505,-0.0007010535708227679,-15.69999885559082,-0.3310839194817289,0.02597997135531024,0.007611373800144333,0.00434359375791224,-0.02854348323771099,-0.00271850378643812,-0.0002974404773370152,-31.360000610351562,-0.4917672947348026,0.030011711963784025,0.013624940983323749,0.008480213949753821,-0.0424821859937109,-0.004473833913594555,-0.0004375029131270451,-5.660000324249268,-0.6987654392211613,0.0022233437223721808,0.0009886513114767462,0.0006723911421866447,-0.0017510493949999774,-8.73206725542633e-05,-9.999990463257645e-09
1,GEy,Ethylene,90,4,-13.079998016357422,-0.3261845015978921,0.016981787932340918,0.0065872026579347305,0.003835619453269361,-0.016399062344272342,-0.0017202710934460651,-0.00015961674361875014,-3.739999771118164,-0.18551586306674794,0.007339718650796686,0.0020781281892776034,0.001152909028232149,-0.0070989927578020105,-0.0006998140413156602,-7.76276510390861e-05,-8.800000190734863,-0.3883495255954236,0.008638464530028755,0.003830344578169738,0.00240744828724025,-0.0071686743282829155,-0.0007205965155709215,-9.525170247480973e-05,-5.930000305175781,-0.7357320094851544,0.0027279077209284765,0.0013081968880987735,0.0009620810754785753,-0.0017259956553246714,-0.00012328714400021383,-1.0000228881836145e-08,-32.10000228881836,-0.43395973717834735,0.032047920912597526,0.013698238188820294,0.008641256829711542,-0.043768895746329015,-0.004096097771849258,-0.0003965078116315977,-14.799999237060547,-0.3318385592691929,0.019104250705838502,0.006268607714400412,0.003944122071870252,-0.023638954515704032,-0.002368032868990689,-0.00021345384010502635,-29.790000915527344,-0.4955914259364888,0.030592007029351817,0.012417047795058955,0.007922597876782025,-0.04630121919606172,-0.004385623381242355,-0.0003453225590530197,-5.760000467300415,-0.6964933674088336,0.0023444521668442315,0.0010756179650656709,0.0007972427897255205,-0.0022731455370736202,-0.00011086279215219777,0.0
1,GEy,Ethylene,100,1,-14.439998626708984,-0.32662291168833274,0.018514031128924656,0.007229117156636283,0.004352008411060556,-0.02100542352443103,-0.002210255026267088,-0.0002896300900786597,-3.5699996948242188,-0.171223003813325,0.006704060643077665,0.002005701461617198,0.0011258232769039737,-0.007035337638000742,-0.0008257682154144312,-0.00013387202646385747,-9.170000076293945,-0.37581968113351544,0.008374274086622382,0.004202517102848497,0.002637827488716335,-0.00772386882033337,-0.0007570320872315844,-0.0001375149112548028,-4.2500001192092896,-0.7252559765148754,0.002219196395586198,0.0009602437322940014,0.0006816251302557736,-0.0014336200844925291,-0.00011811475114434056,-1.0000228881836145e-08,-37.87999725341797,-0.4608272343035411,0.04376297767971389,0.01678755342416633,0.010475167561724232,-0.05817122306453842,-0.005797999235884734,-0.0005130755387658732,-16.790000915527344,-0.3260194352529581,0.022857460754948593,0.007335220166148871,0.0045982537941505995,-0.04461497455314325,-0.0046794903784766,-0.00045714774086488044,-30.709999084472656,-0.496202930801921,0.02794871283975005,0.013232047935911654,0.00855790836760536,-0.035109371280624746,-0.0031936702428945305,-0.00033118118786456635,-4.630000114440918,-0.6710145000649259,0.0022573452955332363,0.0008550791425722148,0.0005960807104004615,-0.0017666169863988714,-0.00012952525173715048,0.0
1,GEy,Ethylene,100,2,-12.060001373291016,-0.3342572273073102,0.012285954180507708,0.005860662712346843,0.003543005851332535,-0.01492724610858108,-0.0018578965772139788,-0.00027563244655311485,-2.910000801086426,-0.17077468572403354,0.005537648011063473,0.0016556716791847651,0.00088856326031757,-0.0052554317242307315,-0.0006714610395065905,-0.00010699223683525842,-7.4900007247924805,-0.38194801079397833,0.0068017386921313,0.003405786963454317,0.002115642738288255,-0.005697058591239436,-0.0007243985862563872,-0.00013866160758179978,-4.149999976158142,-0.7192374332541608,0.0021633629681942997,0.000979703988062712,0.0006546251553642601,-0.0019210535081465928,-0.00014073455602465942,-3.98801518173486e-08,-30.400001525878906,-0.45050385319453745,0.028707388073425485,0.01355922883007093,0.008211901743027227,-0.03824811991966284,-0.0038205765539368443,-0.0005683016924643206,-13.369998931884766,-0.32070039271527306,0.019506081682805015,0.005940417739447439,0.003689804210589121,-0.020668820103002458,-0.002216773326978987,-0.00024338044920570276,-25.939998626708984,-0.49750669218187515,0.026318372031722652,0.010944246645909797,0.007066037659693448,-0.034672085972984684,-0.0032503761202420695,-0.000319272804958785,-4.650000095367432,-0.681818178640115,0.0021421199666061996,0.0008828156380979418,0.0005787174532664038,-0.0019973198629130223,-0.00017280617771517736,-1.9989980936050488e-08
1,GEy,Ethylene,100,3,-14.510000228881836,-0.336737066082614,0.018254135354760493,0.0071502203149121655,0.004300830023703932,-0.01826550189579703,-0.0018336652860472917,-0.00018873118435221088,-4.329999923706055,-0.20395666590061268,0.007251451764108534,0.0022429015522710846,0.0012672240762424548,-0.007447037654521836,-0.0007002810938616495,-6.075326963680512e-05,-9.529999732971191,-0.3960930982754666,0.008352293517297115,0.0041681570863471035,0.0026713091816952515,-0.006580537389968374,-0.0007597764335456817,-7.968864664814017e-05,-5.729999899864197,-0.7519685020892601,0.0025542893843169727,0.001174316364847695,0.0008173589756641496,-0.0016885498800929555,-0.00012360006860700375,0.0,-34.769996643066406,-0.44281709283716225,0.03974996072500582,0.015811883252605987,0.009557986222403357,-0.04931730005780114,-0.004973084648016665,-0.0004355844040058656,-16.630001068115234,-0.3499579315639143,0.02023122721033624,0.006875100814260998,0.004492521052789611,-0.03166481324534299,-0.0027633947564396455,-0.0002493986116742644,-32.83000183105469,-0.5120087402492308,0.030980934762649376,0.013821654009392009,0.008819022759598893,-0.04437561966483051,-0.004470130992392073,-0.0004325309506615295,-5.680000066757202,-0.7153652425470622,0.002136176084286683,0.000997481165987675,0.0006799328687958438,-0.0026970061767900774,-0.0001446633509641224,0.0
1,GEy,Ethylene,100,4,-13.739999771118164,-0.3392592536078559,0.017951158074199454,0.006785703465159463,0.004095143522220653,-0.017486453464985532,-0.0016166936393124049,-0.00014313538767902855,-4.030000686645508,-0.1996037929690729,0.006495088887504359,0.002224742891665791,0.0012557908359412135,-0.006285948200688095,-0.0005798843992952062,-9.404361584861536e-05,-9.210000991821289,-0.40271100366649604,0.008631315969971829,0.004024530958679202,0.002577092495167267,-0.005576953978420493,-0.0005741657288787491,-4.668196732849918e-05,-6.100000381469727,-0.7493857646423271,0.0026698920230510937,0.001305663004383795,0.0010161288615661455,-0.001769652777284296,-0.00011339382325815405,-2.996926687765216e-08,-33.3900032043457,-0.44722745200307873,0.03890318928379898,0.015074793150563254,0.009040328706810659,-0.04465996264616818,-0.004106100134146839,-0.0003892035606509562,-15.360000610351562,-0.34664861508242234,0.02216187476963433,0.007215911498288651,0.004218282955967669,-0.023951907891425057,-0.0022144960291388335,-0.00018798291978134137,-30.989999771118164,-0.5101234530225213,0.03178630889001861,0.012746553716625742,0.008242537733335113,-0.044822673017519604,-0.004521468234907903,-0.0002875785721501378,-5.90999960899353,-0.7103365175205567,0.0025001256073484677,0.0010964483306946937,0.0008377040587906955,-0.0021898543305999916,-0.00013795872445013262,-9.999752044677734e-06
1,GMe,Methane,10,1,-10.250001907348633,-0.261346292410056,0.022449941668448416,0.004980465816034387,0.002651008263630526,-0.017458875124138986,-0.0016856088899152,-0.00020573364214805407,-2.8199996948242188,-0.1516944417255236,0.006584166045982815,0.0015851569792108612,0.0007851190957900477,-0.006524118413078787,-0.0006000137329101562,-6.000137329101563e-05,-5.319999694824219,-0.24527429985401616,0.006704285862006976,0.0026236085568331485,0.0013908947102705825,-0.005526143877015602,-0.0006343838918805425,-6.005054606377517e-05,-0.26999998092651367,-0.04954128263775476,0.0020269200539861057,0.0002634561228253376,6.984493127362659e-05,-0.0016855602473109697,-0.00012514864704781496,-1.1431484490527386e-05,-28.87999725341797,-0.39763180979686563,0.034032316605598696,0.011703094743707065,0.007024757684068521,-0.0431364563738556,-0.003686240136163395,-0.00020413845808627294,-15.209999084472656,-0.33524354072187323,0.01991149642857878,0.005776988455793703,0.0036768575217573556,-0.028411971042785946,-0.002724811054172376,-0.00019977789458262412,-24.09000015258789,-0.4337414432028401,0.027364619056637486,0.009425696922875289,0.005637481924953648,-0.030647442135248934,-0.002883816332503234,-0.00023956577106208328,-0.2799997329711914,-0.04111596700790982,0.002190108482409029,0.0002597872062747737,5.40762831812007e-05,-0.001986767083890208,-0.00019614834568586892,-1.4162091441801394e-05
1,GMe,Methane,10,2,-8.719999313354492,-0.24577224988331736,0.012106993866188567,0.004978200901826206,0.0024343496377688565,-0.016260911117649553,-0.003362397109212604,-0.0005951857147928677,-2.2799997329711914,-0.1367726288264108,0.0062183760563330566,0.0018652183344912382,0.0007103978670003677,-0.005281990874061813,-0.0016466025520760973,-0.0002749175969266364,-4.429999351501465,-0.229533654229106,0.00617330105532589,0.00266515694337552,0.001248478669137587,-0.007375763239019113,-0.0019106069573099713,-0.0003339678187775628,-0.40000009536743164,-0.06944445824181537,0.002501448906368023,0.0003422801311823724,8.83144897975431e-05,-0.0018771140486785257,-0.00029011141291125696,-4.5087541294358786e-05,-25.569995880126953,-0.3854386085566068,0.029434692429633504,0.01196067654679311,0.006435170297772154,-0.03446157061406451,-0.0057080190331830274,-0.001049773736331218,-12.75,-0.3146594238884587,0.016100865297792546,0.00631837888295504,0.003177546269987816,-0.024937397309653688,-0.0037097951430709953,-0.0006173295105933823,-21.509998321533203,-0.4224273192266443,0.02666882695325115,0.009088304929069962,0.005187682357370561,-0.03406667485154629,-0.005197769133108243,-0.0007459245365300393,-0.40000009536743164,-0.05839417531917287,0.002170788130715651,0.00027110337434251784,6.739863776568817e-05,-0.0019129470550954502,-0.00031205962235689627,-4.4156529126332026e-05
1,GMe,Methane,10,3,-11.85999870300293,-0.2827849091880998,0.01638557187203224,0.005759888114160945,0.0031725374588127356,-0.01868959411832768,-0.002219614612626025,-0.00018432993014780492,-3.6599998474121094,-0.17681158031476227,0.006481923190928658,0.0018343812580684778,0.0010327192925689973,-0.008063298102770075,-0.0007633286643501161,-7.486586314768936e-05,-6.409999847412109,-0.2726499270526369,0.006891785500746175,0.002874577902142203,0.001677621176475775,-0.006221118200046596,-0.0006612487626489893,-5.9999465942382814e-05,-0.46000003814697266,-0.06092715583126357,0.0023686009371722103,0.00030583045177715447,0.00011680489801471352,-0.0018710816587490231,-0.00018287450081013053,-1.436247235133745e-05,-32.31999969482422,-0.4248718262716552,0.029691175749823835,0.012245619300796479,0.007963670977494364,-0.04809078006110318,-0.0046262400476074885,-0.0002746194128279895,-16.6299991607666,-0.3577882815092315,0.02328514016313456,0.006918568853812472,0.004111574762786264,-0.021960522782050778,-0.0017927551459905862,-0.00010038895004903715,-29.0,-0.46728970928577573,0.02518479679371345,0.01033829004766098,0.006591101679676786,-0.03921475746543035,-0.0035224086415797783,-0.00014215562915162423,-0.38000059127807617,-0.04714647289015246,0.0024975922098309906,0.0002704791449641891,8.772100971021169e-05,-0.002163915218321232,-0.00019774726530865836,-1.0088284784884115e-05
1,GMe,Methane,10,4,-12.260000228881836,-0.30512693219921566,0.017357904632460404,0.005484135870326508,0.003171086496091603,-0.01995570042332791,-0.0020283713798651187,-0.0001996129968618088,-3.8500003814697266,-0.19012347562813464,0.006341110354862975,0.0018730941827860747,0.0010141922182759905,-0.006541363197213439,-0.0005529296406167329,-5.8620340083477375e-05,-6.6399993896484375,-0.29173986480116354,0.0070793494719822055,0.00278025825236741,0.0016587233777125955,-0.005760570053091126,-0.0005442376558684564,-6.506310495390074e-05,-0.3600006103515625,-0.04466508580761124,0.002193170563776212,0.0002773740742467082,8.973122476577523e-05,-0.0027245000501791524,-0.00024858427817872153,-1.9697041663223335e-05,-33.45000076293945,-0.452210358401039,0.0358793723082152,0.012993799764812958,0.007754595458294393,-0.05279445164703267,-0.0051494654558508005,-0.0003516203025832579,-16.73999786376953,-0.3753362878136156,0.018046698227945662,0.006413904541774204,0.00393607199432334,-0.025013719904822422,-0.0025431161193032754,-0.00013742503315478398,-29.260000228881836,-0.485481997787387,0.027972608315610152,0.00996503443045565,0.006494324549710855,-0.03873516217651111,-0.0033695964679198824,-0.00017257965373385716,-0.23999977111816406,-0.029447826055413278,0.0030230389877056777,0.000310570051823405,6.522742564515988e-05,-0.002780938163699042,-0.0002825511354548971,-2.7425630814756793e-05
1,GMe,Methane,20,1,-14.010000228881836,-0.3585871599261314,0.015176267336042677,0.0073830476009190855,0.004177531762664316,-0.015053071391149895,-0.0015225795206277649,-0.00018345816261873204,-4.319999694824219,-0.23175964786904946,0.006768325975952729,0.0024903648006347726,0.0013316437631112326,-0.007304338153793968,-0.0007207739169640199,-5.828879935037623e-05,-7.35999870300293,-0.3402680993327454,0.0073435408430631635,0.0036126710343928857,0.0021043003498642148,-0.005862468543041597,-0.0007556271319654504,-8.847471748509295e-05,-0.559999942779541,-0.10237659310036655,0.001990075685499644,0.00028736573658005485,0.00011595048233173198,-0.0019999980926513673,-0.00019999980926513672,-1.999998092651367e-05,-37.3699951171875,-0.5175899819494013,0.031604353937851964,0.014277997172819926,0.009535192185827348,-0.03762074650875993,-0.0034737321716516068,-0.0003037995208333443,-20.399999618530273,-0.4496363257393362,0.020325890688433167,0.00751191596863868,0.0050779463895056914,-0.022602597683854874,-0.0019786757237504108,-0.00014626907362354406,-29.439998626708984,-0.5327542439543846,0.025064623914112297,0.01097777007478957,0.0072004704727391825,-0.0313557601559537,-0.0033514802628743672,-0.00019541664098366736,-0.5900001525878906,-0.0866373212254505,0.0023716616591392147,0.0003202797496845415,9.462862752648756e-05,-0.001718455617327437,-0.00014982407394717188,-7.97983650834654e-06
1,GMe,Methane,20,2,-12.110000610351562,-0.34074283338188466,0.013925202174635542,0.006165590952322899,0.003673321136043517,-0.02042743743774607,-0.0026362936186652627,-0.00036781523823128156,-3.6300010681152344,-0.21736532348973972,0.006355054298535007,0.0021446134262702106,0.0011477879060308243,-0.007599724313901116,-0.001114495759736189,-0.00016151524300905102,-6.220000267028809,-0.3217796322596299,0.0065409874080818615,0.003118921302624483,0.0018017068666669961,-0.005687576904348329,-0.0012912320397748841,-0.0001783644640776299,-0.679999828338623,-0.11826083971106488,0.0020585802165419657,0.0003807771783375765,0.0001631395565858665,-0.0016192922731454679,-0.00022959037718259863,-2.9962057590866055e-05,-33.439998626708984,-0.502630380884886,0.031256776323572336,0.013049697728834641,0.008867222164499628,-0.03841734098204636,-0.004314704412981228,-0.0004380155240327532,-17.470001220703125,-0.4294493876510711,0.017287886087842878,0.007007111246873025,0.004774359910874817,-0.02122059231997886,-0.0033366139036578334,-0.0002668910158902047,-26.30000114440918,-0.5152821448404052,0.02119314921866492,0.010065240676578043,0.00667497139992299,-0.03336776188058193,-0.00320352849804445,-0.00039858621791411257,-0.6400003433227539,-0.09302330416818046,0.0024002314264461424,0.00038387191377381186,0.00012733055293497327,-0.00212125451337873,-0.0001933516577630476,-8.413237150052251e-06
1,GMe,Methane,20,3,-16.729999542236328,-0.3980490132794671,0.01792536776966786,0.00824558940760281,0.004963753104402378,-0.018583844580019295,-0.0017658642896124714,-0.00020002034663162485,-5.539999961853027,-0.26685934011434354,0.007845865955310106,0.002941326035686689,0.0017178802731766605,-0.0074368159867957764,-0.0006813632229273459,-6.762157262361013e-05,-8.84000015258789,-0.37601021125163686,0.007426094935781943,0.0040874091975035675,0.0025068533271867402,-0.007509533469973193,-0.0007541026518616471,-6.245279396912152e-05,-0.8900003433227539,-0.11725959491836095,0.002064657796756841,0.00041726691180493495,0.00019393259309908665,-0.0016706134098499884,-0.00016578578195903236,-1.3807029230249599e-05,-42.429996490478516,-0.5560214630841671,0.031178778501193726,0.015444240363195234,0.010400841450171993,-0.03810601300774985,-0.004098257958966776,-0.0002504246238024432,-22.529998779296875,-0.4825444301128894,0.022160554136686487,0.008355844150280786,0.005537981453654801,-0.025595163194236804,-0.0023054288034450553,-0.00015201179263463796,-35.35000038146973,-0.5680540035594442,0.026530357725488885,0.012447150074850257,0.008291143497246354,-0.036681637988481716,-0.004097608778461759,-0.00027302819838415625,-0.8000001907348633,-0.09840100608533356,0.002312389014188903,0.0003502144920548669,0.00013925693095928593,-0.0026641596520154015,-0.000205773084406639,-1.0000228881835938e-05
1,GMe,Methane,20,4,-15.979999542236328,-0.39613285775387336,0.016439594097152472,0.0076509474695901645,0.00471247999319435,-0.01827333590577309,-0.0016804048558683121,-0.00013247673988126994,-5.2599992752075195,-0.2643215766853366,0.007636460512722503,0.002805561901457178,0.0016464465517233083,-0.006565901162188255,-0.000581802970123336,-4.267560946590773e-05,-8.680001258850098,-0.3795365518290489,0.0073633853547580615,0.0038404747080641177,0.0024098327016905284,-0.006530752883818083,-0.0005589699288767022,-5.811434205413508e-05,-0.5,-0.061500614140444436,0.0024936660803985718,0.0002997941076854241,0.00011052904355687504,-0.0022888018444776146,-0.00017025958497182022,-1.1385247954709806e-05,-41.45999526977539,-0.5587600670481913,0.031207656758441886,0.015074508137026352,0.01014876677614165,-0.04317287760723564,-0.0041368622963238654,-0.00025423456223912385,-20.73000144958496,-0.47589533507902143,0.018558246408402278,0.007454966546070555,0.005177901670690133,-0.02241248173608073,-0.0018892438267019331,-8.098171200987156e-05,-34.13999938964844,-0.5634593052264626,0.025718043391631418,0.011890757806967016,0.008142638510896973,-0.0312292091716327,-0.003168957595746984,-0.00015410076261268394,-0.38000011444091797,-0.04583837348486287,0.002681963321351971,0.00030994718327232134,7.835253455847058e-05,-0.0023262719939172597,-0.00020654300392414124,-1.9989503860473633e-05
1,GMe,Methane,30,1,-17.049999237060547,-0.4338422281948066,0.01564216561550612,0.007769676911011254,0.005071906938721847,-0.019617718750769602,-0.0020608444885286594,-0.00023417590923056647,-5.40000057220459,-0.2926829457401205,0.006759461914513423,0.002800018922475466,0.0016999833256609571,-0.00516346557742236,-0.000715318973359205,-8.014099517696406e-05,-8.949999809265137,-0.4101741491494204,0.007787940485996754,0.003952166967810521,0.0025116103127076337,-0.006166155434626561,-0.0007200588329759816,-9.060762010021657e-05,-0.559999942779541,-0.10200363681718046,0.002111931792320858,0.00030869320055030533,0.00012268926509955208,-0.0015938513920695733,-0.0001323908149038416,-1.5110753851839052e-05,-43.119998931884766,-0.5919011645168739,0.03415456942976765,0.015119928999482045,0.010739542548883617,-0.0437237778518779,-0.004531229603518458,-0.0003818495279665647,-23.450002670288086,-0.520186373509281,0.02217841757248315,0.008314984269765404,0.005830892368278165,-0.02788593739177254,-0.002669350772336199,-0.0001499521709353848,-33.279998779296875,-0.5978085121953827,0.02291416479534969,0.011339529468491724,0.0080785050021248,-0.03193213475212067,-0.002814138966416544,-0.00015201051027342286,-0.619999885559082,-0.0902474375381487,0.002202587109935594,0.0002902987664781611,0.00010393463545427457,-0.0021492655511225894,-0.00019703440965652464,-1.9970487067712785e-05
1,GMe,Methane,30,2,-15.110002517700195,-0.4227756521568355,0.015087294289498185,0.007536339089056669,0.004606783305216267,-0.01353234527883538,-0.0017614067202732587,-0.00016961315752215726,-4.819999694824219,-0.2863933283823111,0.006519356312766436,0.0024914055246372142,0.0015061104431364851,-0.005927595673691359,-0.0009232481048622086,-0.0001272573310303383,-7.659999847412109,-0.394641932386898,0.00726553600314017,0.003436176950704623,0.0022501431347229455,-0.0058580906518765005,-0.0008687841079801516,-6.282941918036704e-05,-1.2100000381469727,-0.20790378049105213,0.002058420482994217,0.000522958026050929,0.0002613753309344545,-0.0015279686212929513,-0.00019905561610677894,-5.742117965607594e-06,-39.11000061035156,-0.5861810535791145,0.029789309859983938,0.014188324568377831,0.00992954846588322,-0.034023127233640434,-0.0034917734155637007,-0.00013466547426729255,-20.80999755859375,-0.5094246838657069,0.01956417432791412,0.0075907071961267385,0.005186344559361654,-0.023345901838682903,-0.0029353523590656366,-0.00016221273281409083,-30.09000015258789,-0.5881548131808677,0.028429098801892132,0.010430558171959077,0.007435745544960854,-0.037056937153912825,-0.0032962481299091545,-0.0001818531242910411,-1.2699999809265137,-0.1837916076658303,0.0020173628992297406,0.0004338111673468191,0.0001987907140280446,-0.0019092094999621282,-0.00018066202980616809,-1.2847561742326626e-07
1,GMe,Methane,30,3,-20.5,-0.47874825189403014,0.015969326132991856,0.009006501765633378,0.005975472441754557,-0.02075047271830211,-0.0021976113610388684,-0.00022533260788227584,-6.970000267028809,-0.3357418203363971,0.008123768248297384,0.0033296838341338817,0.0021772910127552773,-0.006523101418793606,-0.0006107101531106606,-5.785427880554096e-05,-10.799999237060547,-0.45037528954236833,0.008076759291005696,0.004558888636482238,0.003009842722116848,-0.008435553745373327,-0.0008065247394223539,-8.13028003246715e-05,-1.010000228881836,-0.1327201328727709,0.002318292887731115,0.0004556373257906636,0.00022276458894071496,-0.0020858895956123967,-0.00015731227746566435,-1.367702320298997e-05,-48.589996337890625,-0.6268059654545488,0.03382179671727797,0.01624413348516746,0.01167821306441883,-0.03940143954550117,-0.0037807755950394605,-0.00023262010534497247,-25.43000030517578,-0.5496001740563818,0.02279299179077148,0.00887309071075802,0.006146247112556842,-0.029726574429982777,-0.0028980339195768066,-0.000132953726949453,-39.90999794006348,-0.6292967375014226,0.03168706523422643,0.013244565791183128,0.009238031732277531,-0.03996003673422641,-0.003915903495903238,-0.00017986995533539638,-0.869999885559082,-0.10984846934069557,0.0027529555801929523,0.00039578762461925203,0.0001543814219332226,-0.0021606278360480273,-0.00021094395752030063,-1.997010005276034e-05
1,GMe,Methane,30,4,-19.3700008392334,-0.48016858616672004,0.018847278216043276,0.00881743737673084,0.005695675159864071,-0.016862013326408583,-0.0015594811159432244,-6.999969482421876e-05,-6.8899993896484375,-0.3407517123454041,0.0075154788659997935,0.003281208906355634,0.002124667336149441,-0.0058788507199885745,-0.0005923132832682562,-3.787178699236181e-05,-10.359999656677246,-0.45378886076647346,0.007522020423473471,0.004362604730544617,0.0028855772662995725,-0.005749850757409667,-0.0005210440164501311,-3.002943991522329e-05,-0.6999998092651367,-0.08663364057855928,0.0023267426534114813,0.00037575029929357907,0.00016604384260699207,-0.0025065712741147916,-0.0002183129916333006,-1.2269544033875665e-05,-47.03000068664551,-0.6357982953971143,0.033974385200967606,0.015420435217918716,0.011340611987764962,-0.04241320522904154,-0.00407512008273756,-0.0001399993896484375,-24.65999984741211,-0.5552803407372476,0.01961416171024553,0.008165694732636196,0.006021305779426447,-0.020801931140553166,-0.001976466268213689,-5.733913291734719e-05,-38.13999938964844,-0.6311434584980761,0.02544101810266538,0.012473828714736606,0.0088837580429815,-0.04412034856116727,-0.004129356951655484,-0.00014139302034741968,-0.5400004386901855,-0.06633911743420848,0.0026203860204619366,0.00029164218658468075,0.00010729296160626154,-0.0024256688808181907,-0.00021585891837006013,-1.0087582779291071e-05
1,GMe,Methane,40,1,-18.94999885559082,-0.49182453817707167,0.0143715348459185,0.008454742018609506,0.005605208639755882,-0.023445851869596603,-0.0025902401411624443,-0.000189027604323637,-6.340000152587891,-0.3460698830895217,0.007334664563365282,0.003180869896166918,0.0020390156810796,-0.005680278722918787,-0.000648825835423412,-7.783318431572803e-05,-9.84999942779541,-0.4622242925692076,0.007641379389984323,0.004203169414711909,0.0028115151154861962,-0.0059626137113019265,-0.0007271767599981856,-6.350283448753859e-05,-0.9899997711181641,-0.18367343147332335,0.002254111686204488,0.00046725820567190975,0.00023143423979902483,-0.0017322393985260236,-0.00016077060930654594,-1.0146868843951094e-05,-45.900001525878906,-0.6434880183319382,0.03250447669704619,0.01551943282535455,0.011148170442081015,-0.039317515314122205,-0.004047088750590736,-0.00020496752610988183,-25.51999855041504,-0.5710449616161547,0.018026559445771584,0.008840569509385852,0.00627306322762591,-0.027423980776717725,-0.0023473387766790054,-0.00010329375242203531,-35.05000114440918,-0.6437098375261258,0.021553960686703275,0.01159767293860203,0.008324849886713453,-0.025954789779770823,-0.002489578980019369,-9.5447255290737e-05,-1.130000114440918,-0.16691286818678408,0.0022955551438205656,0.00042259802706832604,0.00019459528625237889,-0.0018572282597299227,-0.000163571902101417,-1.0000228881835938e-05
1,GMe,Methane,40,2,-17.310001373291016,-0.4760726370384856,0.016050916598585322,0.007858654344849657,0.005111452374335475,-0.01457046050019737,-0.002205423489787627,-0.00035363437762911415,-5.569999694824219,-0.3282262769710853,0.007212637053402701,0.002868178630026508,0.0017125580366815533,-0.005335323531295257,-0.0009543844556947216,-0.0001940443239538915,-8.74000072479248,-0.44186048642017,0.006675396640512573,0.0038166943390292906,0.00245859665049791,-0.0063308102759940515,-0.0009685035404340125,-0.00021536153014905762,-0.809999942779541,-0.13917524379527957,0.002498407577413528,0.00039897486642748284,0.00017572604840496216,-0.0017252294239182896,-0.00022492018275250734,-3.658543692225496e-05,-43.069997787475586,-0.6328239690340285,0.028440987619041753,0.014521025561258134,0.010703774968664852,-0.03364108610865818,-0.004147036829425097,-0.0004996780418051788,-23.049999237060547,-0.5562258687480824,0.018394817695132393,0.007985076116127955,0.0056485783297063425,-0.019533655024602494,-0.0026215719015197578,-0.0003783057985423791,-33.040000915527344,-0.6307751096179236,0.020567888928029646,0.010952430066882924,0.007963196685556777,-0.025493761018749585,-0.003384353333387546,-0.00035973422057983126,-0.7800002098083496,-0.11206899504788172,0.002199459368194479,0.0003640507974728156,0.0001387024081752224,-0.002041775272322764,-0.00022827385872692965,-3.140919850567607e-05
1,GMe,Methane,40,3,-22.829999923706055,-0.5365452487205075,0.015259647532497722,0.009423449132603417,0.006487715740299216,-0.016685792662252515,-0.0016382135298853582,-0.00019850940514460006,-8.34000015258789,-0.39582345863235047,0.007699086574266599,0.003762416834492091,0.002490206081574665,-0.007834608377781584,-0.0007631699516969088,-6.46728227911086e-05,-11.999999046325684,-0.5042016567647487,0.008425649631263916,0.004889795051178508,0.0032769359484257636,-0.006549687278033301,-0.0006485998220810854,-6.806087789331286e-05,-1.809999942779541,-0.23722148304478333,0.002586636572872484,0.0006340072582633103,0.0003662721845930761,-0.0016418910605736075,-0.00013943122365351815,-2.1811396119320784e-06,-52.32999801635742,-0.6771480181541683,0.031158887289582198,0.01641165633194356,0.012153663146502906,-0.038653607069002734,-0.0031675795180901214,-0.00020241795862874378,-28.529998779296875,-0.6043211042696329,0.02161252950054495,0.00913701430794899,0.00660526396677727,-0.024567740015052034,-0.001916422086458396,-5.594541436422316e-05,-42.380001068115234,-0.6737678861689512,0.03276657654568094,0.012948908259765421,0.009623995979698884,-0.04374470158877908,-0.003920844742225019,-7.904583129948717e-05,-1.6399998664855957,-0.2068095714989674,0.002296804762811201,0.0005079378342184352,0.00027553467396048564,-0.0022591258297713027,-0.00020356561411843016,-1.001021863412857e-05
1,GMe,Methane,40,4,-21.630001068115234,-0.5383275486269463,0.01651985105774119,0.009147894400434623,0.006127182634684549,-0.01706971634218259,-0.001540834243546071,-0.0001543270462005405,-8.020000457763672,-0.39604940532166283,0.008371940722538256,0.003908598052516325,0.0024237350000200857,-0.00798259209463342,-0.0007502295970845526,-3.528993070564087e-05,-11.510001182556152,-0.5070484932030331,0.007321875675758404,0.004604799852865303,0.0031014658267920405,-0.005728688421086159,-0.0005407540046977132,-2.9998779296875e-05,-0.9699997901916504,-0.12004948011766076,0.0020857007253031307,0.000445683495582189,0.00021831964166848925,-0.0027224323533706785,-0.0002490303452166573,-9.999752044677734e-06,-50.45000076293945,-0.6840678069551113,0.030994984875326113,0.016219344330072365,0.011448368976965547,-0.060456693251834594,-0.00561108965001824,-0.0001310944898308952,-26.959999084472656,-0.6058426760555653,0.015759202932242432,0.00847727283056892,0.0062727621378159265,-0.022699972616737084,-0.0018681566856719443,-6.000137329101563e-05,-40.40999984741211,-0.6740617069748764,0.025000729059051815,0.01248348107133221,0.009065861128359904,-0.037481560401220776,-0.0032694683982873443,-0.00016847977235188045,-0.7600002288818359,-0.09336611754632965,0.002502686548142538,0.00034243870838131723,0.0001423132774175942,-0.0023686963405586854,-0.00020446511064771975,-2.004941617950206e-05
1,GMe,Methane,50,1,-20.950000762939453,-0.5384220212052463,0.013736534696286294,0.00880234290406123,0.005886948850094453,-0.0185419450735955,-0.0019756399096137432,-0.00015565364018611607,-7.329999923706055,-0.3942980023421708,0.006799657207028541,0.003430602789336725,0.002188639568855236,-0.00542208182849336,-0.0006602430942923559,-7.733399159885575e-05,-10.929999351501465,-0.5067222765943825,0.0072588289163763135,0.0044187277877296,0.002952052330504159,-0.005248460487119881,-0.0006052159074187124,-5.392982039555019e-05,-1.0399999618530273,-0.189781014276139,0.002006607523067722,0.0004299326096343998,0.00022076297488854107,-0.001661840250479315,-0.00013976305323154265,-6.431828083463739e-06,-49.000003814697266,-0.680744672540742,0.02830042161961355,0.01536005167699773,0.011459918522428794,-0.032314469281025764,-0.002556806721333239,-0.00013000106811523438,-27.849998474121094,-0.6138417264662728,0.014936508593391252,0.00853418670130529,0.006507802980551531,-0.026111972636725593,-0.0023218169355366334,-8.798327907959253e-05,-37.32000160217285,-0.6786688573022315,0.018961881635833715,0.011295992829124883,0.008503679312980104,-0.030077454315012818,-0.002679636892435981,-8.00018310546875e-05,-1.1700000762939453,-0.17080293322379306,0.0024649129803821926,0.00039931522899486606,0.00017578282607860738,-0.0017465872323419397,-0.0001247095119654773,-3.9869251146344194e-08
1,GMe,Methane,50,2,-18.630001068115234,-0.5231676705644209,0.013887400027079725,0.008430116559081218,0.005384113714132006,-0.015243162059398479,-0.0029207366524633682,-0.0002119996147226464,-6.210000991821289,-0.3698630526028321,0.007053735803643999,0.0031564639182240775,0.0019350648694422196,-0.005206490147087596,-0.0009762108409445511,-0.00011999350933611022,-9.370000839233398,-0.4839876313962186,0.007331058838475424,0.004149992432905757,0.00262672657373008,-0.005797040369460157,-0.0010568157665159373,-0.00010591488351201488,-1.570000171661377,-0.26883563880827294,0.0022802506394891306,0.0005455148784550689,0.00029875444026354245,-0.001667982538734722,-0.00021408684510650707,-2.2832166259892576e-05,-44.82999801635742,-0.6738313368240709,0.026742662209983885,0.015009465391296942,0.010669876675081512,-0.03503701243149923,-0.004553067211790235,-0.0002309124774008961,-24.589998245239258,-0.5982968165004319,0.015605672800001615,0.00795013173494091,0.00581634773996419,-0.01830346901910989,-0.002290535996265856,-0.00015339062067919808,-34.13999938964844,-0.6673182074173791,0.020393653023286634,0.01090576277691488,0.007884733812773674,-0.02288052671885868,-0.0035663109594522174,-0.00019162384628437903,-1.799999713897705,-0.2542372504653203,0.0023969984771943544,0.0005075016210011831,0.0002674137284052392,-0.0018731585410982235,-0.00020851792628688912,-4.046491747145545e-06
1,GMe,Methane,50,3,-24.579999923706055,-0.5764540402332476,0.016097524986848934,0.00974773817713207,0.0068320949890233185,-0.021863195339843166,-0.002137250939126823,-0.00014989324051345343,-9.119999885559082,-0.4346997180433185,0.008957876172830457,0.0040690826517068785,0.0026992655730723133,-0.0068431176035382395,-0.0007028314093458984,-5.9999465942382814e-05,-12.950000762939453,-0.5425220070229102,0.008444566977325442,0.005038846752703593,0.0034675134970421667,-0.005187065519932671,-0.000577947567968041,-4.4768744234417016e-05,-1.7899999618530273,-0.23614775460022047,0.0024072981173386683,0.0006469871100672754,0.00035921981719175093,-0.0017062835019773185,-0.00014396642860324023,-1.3000857283433672e-06,-54.84999656677246,-0.7075593258772205,0.029896635686339993,0.016383665271868617,0.012464759546471917,-0.03786933638634239,-0.0036823797030061454,-0.00018661022161722032,-29.920000076293945,-0.6365957463041265,0.01652464907591211,0.008979904379895503,0.006785138229423026,-0.025973405996825415,-0.002208819790274259,-8.891016272960404e-05,-44.28000259399414,-0.7019657785138936,0.021222985697043024,0.012643686834646931,0.009662614501728695,-0.04239049242338535,-0.0038657314583478313,-0.0001806089569681057,-1.5799999237060547,-0.20025347914357144,0.0020013873172162714,0.00048590006802753526,0.00023537410598349347,-0.002002042530032507,-0.00015668050943368612,-1.0039613236617494e-05
1,GMe,Methane,50,4,-23.259998321533203,-0.5800498555266594,0.017908980810105744,0.009312838782370651,0.006516223904302874,-0.019044028213755063,-0.0017477101823432813,-0.0001327045211765186,-8.859999656677246,-0.4394841132806151,0.007520372164779228,0.003874166081485832,0.0026195011694861345,-0.005802551876192523,-0.0005492422068922561,-4.4297244945270155e-05,-12.440000534057617,-0.5480176262534515,0.008288887731555067,0.004800389894075824,0.0033099902869250866,-0.0056611402480906915,-0.0005421398623335297,-3.719446972137991e-05,-1.2300004959106445,-0.1526055126395562,0.002342821385393619,0.0005106574319298633,0.0002668720828287642,-0.001915719972251158,-0.0001533694044253888,-1.3213860639477533e-05,-52.72999572753906,-0.7172197787703786,0.03351450191338346,0.01564006286233201,0.011914321123137906,-0.035168094361131344,-0.0029971131907628665,-7.281283669698305e-05,-28.46000099182129,-0.642292938609031,0.020024023581348648,0.008757473296595984,0.006466031220300304,-0.019925197753768217,-0.0019125731217994268,-6.935808617923787e-05,-42.1299991607666,-0.7045150451215539,0.025162251133645692,0.012556319728261755,0.009330571164183446,-0.03911355991155323,-0.003307503998551011,-0.0001374759952962358,-0.9800004959106445,-0.12098770984660444,0.0023063898170400483,0.00040244510045285976,0.00017772786589098695,-0.0022267326473248104,-0.00018132088379445955,-1.3867561902293562e-05
1,GMe,Methane,60,1,-22.270000457763672,-0.5700025756773651,0.015550913473997665,0.009297669294741684,0.0063088146529866026,-0.016985729098700893,-0.001783125906588379,-0.0002601740379610853,-7.949999809265137,-0.426502149655654,0.006584423926544441,0.0036449951882335323,0.002433921037454876,-0.005947690374423093,-0.0006472451001080312,-0.00010022008791311915,-11.59999942779541,-0.5362921811312862,0.007400654833427085,0.00466034781955319,0.003166194496644674,-0.006591538346418731,-0.0007751323797495987,-0.00011583019327630907,-0.929999828338623,-0.17064217630936426,0.0020295676440912013,0.00042147955317248644,0.00021938740699445312,-0.0019064414261940926,-0.00019899978637695313,-1.9989980697631835e-05,-51.12000274658203,-0.7059798392653865,0.03481262336967838,0.015559892415651448,0.011866059918513111,-0.03458608751852038,-0.003664749477806167,-0.00022558784389004453,-29.14000129699707,-0.6408621182030939,0.019358171147873512,0.008961562202095113,0.006793397801293809,-0.022092375373219893,-0.002060113360684806,-0.00011860763643430498,-38.80999755859375,-0.7023162999892931,0.020554652465404825,0.01170677930770129,0.008790205132861903,-0.026917020472224804,-0.002474324689458854,-0.00017666743138120849,-1.080000400543213,-0.15882358386029682,0.002309188391693357,0.0003580980080515472,0.00017660860192318515,-0.0019375420226957056,-0.00014225872672473858,-6.2448523770772355e-06
1,GMe,Methane,60,2,-19.98000144958496,-0.5537694134036275,0.015599413474566674,0.008639460404214252,0.005841157445336696,-0.017137207433916907,-0.002865586579103081,-0.0004067294272089816,-6.799999237060547,-0.4028435767263229,0.006467517618938228,0.003291028704925134,0.0021336675539073468,-0.006049568575599854,-0.0013041960830988766,-0.00023934741826763512,-10.130000114440918,-0.5149974618784814,0.007580045527186198,0.004216476450894313,0.002870236737513162,-0.006787614326139592,-0.0012944420367233358,-0.00023867062266107108,-1.2100000381469727,-0.20898100969239475,0.002104749939060208,0.0004997057594143514,0.00026974688632030265,-0.0017552569256820477,-0.0002527785941094821,-3.6027768774820326e-05,-47.23999786376953,-0.6980936772870878,0.03476675460774352,0.015625674513650992,0.011240379706782749,-0.033186459791491124,-0.004295488937220041,-0.00022197761664091616,-25.690000534057617,-0.6238465357861769,0.014955294858946443,0.00828329163020918,0.006099366327775507,-0.03082181868231232,-0.0031688162600676945,-0.0002734952903390972,-35.75,-0.6889574180093705,0.020448460095345594,0.011245746382646242,0.008303624651538229,-0.03014470097351566,-0.0037473110923963516,-0.0002389350568209671,-1.25,-0.18011527229016158,0.0024842594459418056,0.0004394853652031533,0.0002065152808595574,-0.0021593058323219182,-0.0002809499771387959,-9.871760959443442e-06
1,GMe,Methane,60,3,-25.439998626708984,-0.6078852940088012,0.01477683780816413,0.009696820403398395,0.006955313329548514,-0.02173903290760045,-0.002015502870256202,-7.081883976727448e-05,-9.720001220703125,-0.46956525905571317,0.007430390262541543,0.004015573009052833,0.0027967858319332753,-0.0074629528398091225,-0.0008306336600416974,-5.6022543320831935e-05,-13.469999313354492,-0.5739241460348073,0.008327636579611334,0.005027690930162787,0.0035321367220522808,-0.005261727219839616,-0.0005187335071680994,-1.999855041503906e-05,-1.950000286102295,-0.25759580474016436,0.0026082632169550815,0.0006470958791006224,0.0003777828653307898,-0.0019999980926513673,-0.00019999980926513672,-1.999998092651367e-05,-55.78999900817871,-0.7334034341001141,0.029556514026371238,0.015824002617783373,0.012237245499424862,-0.04437121840654607,-0.004225956128093777,-3.2417634392511746e-05,-31.13999843597412,-0.6669522242855777,0.016979742611862178,0.009009534430502281,0.00677440830690064,-0.029323659813508828,-0.0026339645296833405,-4.104547336816186e-05,-45.040000915527344,-0.7257492735878567,0.023287962346360006,0.012319591876857548,0.009603766582991715,-0.043768508092222436,-0.004006262312779715,-8.00018310546875e-05,-1.880000114440918,-0.2298288562717258,0.0023098698556109024,0.0005420745533626131,0.00028989857382882877,-0.002338002336823862,-0.00021179356894918025,-1.980653843639426e-07
1,GMe,Methane,60,4,-24.5,-0.6121938960459739,0.01580613202026495,0.009284923975707288,0.006688785791812718,-0.016440566791900986,-0.001532180501629922,-0.00013266263546143973,-9.550000190734863,-0.47371033050681166,0.007233131618940632,0.004023365362958651,0.0027533305944041513,-0.005981490075235319,-0.0005796192796962683,-7.823865145184359e-05,-13.069999694824219,-0.5785745731093734,0.008919623270083936,0.004834671661361293,0.003405305510488888,-0.006280715441107768,-0.0006334686475497823,-6.38793516076029e-05,-1.3499999046325684,-0.1672862398617444,0.0021738229692804083,0.0005146282127651327,0.0002814003015286014,-0.0023126419876711144,-0.00021171349959837416,-2.021720608026046e-05,-54.37000274658203,-0.7417462548833847,0.027195436981089772,0.015678298790758598,0.011930312350688753,-0.038904992193170757,-0.0036602820923788506,-3.892416497754857e-05,-29.690001487731934,-0.6700519198274802,0.017819591384632003,0.008659887172842013,0.006630826214738223,-0.022796691044014154,-0.0021159559083829124,-9.188948481532661e-05,-43.369998931884766,-0.727196501940481,0.026353280975952666,0.012388426357161158,0.009451105708755661,-0.03285048492435301,-0.0029400876398993103,-0.00016991198348999023,-1.0999999046325684,-0.13530133937866654,0.002067394150671961,0.00040854097984940516,0.0001884362071322443,-0.0024259547015698935,-0.00022325026748442654,-1.4768171200806258e-05
1,GMe,Methane,70,1,-23.23999786376953,-0.5995871741526495,0.017180520666883085,0.009030160456537241,0.0064716210631128234,-0.016961981003119814,-0.0015032053031959613,-0.00010186234338966082,-8.50999927520752,-0.45851290517671495,0.007495627645200511,0.003730043187354464,0.0025106389072088327,-0.005966303752256601,-0.0007457938494985173,-6.191552380669819e-05,-12.170000076293945,-0.5660465151764625,0.007547959572434117,0.004659204449476101,0.003249640977214654,-0.006333908828409517,-0.0006159139593103935,-5.382309940376212e-05,-1.309999942779541,-0.23905108361678895,0.0021205950238852565,0.0005074231196275944,0.0002738350287884281,-0.001715631446254042,-0.0001470863081594693,-1.1156721211312828e-05,-52.500003814697266,-0.7293692882224646,0.029037995715598074,0.015568207449456833,0.011940812317314371,-0.03657052957524712,-0.0033128346499347295,-0.00011999893188476563,-30.22999858856201,-0.6662993013058507,0.016605732239077898,0.008810594312979942,0.006828101286041791,-0.023779068146361368,-0.0023142287471693964,-0.00011293570598802828,-39.82000160217285,-0.7241316673348226,0.01996000922752717,0.011670135272516187,0.008839067465470057,-0.03481359894389584,-0.002946004210377391,-6.527426624494724e-05,-1.559999942779541,-0.22608694510408836,0.002301821202303468,0.0004744459015858756,0.00023110354157310955,-0.0020040553724641804,-0.0001949362727904931,-6.514667607474312e-06
1,GMe,Methane,70,2,-21.060001373291016,-0.5803251816474909,0.013390568419250515,0.008785451468972236,0.0059280634056045846,-0.01608243105087944,-0.0016484145267837095,-0.0002567541451512058,-7.2400007247924805,-0.42941877002942247,0.007279651117529786,0.003517959040987939,0.0021706861638260376,-0.005638555791525357,-0.0008343032682475915,-0.00013871341936733437,-10.680000305175781,-0.5407595091228243,0.007701719947396346,0.004325492094600965,0.0028965168684207095,-0.005302488998218296,-0.0008174048523011475,-0.00014955977653819603,-1.0900001525878906,-0.18890817265009152,0.0024914995750870026,0.0004752723620157285,0.0002505258307069594,-0.001881676824048795,-0.00020348901000976976,-3.569029966060523e-05,-48.75000190734863,-0.7182849555697669,0.02620164317689109,0.014909038022469344,0.011578301846849347,-0.03733236227926546,-0.004677158769101478,-0.0002581212725208968,-26.43000030517578,-0.6457366261449451,0.016049399992286287,0.008285292501742859,0.0062499765106454165,-0.017889778284167927,-0.0023298355421150336,-0.00023663753842882512,-37.04999828338623,-0.7089552138029854,0.020830984533232337,0.011182107878924633,0.008550404484727369,-0.023855247161404088,-0.002519674351170221,-0.00022061150510678163,-1.119999885559082,-0.16184969266053909,0.002544685538375527,0.00043779424804712486,0.00019782523803955164,-0.0019630780492358633,-0.00019636414142464986,-1.6932381050030782e-05
1,GMe,Methane,70,3,-27.229999542236328,-0.6359177892644333,0.017425101198502307,0.00991572867367165,0.007237240449257663,-0.016909410648495285,-0.0014349713133222065,-0.00011900354551143057,-10.550000190734863,-0.502141840828354,0.007853706753187483,0.00422014274614969,0.0029547490863998656,-0.006847192511991209,-0.0007134876985340025,-5.4040230278621385e-05,-14.4399995803833,-0.6021684677245267,0.008736950547038828,0.0051586558622447815,0.0036815394803838353,-0.006749155357866427,-0.0006106504655236318,-1.997755721177783e-05,-1.7300000190734863,-0.22853368293831963,0.002470412148652207,0.0005917548560912155,0.00034635577050345104,-0.0019999980926513673,-0.00019999980926513672,-1.999998092651367e-05,-58.84999656677246,-0.7542937592782174,0.02868580108513282,0.016379358809285257,0.012674323535849094,-0.04468174992659063,-0.0038553106156120173,-0.00011076551994366709,-32.359999656677246,-0.6885106309931329,0.01613202585654633,0.009030131746711703,0.006954578142493408,-0.02601235964505299,-0.0026893660926583427,-0.00014487713315623023,-47.14999771118164,-0.7434563083016524,0.020368903880103144,0.01249400957606409,0.009888937597555474,-0.03406096525790107,-0.002960931926421828,-1.6614426394065212e-05,-1.5199999809265137,-0.1926489235295209,0.0025471325052244843,0.0004961040931266194,0.0002484442913088764,-0.0019976671838741137,-0.0001733857498847007,-1.0009712332605425e-05
1,GMe,Methane,70,4,-25.65000057220459,-0.6383773115327849,0.017559186738041726,0.009512020646974718,0.006912243664993165,-0.01632826489500149,-0.0014678053713808913,-0.0001550684152494208,-10.179999351501465,-0.5034619039169792,0.007896956307089456,0.004195946917384618,0.0029247024118567613,-0.006267317220377043,-0.0005977107901049004,-5.1936061401973796e-05,-13.74000072479248,-0.6052863551980457,0.008460909893156395,0.004937005232899033,0.0035400126056698263,-0.005472534970781878,-0.0005486032136008258,-3.059813319567418e-05,-1.419999599456787,-0.17509243644513003,0.002181885330031822,0.0005816083667028316,0.00031804076723478635,-0.0021862757838559924,-0.00021393974656703306,-6.1676481780732015e-06,-56.15999984741211,-0.7614915233547405,0.02693082713937322,0.015669114667331764,0.01222602528383558,-0.040395515091370605,-0.0036541765929242135,-0.00010028641192037259,-30.899998664855957,-0.692825105874959,0.015629704986307863,0.00889728579431505,0.006857796813636075,-0.021206000954375626,-0.002128513566030205,-3.2311522594210266e-05,-44.720001220703125,-0.7459549733375254,0.02180693753963158,0.012276635241191616,0.009587995408580591,-0.03670120137225499,-0.002908798182353281,-5.449784954954045e-06,-1.140000343322754,-0.13936433995013844,0.002371165784236129,0.00046337991598742977,0.00020334824452851235,-0.002119629881801319,-0.00016259175802447757,-1.058305596225438e-05
1,GMe,Methane,80,1,-24.199999809265137,-0.6219480828621661,0.015635303949740477,0.009394063018451592,0.00674599621964477,-0.01646778227479732,-0.0015068254244519808,-0.00012131534050574366,-8.989999771118164,-0.4843750016057286,0.007228082067059301,0.003825647024144484,0.002628765169208776,-0.0059240039667724535,-0.0006125712600015468,-6.715668345174856e-05,-12.710000038146973,-0.5892443309211901,0.008414159580318109,0.004756091410587673,0.0033996301060442912,-0.005044033626178036,-0.0004951217004961063,-5.234981544451003e-05,-1.559999704360962,-0.2862384878819488,0.002127848288288117,0.0005301949964687233,0.00032376176621774734,-0.0017435954091938636,-0.00015773200599265608,-1.1828882541285992e-06,-53.71000289916992,-0.7461794997818129,0.028289591338580063,0.015504036669848948,0.012185832550354131,-0.03754805939375522,-0.002996697006361947,-9.531828747132159e-05,-31.089999198913574,-0.6852545719824646,0.015911558803335942,0.009047560867244902,0.006936515904810283,-0.025232808490491553,-0.002287715631480582,-0.00011605761300892437,-40.83000087738037,-0.7406130978835523,0.0204964403336649,0.011500380395735445,0.009045088142771643,-0.02750818569077651,-0.002389461565259485,-8.571994669208906e-05,-1.820000171661377,-0.2684365951830587,0.002366484632557143,0.0005421530700983238,0.0002908107808077527,-0.001882810035396033,-0.00015333492112042715,-1.0000228881835938e-05
1,GMe,Methane,80,2,-21.95000171661377,-0.6083703049516206,0.014409591922797267,0.008987025808083294,0.006193033306421974,-0.014904572533727584,-0.002391058069600608,-0.0002741326331617339,-7.830000877380371,-0.4619469336249457,0.007940875450204778,0.003605203799184847,0.002367669803175156,-0.00542006004395912,-0.001098461211525918,-0.00016702591382980025,-11.15000057220459,-0.5685874668621286,0.007957788399897622,0.004441214938580877,0.0030618768056743678,-0.005791991123660613,-0.001200466110748811,-0.0001566099621777598,-1.7800002098083496,-0.30479454851034116,0.002227364237689483,0.0006144145331504347,0.00035033609686439197,-0.001816144139984163,-0.00023328082013916404,-2.133490585502214e-05,-49.77000045776367,-0.739634414929531,0.024834622256568985,0.015139517230001228,0.011320886894904021,-0.03325156544972974,-0.004053997133779345,-0.00026293520206670945,-27.690000534057617,-0.670947424931482,0.01466019035765974,0.008519837961302004,0.006201710330554863,-0.02105535567561785,-0.0026476155131108688,-0.00025828371480420546,-37.730000495910645,-0.728800466723822,0.02361528149287204,0.011121225150366405,0.008396496588113245,-0.030026805462312404,-0.003708665425240752,-0.000343282342340314,-1.9399995803833008,-0.2783356727088162,0.002357975919199936,0.0005585826958025091,0.00029897831991125735,-0.0018789408103179453,-0.0001883552808400257,-1.2841849241856315e-05
1,GMe,Methane,80,3,-27.990001678466797,-0.6590534700720077,0.01633629701262761,0.00999392341795037,0.007369034603197905,-0.022443551866076585,-0.0020159396857759,-9.500362012959421e-05,-11.0,-0.5260640880091348,0.00797059799902156,0.004341210358656409,0.003036970615305078,-0.007267822235578631,-0.0007448633200730775,-5.5187059645425635e-05,-14.869999885559082,-0.6258417399964341,0.008228834259082605,0.005237023053209799,0.0037754283682185016,-0.006286266034156891,-0.0005958637610495071,-3.543774571100135e-05,-2.6700000762939453,-0.35224275767387003,0.0024859360092350296,0.0007341595901979534,0.00046789133179030867,-0.00176914962349358,-0.00013171403065221526,-5.868246050296779e-06,-59.35999870300293,-0.7706088490677341,0.026933451401023923,0.015993149080207915,0.012622060056056657,-0.0396908100250358,-0.004064431682981281,-0.00011060444280703056,-33.05000114440918,-0.7063475207892437,0.01636688715011226,0.008924782550653553,0.006976841538205741,-0.024398479072518676,-0.002215601163035463,-3.0393534189771605e-05,-47.66999912261963,-0.7599234731465804,0.02021475003448125,0.012491447339880259,0.00987368754552954,-0.03942384072269891,-0.0034448915367095694,-0.00010029739566632591,-2.4600000381469727,-0.31257942489438995,0.0022241323436539362,0.0006051864853396433,0.00037050096285432324,-0.0021400475691712205,-0.00019159840282692515,-1.000066321028862e-05
1,GMe,Methane,80,4,-26.579999923706055,-0.6615231389204882,0.017680383084793486,0.009418785587627623,0.007003274113940529,-0.015506956672287443,-0.0014826851591752178,-6.000137329101563e-05,-10.69999885559082,-0.5291789920350741,0.007366158550512772,0.004211435635371595,0.0030323163678828533,-0.007371870446706449,-0.0006552125660624466,-4.627032394312661e-05,-14.329999923706055,-0.6304443560185032,0.008237084652043928,0.004919809378897082,0.0035984561453077995,-0.0062921918482309975,-0.0005139606158138599,-1.198870896234751e-07,-2.0799999237060547,-0.25615762968238537,0.0023794720354742187,0.0006840782709083607,0.0004252094056119953,-0.00233357348065535,-0.00021561126753545445,-8.640047282066824e-06,-57.459999084472656,-0.7791186316538665,0.026241638711077032,0.015202322516323948,0.012126188319421647,-0.04068376642114101,-0.0034998004941376036,-4.3868518079946586e-07,-31.76999855041504,-0.7123318304337927,0.014297656258713796,0.008752517356385641,0.0068103803141139375,-0.02077442461649928,-0.0016305990576356542,-5.010114088172001e-05,-45.720001220703125,-0.7626355402645268,0.022035939200624542,0.012255274480896314,0.00954904960665952,-0.036848687897543184,-0.0033390407205341407,-6.557213230355219e-06,-1.8100004196166992,-0.221271436685821,0.002405677682403498,0.0005590649172884959,0.00029812612387516773,-0.002262291829045727,-0.00019478690613927363,-1.0000228881835938e-05
1,GMe,Methane,90,1,-24.979999542236328,-0.641994336679437,0.015096434327286027,0.009514945352227355,0.0068492774667748245,-0.020600693361143584,-0.001656789484784526,-0.00011034078199168257,-9.440000534057617,-0.5072541764886748,0.0067748092895173135,0.0039707940618022245,0.0027309725844541907,-0.006029640440383484,-0.0006383634125899896,-6.14154790757165e-05,-13.180000305175781,-0.6101851885374354,0.008174940227527136,0.004929932163285687,0.0034609403339267396,-0.005966103368646356,-0.000576981639551352,-4.6947640782147595e-05,-1.8400001525878906,-0.3369963625883699,0.0020830444984470792,0.0005921930505121467,0.0003748346750014188,-0.001833467377949274,-0.00015793420021799378,-5.7582301875571805e-06,-54.98999786376953,-0.7616343516356388,0.02659622987957274,0.015539815433379225,0.012150583062526626,-0.03820163507917576,-0.0034979893680684897,-9.985184914664817e-05,-31.930001258850098,-0.7022212536099938,0.014612175047609123,0.008944833171125188,0.006996595700953666,-0.027141341796501964,-0.0025378598451296975,-0.00010258951597519465,-41.6200008392334,-0.7549428629215931,0.023285598128759497,0.01161446937554075,0.009017042261973755,-0.0358310424230138,-0.002727803066507595,-0.00010889566531580537,-2.140000343322754,-0.3165680874062232,0.0021360663771378277,0.0005580898037085848,0.00030667550514697727,-0.0019055540891045994,-0.0001263263801494594,-3.971222517728696e-08
1,GMe,Methane,90,2,-22.68000030517578,-0.6296501948069072,0.013529724348964616,0.009309807991632085,0.0064518634070609305,-0.017135082697148266,-0.002605681685824294,-0.0003284899450566789,-8.279999732971191,-0.4870588078218348,0.006588407095562044,0.003849256573945927,0.0025403934047612494,-0.005832349426749886,-0.0011798718390382053,-0.0001337318120179313,-11.539999961853027,-0.5893769155678712,0.007679622074937508,0.004711187667337836,0.0032254376376490705,-0.005636612217846571,-0.0011855448649316109,-0.00011752714262891791,-1.7199997901916504,-0.2940170629455218,0.002111092993629586,0.0006482892904348235,0.00037065766762589124,-0.0016463892172234062,-0.0001822566300506117,-2.4500118932389273e-05,-50.8700008392334,-0.755981574485237,0.026967035568967446,0.01562504411851518,0.011530836659307736,-0.033065033957025106,-0.005049216595883646,-0.00020978591912841697,-28.440000534057617,-0.6891204317568044,0.016824988445926274,0.008435097548557,0.006404339145158334,-0.02127823074522988,-0.002379150341522897,-0.00016866835739683459,-38.38999938964844,-0.7434159535901148,0.018169524165980257,0.011318416158238505,0.008508927900666624,-0.02386131050628771,-0.0028928052820730754,-0.00022295822734334856,-1.8799996376037598,-0.2689556078916757,0.002308917499899279,0.0005534053403878006,0.0003068432722511619,-0.002188321813849356,-0.0002371110192368868,-1.306937205339394e-05
1,GMe,Methane,90,3,-28.650001525878906,-0.6760264465267758,0.015802985098692726,0.009995260984646794,0.007465963601007675,-0.018001077829694342,-0.0018232773876317697,-0.00020674002313966446,-11.369999885559082,-0.5461095125945475,0.007529336060638466,0.00438432648328623,0.003157044285662896,-0.007202881715310755,-0.0007701215301291074,-7.954377791781567e-05,-15.230000495910645,-0.6428873006573147,0.008237840060348587,0.005219181060083209,0.003833508341209944,-0.0051569145527098036,-0.0005579597632368544,-5.3511022571693724e-05,-2.570000171661377,-0.3368283267515641,0.0023797439436759483,0.0007774345024751804,0.0004995322265785162,-0.0016213725298792286,-0.0001467303453323862,-7.072538924008677e-06,-60.14000129699707,-0.7831749001169297,0.027266684456589536,0.015978561891390672,0.0126564521126028,-0.053212137678133736,-0.0046202375069160605,-0.00021243440064823492,-33.88999938964844,-0.7227553813346836,0.015057340534423385,0.00914757934006009,0.0070091345084733435,-0.030129098872288804,-0.0025888847761665022,-2.3801583364243466e-05,-48.280001640319824,-0.7717391397138331,0.023741701178049957,0.012552446283347726,0.009950126428948781,-0.030047773866099386,-0.0026371329023054243,0.0,-2.4099998474121094,-0.29975122622471534,0.0024580214977264407,0.0006360035566523219,0.00038466914339144604,-0.0023500933223544658,-0.00018512316907997215,-1.0926068979145485e-07
1,GMe,Methane,90,4,-27.329999923706055,-0.6774913192942261,0.016947287462535814,0.009687187210754806,0.007130898629477962,-0.016030495728559857,-0.0015861378647306938,-6.596366728582086e-05,-11.040000915527344,-0.5489806355274071,0.007983086715541316,0.004314794286935157,0.003079002059466283,-0.006943835553847268,-0.0006969011639072948,-6.961262358556307e-05,-14.760000228881836,-0.6465177520020686,0.00950010957912727,0.005057522883562427,0.003681948162512054,-0.006666096856069908,-0.0006564692063315341,-1.8605097853200913e-05,-1.3600006103515625,-0.16790130201262948,0.0024121228030603713,0.000511547624554521,0.0002765538725726363,-0.0023984613837385194,-0.00021544724519263297,-2.2828540709108177e-05,-58.669997215270996,-0.7907008036158807,0.026639220795364585,0.015579329365689492,0.01231975441766532,-0.03526034635529092,-0.00299450944729016,-0.00011000061035156251,-31.969999313354492,-0.7246146891959765,0.018755855527387098,0.008676623067626664,0.006899129951564668,-0.022587327917646137,-0.0020469671730329363,-8.638092973603355e-05,-46.74000072479248,-0.7734569003599564,0.02100268733566662,0.012446010746752027,0.009706100986716766,-0.04603317985752386,-0.003935983746593793,-3.327995362051257e-05,-1.0299997329711914,-0.12560972645479823,0.00221719881687591,0.00038123727117129205,0.00018502200507443755,-0.0021070167802682933,-0.00018977701496577636,-1.7313735376183303e-05
1,GMe,Methane,100,1,-25.399998664855957,-0.6592265629269629,0.015150511088776988,0.009391510694453398,0.006888575890095583,-0.014612523040915188,-0.0015080096491152605,-9.5076518410382e-05,-9.729999542236328,-0.5265151397865709,0.007012720032460054,0.003993735860185896,0.0028312531898088953,-0.00527525355097306,-0.0005784138638308666,-8.093249232137546e-05,-13.380000114440918,-0.626991566015445,0.007817189547282413,0.004931011046841322,0.0035121324036929084,-0.005261701270986596,-0.000555420653953847,-4.8631780673799845e-05,-1.570000171661377,-0.2896679242733336,0.002062201469064424,0.0005715845235591205,0.0003401969178743261,-0.001691471954971871,-0.00014033374312237952,-1.0829533599549407e-05,-55.2400016784668,-0.7744287152733137,0.026269078689428002,0.015345690727575356,0.012114801116170132,-0.037515353947638774,-0.0031447179963067793,-2.2403427376994358e-05,-32.25,-0.7169853341087115,0.01542414914264631,0.009238351701614833,0.006999922293389407,-0.022657349209078186,-0.0019929626931761307,-1.3967422524911282e-05,-41.730000495910645,-0.7663911829421594,0.019030582156989273,0.011335950466004944,0.00903306859873185,-0.03258200486360793,-0.00285802887661985,-4.8549528061685686e-05,-1.8400001525878906,-0.27340269648932364,0.002368033114981949,0.000507508516890352,0.0002844550335734965,-0.0019798256428790067,-0.00015062589962971557,-9.999752044677734e-06
1,GMe,Methane,100,2,-22.8100004196167,-0.6405504079937028,0.013825966119786945,0.008965840710658222,0.006435284863460556,-0.014156854338829855,-0.0024244824347740713,-0.0002527168738355389,-8.300000190734863,-0.4958184172173652,0.006881402613634494,0.0035780786928544307,0.0024772805215590625,-0.005320169243839181,-0.0009056526276233363,-0.00011477659008099536,-11.610000610351562,-0.5996900952649677,0.007872248601980854,0.004444085436937211,0.0032110805636180765,-0.005657408674433805,-0.001060558352257383,-0.00013606923884647867,-2.070000171661377,-0.35813150458865,0.002150605541428734,0.0006953679783768663,0.00044163496718177786,-0.0015428150986872076,-0.00019296452561172898,-3.7334625158886506e-06,-51.02000141143799,-0.764688256564458,0.02705826589222847,0.014849519162704024,0.011759337270663549,-0.03874019246054833,-0.004184182574497041,-0.00023316665106182626,-28.610000610351562,-0.6989982994633328,0.015283697462152114,0.00843567618420342,0.00641062651263448,-0.01809641455645552,-0.002429980263223453,-0.00012707517277662803,-38.44999980926514,-0.7515637201709277,0.019286780389943387,0.01101930238360631,0.008677176089620969,-0.03219922136006753,-0.003000212904638788,-0.00026801654402581706,-2.3899998664855957,-0.34240685672703486,0.0022597918024642874,0.0006154143813473714,0.0003744341042401968,-0.002084359700452767,-0.00019569272661977704,-4.9771758140164656e-08
1,GMe,Methane,100,3,-29.489998817443848,-0.6930669646583308,0.017749417679908886,0.00997614433171875,0.007609671356307487,-0.017350154738930017,-0.0018599270721388773,-9.595483265880354e-05,-11.930000305175781,-0.5678248536511654,0.010050364586797984,0.004470441356285754,0.0032743904291832153,-0.00838230012225228,-0.0008368776528919346,-5.887683369090156e-05,-15.75999927520752,-0.6621848647232974,0.00907145156841365,0.005342179426346758,0.003929405390295856,-0.006360513684719108,-0.0005782882897646462,-8.941145617200231e-08,-3.010000228881836,-0.3944954369246941,0.002571064458795536,0.0008900514470420978,0.0005713202227767065,-0.001894478613179856,-0.00016595687395381566,-2.192191498318798e-07,-61.53999900817871,-0.7963250515043373,0.025506852917891606,0.01598118506848925,0.012711858453656626,-0.03934071388311247,-0.0033273553878993226,0.0,-34.70999813079834,-0.7369426593478471,0.01690019810066044,0.009318503131889616,0.007081978900907372,-0.027621204177376676,-0.002735954362274198,-5.000114440917969e-05,-49.32000160217285,-0.7841017552580052,0.01931062682291354,0.012300655190351489,0.009969967744033904,-0.03377691187187548,-0.0032290917883311347,-1.5983611668013344e-07,-2.880000114440918,-0.36363637458303844,0.002508314283338884,0.0006967849927754227,0.0004238782759259892,-0.0018607363422391062,-0.0001462570235137662,-1.0009752273559569e-05
1,GMe,Methane,100,4,-28.289999961853027,-0.6969696934098027,0.013893937472087775,0.009520696616064061,0.007223914904955767,-0.02134779573315665,-0.0017347482197978595,-0.00018231603643724877,-11.529999732971191,-0.5702275036852298,0.007543962475161942,0.004368965086079123,0.003158095258535083,-0.007652775932022134,-0.0006806472066101183,-6.164952630948045e-05,-15.300000667572021,-0.6669572934341063,0.008097305828766676,0.005075639028684655,0.003731037190421951,-0.006356838997653436,-0.0005150785980975437,-2.2508354193428122e-05,-1.9100003242492676,-0.23697273260689228,0.0023991590247490944,0.0006502313302897288,0.00037964771874082276,-0.001625760739896691,-0.00017701185234485177,-1.983454882583633e-05,-59.829999923706055,-0.803842532290646,0.026964808419032392,0.015660084702891035,0.012288600134300784,-0.03668249406197479,-0.003098398028279146,-1.4851104325472222e-05,-32.77000141143799,-0.7395621845137414,0.014249543732283383,0.008661738765462498,0.006840586043720721,-0.026511256798926658,-0.002225696709015858,-6.31458279847717e-05,-47.670000076293945,-0.7867634916032904,0.024060180041133795,0.0124843963841535,0.009689453572451509,-0.028691695555088322,-0.0026078491737806515,-7.999801635742188e-05,-1.5799999237060547,-0.19458127413474313,0.0024321567513744327,0.0004925046811378258,0.00027100422818180015,-0.0026307392501751813,-0.00022566137981618707,-1.539145800583204e-05
2,GCO,CO,10,1,-1.0399971008300781,-0.021839502817244515,0.020821727571017135,0.0022354653534907435,0.0004593503969613081,-0.02154928198350897,-0.002404923267477729,-0.0003437069763935534,-0.8099994659423828,-0.028959581187963858,0.013970042159645505,0.0013678171736031751,0.00022727807432425267,-0.009373789690062268,-0.0010311084595081561,-0.00018916125743491448,-0.8199996948242188,-0.0303928728219782,0.0061956767041154,0.0009988501454273296,0.00028722721299474834,-0.007766825852292906,-0.0008468403522242109,-0.00015816859780719695,-0.23000001907348633,-0.07986111456045385,0.0017008220071984131,0.00019245326145559422,4.796588419912782e-05,-0.0011547160001447706,-0.00010000055165886822,-1.0549537983402557e-05,-4.900001525878906,-0.04231800230706985,0.0872207603608786,0.009086558142649375,0.0017688935527691773,-0.09228945876253734,-0.00941577425902638,-0.0011823251717425448,-2.3300018310546875,-0.03989729058520982,0.04069496332321085,0.00467918378017059,0.0007992210697242672,-0.04193445916747299,-0.00416903832602844,-0.0005038555367021977,-3.2900009155273438,-0.05487908046134993,0.030872559688533585,0.003935092241459787,0.000955906974118194,-0.03134281699677575,-0.003061478841534105,-0.00047342458724270787,-1.0099997520446777,-0.1549079378833301,0.0016795184099068464,0.00036364535659775524,0.00017681059706270536,-0.001528952515092101,-0.00011888086961457793,-1.2928340556179572e-06
2,GCO,CO,10,2,-0.970001220703125,-0.025123056342119355,0.016598337569533855,0.0015171355486239646,0.00025820713216616277,-0.016544063260426775,-0.0019080501103553669,-0.00017481583229703081,-0.3899993896484375,-0.017599250556582582,0.006591799730911554,0.0006990140133178763,0.0001036234367801291,-0.007351291398254472,-0.000778654156605229,-8.958793604949977e-05,-0.7999992370605469,-0.036546334370336185,0.005112659620880916,0.0005835313309060263,0.00019113976232076898,-0.0048862240056352585,-0.0004823388494071168,-6.457921864758386e-05,-0.26999998092651367,-0.08307691720815805,0.0013237379027940315,0.00020026116968920876,6.739062728880596e-05,-0.0014257897099596915,-0.00011279432740544313,-9.999990463256835e-06,-3.9899978637695312,-0.04264184970378103,0.054850648893560304,0.005508918423279975,0.0009950618535925974,-0.06263939353776551,-0.006460939992241965,-0.0005881681110977366,-1.2999992370605469,-0.027969002793970316,0.024590538126709395,0.0023887300395934678,0.0003780175818159576,-0.029204033392338662,-0.002794620396942778,-0.000255639093065498,-2.8699989318847656,-0.058619260325823146,0.023296503252898924,0.002824772131828601,0.0007827504037237176,-0.028540818425044405,-0.0028088443862592065,-0.0001611056593041136,-1.4700002670288086,-0.20675108852666108,0.001907479180270579,0.0004543231380880885,0.0002730744457701336,-0.0018112268580891516,-0.0001560994191588143,-7.102641539714145e-06
2,GCO,CO,10,3,-0.8199996948242188,-0.022465745063677225,0.013474971813794258,0.0013688210370266388,0.0002946175945207597,-0.015871085521993924,-0.0018645299684332895,-0.0002826282839510729,-0.3899993896484375,-0.018678132438876918,0.005403210624738511,0.0006741225113700293,0.00015760619602878646,-0.006349412670771189,-0.0006470578732056501,-0.00010882369394696041,-0.8299999237060547,-0.0400579127032645,0.004744620556581506,0.0006918827585530164,0.0002594744604428446,-0.005118467597732133,-0.0005757868746875821,-0.00012264941754936012,-0.25999999046325684,-0.07831325171422603,0.0017487669302457313,0.00021277166102260886,7.422121325687296e-05,-0.0015104112263984108,-0.0001103552058699073,-1.2147576888705254e-05,-3.529998779296875,-0.03856236338204039,0.04932583080324021,0.005058007801378449,0.0012785921226324136,-0.06364074445779423,-0.006411792039158578,-0.0007826381934038764,-1.2099990844726562,-0.02719099066230688,0.02329294860330207,0.0024179797501016065,0.0005075591548756441,-0.023068706377058185,-0.0021751536634197575,-0.00029329067922020946,-2.4099998474121094,-0.05114600810785101,0.02358541829666414,0.0024039694930312,0.0008109333719175342,-0.021791878022635748,-0.0022640932422726204,-0.0003784670145503256,-1.6500000953674316,-0.2205882474812894,0.002044345012189793,0.0005201503582066805,0.00030508579940526846,-0.0017223594797270193,-0.00014875710474342892,-9.999752044677734e-06
2,GCO,CO,10,4,0.6000022888183594,0.014573774969728889,0.016391266724882482,0.0018272192292696293,0.000264137721137883,-0.018314759648579603,-0.0019668778988468395,-0.00023616250745287908,-0.4799995422363281,-0.019793795556137243,0.008594850647089352,0.0008689281925389858,0.00015538312799896897,-0.008600508137301958,-0.0009866446619646535,-0.00011877554550306393,-0.7700004577636719,-0.030874115528272465,0.007162348065329137,0.000913346421313417,0.00020293243793031656,-0.007810135975349731,-0.0007854343869526422,-0.0001162232017725611,-0.4200000762939453,-0.09012877468809119,0.001776071881207869,0.0002537203211470929,0.0001041729410923143,-0.0017313822032910583,-0.0001595069362355337,-1.3881420406016418e-05,-2.55999755859375,-0.026154450658245752,0.07644433279847526,0.007527164133726522,0.000910690597724443,-0.07419197356697751,-0.007465253681698766,-0.0007426194527014515,-1.5700035095214844,-0.03288654072732546,0.029313512518430923,0.0029281672485465,0.0005404190620055384,-0.027369597481201543,-0.002709794208629817,-0.00029734650527229865,-2.1300010681152344,-0.04114353968091977,0.02517556929224303,0.002814406991847024,0.0006660947157789678,-0.029985466182344656,-0.002995421802730302,-0.0003452607925599293,-1.4399995803833008,-0.17843861646077386,0.0020201224597620527,0.0004705649528809236,0.00027026258981387234,-0.002355394560651201,-0.00021930068391572404,-8.770669226139754e-06
2,GCO,CO,20,1,-1.6100006103515625,-0.03441643121769576,0.01878293068874165,0.0021066098914167006,0.0005994022477268509,-0.021534212542302134,-0.0022439325317515912,-0.00034037960405124785,-0.8799991607666016,-0.03203491746498849,0.012365716371598594,0.0012461168427564176,0.0002838387590464445,-0.01125912693483489,-0.0011915779111885871,-0.0001402403849876992,-1.3199996948242188,-0.049811309238649765,0.0070282936571207915,0.001207782636743761,0.00040667085494575344,-0.007726894494714123,-0.0008400295692847701,-0.0001475170827686097,-0.28999996185302734,-0.10283686833976204,0.0015869506263276939,0.00022061280459578265,8.647562997355915e-05,-0.0010207337514499897,-0.00010163481151744083,-1.0231250802901499e-05,-6.9199981689453125,-0.06108216182384079,0.07757047200922923,0.008694066755846611,0.002319594220738575,-0.09435333645349206,-0.009287830233199805,-0.0008793556036867359,-2.509998321533203,-0.043981046696252905,0.035000802283092054,0.004195652136583797,0.0009403288649050119,-0.04561556819003637,-0.004392685554345757,-0.0004958766103543938,-4.270000457763672,-0.0727179899352281,0.042126662945381844,0.005163049892916821,0.0013262530625158845,-0.03675439374254677,-0.0036178350995552462,-0.00031092960768956993,-1.4700002670288086,-0.23333336865460325,0.0017047100654673855,0.00044589763929158457,0.0002835293324585169,-0.00198041730175267,-0.00017245641515904953,-5.882173849714911e-06
2,GCO,CO,20,2,-1.2600021362304688,-0.03263408744657349,0.013681545167305324,0.0016914206858753495,0.00047256499032435315,-0.015531012319177402,-0.0015543904483958147,-0.00032189497785114563,-0.5900001525878906,-0.02654071816182039,0.00855568190739915,0.0009252482450203377,0.0001930665251510445,-0.007810400687301097,-0.0007705879351192993,-0.0001232479211830748,-1.1700000762939453,-0.053302962898724916,0.00501620975189203,0.0009642161566306548,0.00037613103459836983,-0.005430329587140759,-0.0006264742604050598,-0.0001348591038315661,-0.43000006675720215,-0.13109758247193112,0.0017057157688315887,0.00027396445036606136,0.00012191084196773414,-0.0016213458284894447,-0.00015275520300492195,-1.0621800876273869e-05,-5.590003967285156,-0.05952511712594683,0.0578945954833422,0.006860444125209162,0.001867671357012962,-0.06898562563922112,-0.006663177281808097,-0.0007859855524721057,-1.7099990844726562,-0.03662452633901883,0.021987451594263727,0.002595234290879555,0.0006320726909994872,-0.02860543078467933,-0.0026956148881222323,-0.0003620014012343238,-3.970001220703125,-0.080904855214863,0.019846191507961426,0.0028496899461896794,0.0012004749719143253,-0.0265116507299234,-0.00296976316400918,-0.0004889839997024249,-2.2699999809265137,-0.3131034456450364,0.0020147080443920218,0.0006329549050714295,0.00042169822092165735,-0.0018541434744143953,-0.0001572249217949956,-1.0078563383354863e-05
2,GCO,CO,20,3,-1.0200004577636719,-0.02799891433486361,0.014334876282551236,0.001559356132476795,0.0003914502862796877,-0.02108759718878427,-0.0019345333830016467,-0.00020561786218456585,-0.5699996948242188,-0.027377507357308883,0.005115240971336613,0.000759849157419465,0.0002079968127223016,-0.00631147079350235,-0.0005605655895140666,-7.434714685649886e-05,-1.1100006103515625,-0.05372703865196796,0.0047615269709044405,0.00093433775631533,0.0003429771394966389,-0.00463460590405885,-0.0005162956273896115,-8.786699122018937e-05,-0.440000057220459,-0.13293053318030365,0.0016841619740159768,0.0002816025402415269,0.00012450022140319636,-0.0016551898847728807,-0.00013246372932408627,-1.000998045372963e-05,-4.1100006103515625,-0.04506579767413885,0.05886552536615606,0.006268272237459022,0.0014467261601787463,-0.06308471101046406,-0.006390514603836668,-0.0007974780965290355,-1.8400001525878906,-0.04134831803568294,0.023199122101938034,0.003351045024202372,0.0007809869312340712,-0.02429572469975945,-0.0027128150182181465,-0.0002372192368854071,-3.6199989318847656,-0.07698849205959657,0.02312014200019003,0.003247337213994685,0.0010813833198529711,-0.02723073823016533,-0.0028854285693061827,-0.00026742923914170906,-2.4600000381469727,-0.32800000508626304,0.002027329931573698,0.0006859684070590704,0.00045306118679514813,-0.0018976833886163737,-0.00014820994553232486,-9.523151634761751e-07
2,GCO,CO,20,4,-0.8699989318847656,-0.02044650875403558,0.019973692533797438,0.0021358651153775337,0.00044264591809363977,-0.019619658906193285,-0.0022560842092879574,-0.00034243011048093464,-0.5599994659423828,-0.02301682974510594,0.008686773929899057,0.0010103307766977437,0.0003135934493276976,-0.008292641029316653,-0.0009561265145033648,-0.0001444179970907799,-1.1499996185302734,-0.044816820941885334,0.006821576702762193,0.0011687281406666833,0.00044779059631069266,-0.006866661081763044,-0.0006762769202017882,-0.00014439982843912454,-0.6599998474121094,-0.13953485089866666,0.0017655150498272435,0.0003562762328822497,0.00017482207265411633,-0.0016359926461400544,-0.00015911909700537662,-2.271656415852982e-05,-2.69000244140625,-0.026747563384398515,0.08057701564174845,0.007865450394133278,0.0016233161072382344,-0.08075438481401971,-0.00807004970830894,-0.0011049875980677145,-1.720001220703125,-0.03530380085401611,0.03126892764986683,0.0027475737643636745,0.0008592539583122611,-0.028487830297752856,-0.0029270471979309645,-0.00040893802472920357,-3.1500015258789062,-0.059411571080393195,0.029312825849067525,0.003819446129533454,0.0011628776903693276,-0.03173496061772378,-0.00283983889088248,-0.00040414331735795896,-1.9100003242492676,-0.24550132040373274,0.001851852569783123,0.0006452092173937717,0.00041368505950138847,-0.0018485563817186264,-0.00016682363529176816,-1.421052699159466e-05
2,GCO,CO,30,1,-1.8999977111816406,-0.03811429828163379,0.02563441550863853,0.002930966853941385,0.0006440963945967309,-0.023811997916900595,-0.0022548969153970357,-0.0002797933432629958,-1.0699996948242188,-0.037308217693119046,0.010714297340168762,0.0011955673808367502,0.00035160664242273683,-0.010389023610641954,-0.0011538170509332601,-0.00012912372181513618,-1.7000007629394531,-0.06047672451182461,0.008504163133829155,0.0014312100668920262,0.0005520264425479644,-0.007770542573720552,-0.0008407587848827569,-9.800504667699543e-05,-0.4199998378753662,-0.14736836909807335,0.001662995287441902,0.00027426893896280886,0.00011840900696991608,-0.0015316452609491827,-0.00018974192134772711,-1.989074817782338e-05,-8.710006713867188,-0.07225223138424618,0.10079592018201412,0.01169829673612728,0.002635734444899702,-0.112492715017056,-0.011335160031355082,-0.0010667770408928957,-3.279998779296875,-0.05486782947932763,0.04199981689453125,0.004571261510787552,0.001087400671029267,-0.03659133690596482,-0.003873263908328756,-0.0003864547655451991,-5.709999084472656,-0.09175637355737411,0.03162761542843637,0.005201842171205104,0.0015881706272588235,-0.04296417974702472,-0.004629049682829057,-0.0003509020336219588,-2.0399999618530273,-0.31775699962774023,0.002021335409862547,0.0005633701657996132,0.0003710127165233054,-0.0015071692526281407,-0.00013392007807581712,-1.0000228881835938e-05
2,GCO,CO,30,2,-1.5200004577636719,-0.038598283812500175,0.01397382075880362,0.0017997782272438563,0.0005005411246584361,-0.01976365647678355,-0.001843544496657885,-0.00024361575976894923,-0.6900005340576172,-0.030858699249685238,0.006876349000966774,0.0008531269749643932,0.0002719946950975075,-0.006841116189131118,-0.0006586528964145409,-0.00010293420381216685,-1.5499992370605469,-0.06922730144321297,0.005690092208349386,0.0010275964591153102,0.00047959628996356487,-0.005137767919048979,-0.0005706981007758184,-0.00010430689262297438,-0.559999942779541,-0.17125380613025937,0.0016095816763254112,0.00028656033864961697,0.00014900449377162214,-0.0015821011162726792,-0.00013269262642388454,-1.1602929594839792e-05,-6.410003662109375,-0.06699418521806409,0.06482828603112692,0.007429787053605194,0.001977312298915988,-0.0673835583008919,-0.006786322193947163,-0.0007302741946128885,-2.0199966430664062,-0.042887403577651605,0.02497893045505076,0.0032947188415254876,0.0008724859460798871,-0.025350971688249704,-0.0027443429435307057,-0.00027126250855119495,-4.899997711181641,-0.09780434851136194,0.021200968736384877,0.0034744459308143016,0.0015132812827045002,-0.025425027198462118,-0.0025034631232447027,-0.00031341402109067584,-2.5500001907348633,-0.358649809120949,0.0021537113966548106,0.0006725185055025221,0.00048402112374250046,-0.0018483968606493662,-0.00018063481964221683,-1.084306121432876e-05
2,GCO,CO,30,3,-1.1699981689453125,-0.03181071799284272,0.015266037421269946,0.0016258387447404925,0.0004453719097695471,-0.013998311899526317,-0.0015405070242436477,-0.00024951516472629766,-0.6700000762939453,-0.0318895796761066,0.006623250780912076,0.0010343731114859551,0.0002618973280060179,-0.008557512300718497,-0.0007970721518537413,-9.514113571426357e-05,-1.3199996948242188,-0.06333971617847145,0.005615317011896126,0.001086093332131798,0.0004389175885859971,-0.00467202453515718,-0.0006176519972913186,-0.00011207760197127773,-0.5799999237060547,-0.17261903030193798,0.0016297945897061734,0.0003090369434688592,0.00016130448812690283,-0.0016577738186237623,-0.0001596944545143293,-1.1821389399813988e-05,-5.1399993896484375,-0.055543541590628985,0.05868192579289611,0.007925252592927978,0.0016350208554431526,-0.05475146750788665,-0.0056997907661458114,-0.0007359109505887306,-2.1300010681152344,-0.04745991571797182,0.021888841052222132,0.0026657143999357924,0.0008913225360412352,-0.021433460255617685,-0.00220067159831723,-0.0003023147077987067,-4.350002288818359,-0.09129070618089814,0.021217336818514412,0.003339864069497356,0.0013697452613603452,-0.030815297230700783,-0.0031339671684821246,-0.00029910848432634826,-3.0199999809265137,-0.39425588003723067,0.002092533094610774,0.0007824351569934289,0.0005544527311902767,-0.001829766707445901,-0.00014185203234033796,-1.0000228881835938e-05
2,GCO,CO,30,4,-1.4099998474121094,-0.03396771631958066,0.020402135489840968,0.0023671206055756303,0.00047500938847177914,-0.02032663088065522,-0.0022599205051460182,-0.00033493894929172033,-0.8500003814697266,-0.034936308431366844,0.00785063113019293,0.0009597456092641855,0.0003033818678375229,-0.008235798368770258,-0.0008445029462639122,-0.00014006833921316299,-1.6300010681152344,-0.06494028061125431,0.00626740630549176,0.0011416372862707224,0.0004657810293412976,-0.0074557032369446715,-0.0007443936255163697,-0.00014364533525612538,-0.9800000190734863,-0.20806794291641703,0.001877631899840219,0.00042469836875243965,0.00024116220284922755,-0.0016703246859083155,-0.00016196280151316905,-1.4168230989900236e-05,-4.7299957275390625,-0.04795210621255784,0.07228610429910837,0.00798275741958914,0.0017143178330456346,-0.06876901264202352,-0.007227195675276027,-0.0008256621269664476,-2.6999969482421875,-0.056051423103080936,0.03414742117738818,0.003223160186529924,0.0009075479533518488,-0.03066936720583155,-0.002975318963841449,-0.0003195376474742134,-4.599998474121094,-0.08822398404236172,0.0308248771281516,0.00413333919507986,0.0013291509322612483,-0.03485243413246114,-0.0034903101081003368,-0.00042106603619107964,-2.869999408721924,-0.35214718319698324,0.002448336610567871,0.0008041529006599373,0.0005429640021184109,-0.002976889249768449,-0.00027243241631290935,-2.7321631806942482e-06
2,GCO,CO,40,1,-2.0400009155273438,-0.04429007500443295,0.019718221115766404,0.0021010771795059546,0.000575216169845415,-0.020909033000784335,-0.0021098547021452235,-0.00020254495127312966,-1.1099987030029297,-0.04114153898576841,0.010001539022438256,0.0010529751242276696,0.0003707036608207065,-0.011700702466882332,-0.0010385684863402904,-0.00016081660741707368,-1.7999992370605469,-0.06880731068653323,0.0065060212502036615,0.0012637779201736775,0.0004959810459739137,-0.005888564231790768,-0.0007258704623916954,-0.00011418509886553778,-0.4500000476837158,-0.15957448877179511,0.0014090356599750107,0.00029520153175125174,0.000139837548775116,-0.0014221412948782924,-0.00012461848454965513,-9.999990463256835e-06,-8.859992980957031,-0.07922025456965548,0.08250178770269206,0.00893735727447425,0.0024806018281258303,-0.09478402523630727,-0.009562381336767773,-0.0010078779250392448,-3.0900001525878906,-0.05497242844541277,0.035919563477306585,0.0048014557328663636,0.0010965539323247915,-0.03774323904770133,-0.0034872349726035373,-0.00041580391903222805,-5.739997863769531,-0.09876114881723708,0.03366039860694169,0.005211462357217726,0.0015828686655906053,-0.04167033576551355,-0.004243923653118771,-0.00048009612722632367,-2.0799999237060547,-0.32601879097118575,0.002096219717182781,0.0006084313646161813,0.0003955934710881329,-0.0018112000296563755,-0.00016220187562276722,-3.5549347300315147e-06
2,GCO,CO,40,2,-1.8699989318847656,-0.047862783375769845,0.014443216768491713,0.0018670469674371038,0.0006143210532504935,-0.016133197016136115,-0.0016684866310080178,-0.00023014119628213573,-0.9499988555908203,-0.04229736840228039,0.006471676706068168,0.0009667930956112701,0.00031063821896903997,-0.008936225200406402,-0.0009065187829428299,-9.39880471379603e-05,-1.8899993896484375,-0.08505848101050681,0.005534090392282726,0.0012632984526345526,0.0005861323991241226,-0.006663074249142652,-0.0006494851527066377,-6.854103801139726e-05,-0.7999999523162842,-0.24242423147756736,0.0017484571414882748,0.00037163373843704975,0.00020499765769259047,-0.0018718456469047412,-0.00017910229206414215,-1.2645063115014285e-05,-8.779998779296875,-0.09245023340468134,0.058942880967112074,0.007982281180124447,0.002485800669124745,-0.06372278687706394,-0.006675013174527704,-0.0006367937885853154,-2.799999237060547,-0.059309453322600576,0.026229998784247276,0.003904399183489265,0.0009381016882881125,-0.025776207423439484,-0.002453735582062174,-0.00029022722013103384,-6.450000762939453,-0.12964825654149653,0.025605585011495548,0.004403079605304348,0.0018040270130016136,-0.024177273553244887,-0.0024392303926943897,-0.0002465068499495308,-3.380000114440918,-0.4662069123366783,0.00198303855926394,0.0007966134920244558,0.000573724990326992,-0.001959352872427295,-0.0001475200245495494,-1.0000228881835938e-05
2,GCO,CO,40,3,-1.5400009155273438,-0.04235425989208897,0.014365085785145192,0.0019585343034487827,0.0006024351669267565,-0.01432843281960827,-0.0015125324741676104,-0.0002740838134508086,-0.9200000762939453,-0.04406130810688059,0.006668540607569231,0.0010029580462150212,0.0003203686601843616,-0.008862125963048096,-0.0007802911085775532,-9.796216728340667e-05,-1.6599998474121094,-0.08046533761227863,0.005144494392967133,0.001186371343027118,0.0005637109407595157,-0.005040159703704829,-0.0005833146666054907,-0.0001100072802368245,-0.7199997901916504,-0.21492531662344055,0.0015617722080789355,0.00034023108545701595,0.00019701582589832294,-0.0016143283255638588,-0.00013261669562261927,-9.999990463256835e-06,-6.469993591308594,-0.07094291455931126,0.06206106302733906,0.007042417243207965,0.0023455482992117984,-0.06173260402295647,-0.0062115971493189644,-0.0007417110715512512,-2.8100013732910156,-0.0631460982762026,0.025045772663680743,0.0030662984320768342,0.001015709115310804,-0.0249562431176713,-0.0023245291008236143,-0.00027657968939514535,-5.369998931884766,-0.11447450329038987,0.022724357374841048,0.004155717167741061,0.0015968985467120426,-0.02896579458926723,-0.002337151900116282,-0.00024488069366201406,-3.3400001525878906,-0.440052712179338,0.0024140803953571904,0.00095874701963864,0.0005875559002264352,-0.001589734342414175,-0.00014373173409134676,-2.9950745462481765e-08
2,GCO,CO,40,4,-1.3199996948242188,-0.03186865652287474,0.020044065912110928,0.002036141229753429,0.0005059544466758416,-0.017656309897123714,-0.0017976578842938342,-0.0002800251355589524,-0.9899997711181641,-0.04057376174573057,0.007926615571357043,0.0013095424110199276,0.0003352403663489337,-0.008214993296597,-0.0008598931274747326,-0.00010761287234163012,-1.769998550415039,-0.07063043049224894,0.007174408784503286,0.001463913982547625,0.0005609206854152995,-0.007676945024609744,-0.0008031521233698745,-0.00013072436670105966,-1.1500000953674316,-0.24625269305778205,0.0018341910640207056,0.00047726726225323505,0.0002934194055207254,-0.0016660212513430347,-0.00014487128479724213,-9.999752044677734e-06,-4.7299957275390625,-0.04795210621255784,0.07595111826172513,0.0076081033715789,0.0018617041026741685,-0.07482127853194098,-0.007400114890030755,-0.0008176251749156651,-2.9899978637695312,-0.06207178695093145,0.02609432128751763,0.0038319518801828967,0.0010850452008124487,-0.027782576562894214,-0.0025952390762899254,-0.0003108470372889993,-5.020000457763672,-0.09627925808453908,0.024163718066830348,0.003883694331188157,0.0015265169669394579,-0.029416786003591176,-0.003007292403025697,-0.00031499837582977353,-3.310000419616699,-0.40864200786816596,0.0021401690980530634,0.0008738858398896717,0.0006171593267622365,-0.0018487507389720003,-0.00015652859986041524,-7.496823113291726e-06
2,GCO,CO,50,1,-2.420001983642578,-0.051271227638257116,0.02143482779799556,0.0028288794168855502,0.000816769772391617,-0.02746190782313004,-0.0025338640734617153,-0.00023103737069135548,-1.4099998474121094,-0.050829122532298925,0.009007966030519662,0.0012980807750407565,0.0005217827284186127,-0.011964606306351223,-0.0012658347426893531,-0.00014403351191797086,-2.1300010681152344,-0.0795964517898749,0.007930864996748452,0.0015746998849155965,0.0007023239896152419,-0.008447116314076185,-0.0009687454036333655,-0.00015656180293579434,-0.5799999237060547,-0.2035087519698813,0.0017088401595086425,0.0003244546203106649,0.00016851885895515282,-0.001216355584050759,-0.00010226022570809284,-1.120146982035994e-05,-10.889999389648438,-0.09529226029026949,0.08703714809273305,0.01016357676001174,0.0030870419139555137,-0.096945892478312,-0.009188860448898523,-0.0009420989991918289,-3.8800010681152344,-0.06730270538455257,0.04306201859656839,0.0042887217431269165,0.0014040079358733865,-0.042759877166582694,-0.004597631559739792,-0.00046031297603229334,-6.799999237060547,-0.11490367019254359,0.02906941684235922,0.004808549962997668,0.002015831172103494,-0.03262225845475378,-0.0032659015903430864,-0.0003074262473974364,-2.450000286102295,-0.3876582625880291,0.0019054719062852805,0.000633113347332855,0.00044194328049454,-0.00176553744488682,-0.00017692496710666506,-1.1955146548067535e-05
2,GCO,CO,50,2,-2.3800010681152344,-0.060559824791824785,0.015053085726468147,0.002202693293710389,0.0007324892304805009,-0.01617434308073803,-0.001632543232550951,-0.0002141396261267805,-1.210000991821289,-0.053706211937157564,0.006729194428620603,0.001074291446547239,0.00038007553891174743,-0.007574230262018552,-0.0007099934690379317,-8.420815032939332e-05,-2.25,-0.10067113922134265,0.005000674776721831,0.001530013628919514,0.0006823137410830966,-0.0067731976935640975,-0.000705209768190434,-0.00011419982270525686,-0.8499999046325684,-0.25835863662254355,0.0015191584792197902,0.00037779822359039353,0.00022133525023492026,-0.0016104951024147707,-0.00012972936963986925,-9.999990463256835e-06,-9.489997863769531,-0.09918475996551782,0.060634938257525486,0.00732603325117809,0.0026661945759635583,-0.07133248085915436,-0.007268269801886673,-0.0008403463031539656,-3.490001678466797,-0.07344279555655205,0.02220782054800425,0.0032157292029437808,0.0010533877703661752,-0.02778444264817833,-0.0025755878035359334,-0.00023398075595961452,-7.069999694824219,-0.14111776267770132,0.022027265676374665,0.004505803136511185,0.0020557379390160942,-0.031752901702889504,-0.002945952042227632,-0.00027578111809834063,-3.4099998474121094,-0.47361110246475807,0.002152648621592179,0.0008264649229261372,0.0006062687729475639,-0.001796041891089234,-0.00012600744823472064,-1.0000228881835938e-05
2,GCO,CO,50,3,-1.6100006103515625,-0.04419436170366493,0.01345865947747932,0.0019476330403016139,0.0004949778812580981,-0.01803525211084295,-0.001987532501691181,-0.0002513980758211543,-0.8300018310546875,-0.03992312623876738,0.006010782117347246,0.0008268088459993138,0.00023460051555938686,-0.007573745343459614,-0.000715497040232412,-8.626559146348697e-05,-1.789999008178711,-0.08664080452076711,0.005117643746511584,0.0011800451482320753,0.0005434679111728838,-0.005369939341977824,-0.0006957141488652173,-7.62727781394687e-05,-0.9099998474121094,-0.27245505113686047,0.0016413432612302505,0.00039785996933845485,0.00021922677659513167,-0.001629905721736843,-0.00015667237936968837,-1.4122738068241775e-05,-7.049995422363281,-0.07730258397228121,0.05584979152825604,0.005630736190314782,0.002026916530375506,-0.06674823949833147,-0.006839120327872759,-0.0006708290290098437,-2.8199996948242188,-0.06322869487227692,0.020986790980119605,0.002842332162578999,0.0008512730685927158,-0.024770482426355343,-0.0026806208944236856,-0.0003271788891411908,-5.990001678466797,-0.12739263335072473,0.02188564499371945,0.0038356446658076053,0.0017038856234152739,-0.024018802128296372,-0.002310487957140128,-0.00024127258703167685,-3.950000047683716,-0.5163398690773475,0.0023001054110936606,0.0008730530721328427,0.0006324594527768391,-0.0017832289814005559,-0.00014573878679711018,-9.999752044677734e-06
2,GCO,CO,50,4,-1.4900016784667969,-0.03582595991825413,0.025291505484137645,0.0027125660371877663,0.000695806340931665,-0.02459570551794793,-0.00239544608000061,-0.0003283494729289129,-1.2299995422363281,-0.05008141567519095,0.007459343163155295,0.0012183324899072113,0.0004810477306832875,-0.008078087180803075,-0.0007767343324678177,-0.00010848989585167227,-2.029998779296875,-0.0805235562482504,0.007261005213798884,0.0014287924865641637,0.0007029416591968797,-0.007481254650823407,-0.0007828168851419376,-0.00012017577038879286,-1.299999713897705,-0.27659569503279724,0.00184323129973284,0.0005167249050262171,0.0003195731677017989,-0.0016003092621564286,-0.00013641564835715564,-8.983854631091111e-06,-5.8300018310546875,-0.05865192898952662,0.07548579107590789,0.008031857936078503,0.0020745573365092244,-0.07589134839634451,-0.007222338373688344,-0.0008716935194953107,-3.7099990844726562,-0.0764948264839723,0.027054573229076027,0.004188273448821559,0.00136747665152254,-0.02711225319632082,-0.0031260946396137945,-0.00035125557599288145,-5.569999694824219,-0.10633828906534311,0.024302674554595484,0.004126468859666499,0.0018326190267004374,-0.0404547796576376,-0.0039568607868174415,-0.00045483795238347247,-3.510000228881836,-0.43386899415064045,0.0026111989513570395,0.0009254163918117599,0.0006488787230145939,-0.002046563240620931,-0.00015126058132436558,-2.799135756971239e-06
2,GCO,CO,60,1,-2.770000457763672,-0.06040123028560154,0.02159406066280941,0.002536573858580699,0.0007869325063206793,-0.02426703813483043,-0.002328867562370901,-0.0002715765529323274,-1.529998779296875,-0.05652008853141623,0.011666614721657911,0.0016927598042750299,0.0005180850675052989,-0.012340071220860768,-0.0011914039203602513,-0.00017360677863931904,-2.3400001525878906,-0.0898962770211685,0.005353714471660272,0.0014188699693693109,0.0006821470650342268,-0.00741866286117898,-0.0008698156788375635,-0.00014124258015811407,-0.619999885559082,-0.21908123755252792,0.0017569930821855423,0.0003233021577044504,0.00018061346825677183,-0.0013081807203467863,-0.00011806659432953985,-6.955485452045593e-06,-11.099998474121094,-0.10009918419349614,0.08123374149180036,0.009407805249418501,0.003260574443150597,-0.1190240097615137,-0.01122060439959944,-0.0008292041465522517,-4.090000152587891,-0.07276285748450945,0.03166687059192158,0.004469797792994119,0.0013576019011978483,-0.036713942368245885,-0.0034416805206230945,-0.0003937197470624802,-7.109996795654297,-0.12328761958385072,0.02692620491127609,0.004750977966184167,0.0019012842315194386,-0.035943633004132856,-0.0032543514556075564,-0.00042563787128246987,-2.580000162124634,-0.4069400788691649,0.0020144847975292167,0.0006573683021289742,0.0004611348320978316,-0.0014105269114677943,-9.999752044677735e-05,-9.999752044677734e-06
2,GCO,CO,60,2,-2.229999542236328,-0.05810316519477468,0.013914296582117855,0.002205180678198204,0.0006859355583886339,-0.014596383972741996,-0.0015664510706509263,-0.00022597441985702988,-1.1399993896484375,-0.05160703403231458,0.0057632867359479895,0.0010897454266733755,0.0003885792238417009,-0.0092390419529882,-0.0009093576386639204,-0.00010685282898671133,-2.239999771118164,-0.10265810277025347,0.0044991433336155455,0.001460680759513039,0.0007084532607901777,-0.005277395632727371,-0.0005658924025970808,-8.600160485483853e-05,-0.9100000858306885,-0.27828748964483213,0.002034875645370509,0.00044193589226442214,0.00023851066145194768,-0.0015539098318148462,-0.00014985716843881139,-1.0993393197479018e-05,-9.639999389648438,-0.10341127723035795,0.05699765496664932,0.007905845918565121,0.0029700145283569116,-0.06460474350745041,-0.006467163692249659,-0.0006683608764401891,-3.3600006103515625,-0.07244503089633293,0.02232943288245614,0.0029895076783462656,0.0011404924480990777,-0.025095438414829724,-0.0024611126320862645,-0.0002551305807643031,-7.399997711181641,-0.15148409298522053,0.020577472292168886,0.0047199468680722174,0.002288952497096303,-0.02992302787318212,-0.0030264347643054164,-0.0003471502227133266,-3.629999876022339,-0.5013812141960485,0.0020943708396273337,0.0008617380648939632,0.000596002689674252,-0.0018573190034632946,-0.00014461901574290803,0.0
2,GCO,CO,60,3,-1.8500022888183594,-0.04991911009889082,0.013605378680850043,0.0018699100629230626,0.0005005789104423055,-0.014756999047239129,-0.001426893670200235,-0.00023162907233422668,-1.0500011444091797,-0.04997625573396109,0.0055150104599445485,0.0010756105573576794,0.0003463488336473289,-0.006991672826916368,-0.0007314651871957032,-7.586890343165624e-05,-2.0,-0.09523809523809523,0.005424892048989694,0.0011712279073878588,0.000596162741590811,-0.005759483926087675,-0.0007387713949462625,-0.00012168291860969094,-0.9399998188018799,-0.28059696882438573,0.0016723051834812788,0.0004145065073544746,0.00024118271862267156,-0.00171353724601247,-0.00016621514505277043,-1.519277023652078e-05,-7.3300018310546875,-0.07863121363515682,0.06592851498850096,0.006800076097763225,0.002161915535981726,-0.07022830739157938,-0.0065242617208138235,-0.000678980311806238,-3.25,-0.0727232065309941,0.022244266109176736,0.0029627259765293203,0.001132320828519801,-0.021920538366040472,-0.002139021166953194,-0.00019810768659924972,-6.370002746582031,-0.13248757287832863,0.021221382617303556,0.0039341133295754385,0.0017879567296735029,-0.024482132528790557,-0.0024518099780965136,-0.00019563912900896456,-3.990000009536743,-0.5229357732230004,0.002132330158199188,0.0009088239334946805,0.0006885769521347418,-0.001964094205491474,-0.00013890381890919394,-5.978197707116008e-08
2,GCO,CO,60,4,-1.7900009155273438,-0.043562932803119195,0.01724218300683536,0.002178992361838921,0.0005648196153357931,-0.02431039145328036,-0.0019708811539725876,-0.00023618565820431687,-1.3699989318847656,-0.05658814472089052,0.008141968197849687,0.0013716058576683959,0.00045389337399012394,-0.007380680770120058,-0.0007896247668897657,-9.342222173580531e-05,-2.200000762939453,-0.08849560373797358,0.007081360481929024,0.0016952093051239448,0.000659935002924884,-0.00740132576237817,-0.0006922691360206147,-0.00011725091089426642,-1.4600000381469727,-0.31263383603745265,0.0018161291837075267,0.0005626021625121019,0.0003516425428997,-0.0017734392180672556,-0.00015403784017342764,-2.0581487131864304e-05,-6.680000305175781,-0.06824683788946996,0.06563421105066201,0.007906087271532771,0.0020633531707993126,-0.07496966111391083,-0.008006821644139767,-0.0008991834706862704,-3.8800010681152344,-0.08146128450777232,0.024610451825868407,0.0037370085788755595,0.0013872740717763023,-0.026359477153560403,-0.002614732707671677,-0.00028219860678371344,-6.25,-0.12103021057070058,0.027972413424537282,0.004791451496947205,0.0018603047863178998,-0.035066374001390316,-0.003557988049100931,-0.00039162284386009904,-3.859999656677246,-0.47536942254666986,0.0023524613634926016,0.0009505320815086675,0.000679354476476011,-0.0022511438693333967,-0.00014108485655685857,-6.763657847263517e-06
2,GCO,CO,70,1,-2.9899978637695312,-0.06095816330839794,0.021806354601642017,0.0025147963660028605,0.0008738330177161074,-0.0255707910346674,-0.0025568302480139505,-0.0003716132466697038,-1.6000003814697266,-0.0561600700008335,0.011252766606545058,0.0015704579678370663,0.0006083881524998609,-0.012018742123020313,-0.001192767144154345,-0.00014321708829491297,-2.559999465942383,-0.09228548980046342,0.008845951782594282,0.0017507285063711594,0.0007613019787676346,-0.007385089894927903,-0.0007416696258442084,-0.00012873534539066298,-0.679999828338623,-0.23859643897998337,0.0018011012310925475,0.00035279239792638004,0.00019882946499506852,-0.0015505391425088243,-0.0001443077725897792,-1.1553200184438481e-05,-12.549995422363281,-0.10553309464850445,0.08810071420788763,0.010364157570017886,0.00357525795082178,-0.09932396257837746,-0.009796192735589444,-0.0010095125145728806,-4.479999542236328,-0.0755353134126515,0.03698295343033978,0.005835041451119561,0.0016132390451565727,-0.0436389259250229,-0.004285932838630874,-0.0004384049567129955,-8.260002136230469,-0.1345277187452355,0.03066920034564933,0.005572358859932401,0.0022984672611862786,-0.03358879018097795,-0.003407668085913796,-0.00039258036411892404,-2.7699997425079346,-0.4321372556079324,0.001994388828561792,0.0006869280437984845,0.0004806988187303988,-0.0014911462847335883,-0.00012190931013977146,-2.997069595909099e-08
2,GCO,CO,70,2,-2.30999755859375,-0.06006234044676196,0.015367785687498903,0.002210486363710875,0.0007504555743185162,-0.018400618523036996,-0.0021088948445293627,-0.00040010498778935723,-1.1100006103515625,-0.05024900872268774,0.007911089348832836,0.0013466551859141797,0.0004579826311898582,-0.00702826001358796,-0.0006974223595143503,-8.92791716385585e-05,-2.3699989318847656,-0.10826857003045484,0.005308814682317098,0.001458828788843127,0.0007745733021467892,-0.0054325418568557885,-0.0005868693335949901,-0.00013450919794497944,-1.0,-0.30395137130541783,0.0017651651588093166,0.0004823915747827331,0.00025554606046225786,-0.0015488365601090829,-0.00013550610897755048,-1.121239421184183e-05,-10.550003051757812,-0.11274984595667772,0.05883080058548543,0.009216724790208183,0.0031864864691343304,-0.0686494726553144,-0.006538163391526469,-0.0007859822027449018,-3.3600006103515625,-0.07244503089633293,0.022546343686236505,0.003143385194974339,0.0012897450792168778,-0.027956137384787784,-0.0029467803590028335,-0.0003260388391330762,-7.759998321533203,-0.1584967007075422,0.02185009278433883,0.004358477250763995,0.002304374530296461,-0.02594162463638457,-0.002741640643839336,-0.0002982297731486629,-3.7900002002716064,-0.5220385786207242,0.003905440484842195,0.0009583798694342137,0.0006341044009972167,-0.0018188325472430302,-0.0001327779015854344,-1.0000228881835938e-05
2,GCO,CO,70,3,-2.0699996948242188,-0.056603765712286494,0.015192132343659476,0.0019285515805600477,0.0005856726807164138,-0.015766642246314303,-0.0016488218584313663,-0.0001973771234687048,-1.1499996185302734,-0.05499759095754375,0.006315167523043382,0.0011004241342268085,0.00043274807939230723,-0.006948698567221896,-0.0006971636310597094,-8.633750768460326e-05,-2.280000686645508,-0.10987955116363893,0.004924946900398535,0.0015246014452338426,0.0006962537253525959,-0.005697386855045973,-0.0005610595262360877,-9.160246485696329e-05,-1.1399998664855957,-0.3402984772952201,0.0016553254789202845,0.00045478240088256297,0.0002767304778046669,-0.0017014671633617598,-0.0001243125316235139,-6.839275579753852e-06,-9.120002746582031,-0.09927073553855244,0.05141853410708849,0.007844005917081724,0.002565177991541498,-0.06756837929193121,-0.00702022259382665,-0.0008169669133950631,-3.770000457763672,-0.08417058228852874,0.019371124678231724,0.0035624155942638935,0.0012710243315292979,-0.02576156026165854,-0.0025808997480809706,-0.00024434055873927984,-7.680000305175781,-0.16226494840608044,0.019446638047070204,0.004825173123389927,0.0021898709536142705,-0.02173066836704267,-0.002131623660378163,-0.00026364785448973547,-4.519999980926514,-0.5916230444917162,0.0022460327320208643,0.0009394037137671475,0.0006501793648910036,-0.0024476638183474177,-0.00019139023811284446,-9.999752044677734e-06
2,GCO,CO,70,4,-1.8499984741210938,-0.045121914002953505,0.01683551638876079,0.0021910133138170356,0.0005494871582412827,-0.025863559944206898,-0.002542132928560214,-0.0002921221003127927,-1.4099998474121094,-0.058312648040384676,0.008401782813621559,0.0013746909874774904,0.0004669621175072578,-0.012137829694420125,-0.001107292673727194,-0.00012714761949278138,-2.4000015258789062,-0.0965406865227332,0.006172327258224267,0.0015240029437890176,0.0007269539247785643,-0.007564826926993816,-0.0007756561629218,-0.0001005264872188519,-1.619999885559082,-0.3491379164168153,0.0020151394603991906,0.0006059179256486949,0.00039306083214511603,-0.001662614000929301,-0.00014589575685904226,-9.999990463256835e-06,-7.329994201660156,-0.074887560352932,0.06902878304222856,0.008303312256284006,0.0022167434226282403,-0.07719340284519988,-0.007225282019279687,-0.0008030535324978054,-4.180000305175781,-0.08755760700069638,0.03834302378967124,0.0048998825506356685,0.0015428693382290553,-0.030321517243117064,-0.0030128439301107916,-0.0002714042168935007,-6.930000305175781,-0.13419830339047106,0.02416042287413539,0.00449241271512295,0.002047271073700604,-0.03206742584372464,-0.003200067192559006,-0.00035339384734051895,-4.2099997997283936,-0.5216852489385498,0.0023846844903876977,0.0010176654559548386,0.0007041255245370377,-0.0024926741121484752,-0.00019193814311334968,-2.997069595909099e-08
2,GCO,CO,80,1,-3.0400009155273438,-0.06512426940130664,0.022034580595793725,0.002881525722631576,0.0009560856337325725,-0.02496647577830993,-0.0026059116275594357,-0.0003259152724434417,-1.720001220703125,-0.06270511124925424,0.008553647961248037,0.0013981490678448226,0.0005750583602778447,-0.012412112827345858,-0.0011051676068668723,-0.000150372466841981,-2.730001449584961,-0.10321366241357981,0.0053819637699185595,0.00166732854939018,0.00082044054259474,-0.0076227751797898246,-0.0008511545809328856,-0.00012782814666941982,-0.7200000286102295,-0.2544169780991889,0.0019823849992556043,0.0003784865638915532,0.00020305003241285924,-0.0012861007504642798,-9.999990463256836e-05,-9.999990463256835e-06,-12.629997253417969,-0.1119581378136093,0.08925925405481984,0.009471880762389185,0.003512923009847474,-0.09615861267664629,-0.00964192124472188,-0.0009726103131251792,-4.829998016357422,-0.08463287265087305,0.03619791282168112,0.0041175740409966225,0.001515714969682097,-0.03836920290913851,-0.004266114522529399,-0.0004946354937443596,-8.239997863769531,-0.1406863224637799,0.03939118078887689,0.006287922260534831,0.0023372716830086966,-0.03564047968464154,-0.003754591994931296,-0.00048367988685326193,-2.809999942779541,-0.4453248761111307,0.002032477040287815,0.0006950596825733895,0.0004862287237406755,-0.0014909836057128473,-0.00011705243956850161,-9.999752044677734e-06
2,GCO,CO,80,2,-2.0600013732910156,-0.05294272375660329,0.016025073659559286,0.002316390797311357,0.0008395847769976635,-0.019384019638760852,-0.0020003151623678526,-0.0002497463348827414,-1.2099990844726562,-0.05401781719101867,0.007097587958164339,0.001299747720339779,0.0005178171830171161,-0.006601175436593344,-0.0006875030570262103,-0.00012811281091010767,-2.3100013732910156,-0.10443043786842243,0.004646671674586668,0.0015218628778797911,0.000816920329812297,-0.005470963175823428,-0.0006472224616200571,-0.00011323166637726966,-1.0199999809265137,-0.3090909077773081,0.00185997721361825,0.0004494380612982236,0.00025851399295684997,-0.0015733098228197713,-0.0001171268672825297,-1.2036385591171466e-05,-9.300003051757812,-0.09829830875976416,0.05279335826864385,0.008891218567862482,0.0030652378156787417,-0.07089494003659644,-0.006962454609337326,-0.0008867989189561363,-3.6299972534179688,-0.07707000787722862,0.023545801665547334,0.0039422922256215475,0.0014205680450536968,-0.02909058242657777,-0.002737241921946512,-0.00035019748450390776,-7.459999084472656,-0.15064618367351185,0.020655593536083705,0.004913636549732572,0.0023843688821506,-0.02561788147330125,-0.002713158962732128,-0.0003135093905885855,-3.7799999713897705,-0.521379306398589,0.0023030679802436473,0.0008924109505968815,0.0006548559774719378,-0.001815014044870681,-0.00013058047520575147,-5.978901666360692e-08
2,GCO,CO,80,3,-2.1899986267089844,-0.05999996237558861,0.013942208617898775,0.002050240841445361,0.0007573894264012691,-0.015738876478962334,-0.0015790733759379976,-0.00026847256155897804,-1.2599983215332031,-0.06034474962531285,0.007434536606600699,0.0010853883964408932,0.0004524236277836566,-0.007305815295837813,-0.0006646329147091074,-0.00010204342693741536,-2.3500003814697266,-0.11358145581491952,0.005021017051131043,0.0015320208483615345,0.000787821176700988,-0.0055741337571978584,-0.0005174180000428677,-0.00010565717776877795,-1.1299998760223389,-0.3383233248685218,0.0016958467106287219,0.00046644872887893936,0.0002848950571585417,-0.0016033365306314506,-0.00012070400503172688,-1.0811607109779496e-05,-9.069999694824219,-0.0990823640387984,0.06360359894879586,0.00893034811392892,0.003212409257247876,-0.06530974256686456,-0.006457408332574988,-0.0007669273872031144,-4.009998321533203,-0.0897292111156304,0.01812660036492799,0.0035123234199010054,0.0013727744328780554,-0.026293338647125287,-0.002514188692305979,-0.00026324380820815223,-7.629997253417969,-0.16192694028808574,0.021680285694617243,0.005239270111158208,0.002353923346502973,-0.024288140200786665,-0.0022833597891597484,-0.00022304669826298228,-4.3999998569488525,-0.5804749210073317,0.002215872592141648,0.0009561851566724435,0.000685192303790789,-0.0018988798283266506,-0.00012750580669568143,-1.0000228881835938e-05
2,GCO,CO,80,4,-1.7099990844726562,-0.041454523259943185,0.019848366368916737,0.002650580800473124,0.0007080841302346348,-0.019341355944952853,-0.0018403967301479582,-0.00022363500145282725,-1.4799995422363281,-0.0610309089581991,0.008931892911833703,0.0015718738681080027,0.000579805006304952,-0.00993285226737303,-0.0009391610825438287,-0.00010117095734201669,-2.3899993896484375,-0.09567651855266901,0.006544835946228856,0.0017935628839537855,0.0008286557144715532,-0.006441129476362377,-0.0006608810438099227,-0.00011375304586964736,-1.6500000953674316,-0.353319072464952,0.0020273184726157726,0.0006343749959621679,0.00040022287422187105,-0.0017520169288155211,-0.00016351397617733927,-1.1367793764183336e-05,-6.720001220703125,-0.0683899966884422,0.08681105801922107,0.007873455780092844,0.002408995963397713,-0.06714699388412523,-0.006880936662111146,-0.0008257225222367622,-4.5,-0.09363295612598216,0.027985436142311658,0.004859834837910766,0.0015646216850051476,-0.03154119393874338,-0.0034063132646325604,-0.00041859803209891685,-7.009998321533203,-0.1347817448136875,0.022583872123440266,0.005081686514383491,0.0022142338287459637,-0.024581213612081914,-0.0027097933428015092,-0.0003211986382060067,-4.299999713897705,-0.5243902212094149,0.0024272002592076423,0.0010016157959647505,0.0007181368562733275,-0.0027374834697298993,-0.00025978251297722766,-3.994095414496836e-08
2,GCO,CO,90,1,-3.210002899169922,-0.06634978975404507,0.019154200675366183,0.0027604624370745805,0.0009534708674701259,-0.023362073414125994,-0.0022740897669100597,-0.00031066573367149504,-2.059999465942383,-0.07266311951406006,0.010379997174851854,0.001469027448186654,0.0006156055858294987,-0.011635795096806189,-0.0013580069369459134,-0.00018608862696169014,-2.950000762939453,-0.1075857313906387,0.006947121866070297,0.0017056606980522158,0.0008523819789483327,-0.007816991228983569,-0.0008459284700655708,-0.00015333430628640266,-0.7599999904632568,-0.26480836960563403,0.0017670929033335103,0.00037667116280321294,0.00021789358339699899,-0.0012813471937539603,-0.00010908497298777785,-9.999990463256835e-06,-13.629997253417969,-0.11564565741416478,0.07934978146923616,0.010667471006382292,0.003827156252895006,-0.08534613586390681,-0.007434917552433486,-0.0009397349133592771,-5.520000457763672,-0.09330629601083643,0.027303369237632717,0.004138833664492977,0.0016321011074514882,-0.03945408636000744,-0.00392895428077849,-0.0005121988691261313,-8.900001525878906,-0.14611724754842603,0.026246010946808167,0.005211936039226672,0.0024171329297590517,-0.045087682445321284,-0.004543933925954622,-0.0005783032537377138,-2.9600000381469727,-0.4553846212533804,0.0019108144768055716,0.0007192752366493111,0.0005047114312256213,-0.001677385251483787,-0.0001447591896611146,-9.999752044677734e-06
2,GCO,CO,90,2,-2.7199974060058594,-0.07059427698366244,0.015295952426624536,0.0019173752168419904,0.000707474517632186,-0.01903713105033703,-0.0019454561271504069,-0.00025830360954478144,-1.4099998474121094,-0.06351350445743924,0.008183713767035385,0.0013899282188598128,0.0004944853559235838,-0.00649992772455028,-0.0006544490750856376,-9.365282193793819e-05,-2.7900009155273438,-0.12710709879509446,0.0053248211065567656,0.001479827128581197,0.0007752484831818936,-0.00538606299579865,-0.0005960815824081875,-7.707263236728774e-05,-1.1700000762939453,-0.3577981905560869,0.0018752573873791212,0.00046975234959130267,0.0002802592609222415,-0.0016661921921195255,-0.00016821291211301613,-1.7819968322701265e-05,-12.19000244140625,-0.1302768246357121,0.051883115992536206,0.008560007744932187,0.0030090551724707894,-0.06838219861974144,-0.006789375768037117,-0.0006875924686000475,-4.100002288818359,-0.08802065538101601,0.022547439042071456,0.0036897880482279787,0.0013795486749308304,-0.028435330502746495,-0.0027974942480147595,-0.0002773655681522933,-9.180000305175781,-0.187079689469492,0.021634915916427123,0.005120606121833864,0.0024807420989938224,-0.024183209382647848,-0.0025933850513097144,-0.0002992711300202662,-4.130000114440918,-0.57601116743302,0.0023493187744863856,0.00091588699339201,0.0006669562887346183,-0.0018891278243108344,-0.0001032226762875444,0.0
2,GCO,CO,90,3,-2.329998016357422,-0.06371337259505606,0.013203704981532643,0.0021837435067125484,0.000818671122153666,-0.016807349401728615,-0.00157654570928781,-0.00022189163987498958,-1.3099994659423828,-0.06282970944723025,0.0063231694228065806,0.0011036676120126793,0.00043696204616150544,-0.006439315585887636,-0.0007105374108668414,-9.305380169272978e-05,-2.5699996948242188,-0.12385540697948043,0.005190464439339394,0.0015724421026197216,0.0008184129756523974,-0.0052466656358376535,-0.0005226436237183755,-8.611638557202194e-05,-1.2999999523162842,-0.39039038501522727,0.0018666312188758028,0.0004960391440232206,0.00031566257590487715,-0.001426588980064701,-0.00011649743684839176,-9.520792759219187e-06,-10.220001220703125,-0.11124415930294891,0.05910778131020263,0.008308697695668504,0.003140127648000657,-0.061500179265872756,-0.006155579005505008,-0.0007094800434960499,-4.0,-0.0896861017230971,0.021003673462082453,0.0033632342797850004,0.0013611624792925498,-0.025648076897513517,-0.0026291200894907837,-0.00025974752759684843,-8.460002899169922,-0.1787450363802659,0.019640923506819324,0.004896868342528021,0.0024308417378524905,-0.022079190823046966,-0.002243844065053718,-0.0002914670205518213,-4.800000190734863,-0.6357615986056903,0.0021282013584145217,0.0009591102180723281,0.0007042019144128643,-0.0016624102745060984,-0.00010477774857993314,-1.998950433731124e-08
2,GCO,CO,90,4,-2.0,-0.04768717371216898,0.018864517095528513,0.0025549154052524384,0.0007362569362175818,-0.02326403874725104,-0.0025275083245513597,-0.0003158152694228079,-1.7099990844726562,-0.06985290508369194,0.008049337275216017,0.0014003381241698186,0.0005764223348303397,-0.00853747988827854,-0.0008870171923582479,-0.00010038461560543949,-2.6799983978271484,-0.10559489702308561,0.006147332163440993,0.0017472266121637923,0.0008554251371525098,-0.0074209970813643505,-0.0006314041386778797,-0.0001134888613715541,-1.8500001430511475,-0.39445631566741496,0.0017061424636616838,0.0006373083692447026,0.0004291955936262399,-0.001894153737414749,-0.0001516580710202823,-9.337897519227083e-06,-7.6399993896484375,-0.07626272076636956,0.07408952696628626,0.009779880478303946,0.002546049394282338,-0.07134252525936184,-0.006855152346683543,-0.0009137435057632653,-5.060001373291016,-0.10385881047845323,0.02814617957080134,0.0041649057991957,0.0016702853106089289,-0.02843417815824364,-0.0030103339048419293,-0.00032259114272157897,-7.790000915527344,-0.14728684071514647,0.035617299043321796,0.007068893679127499,0.002364536743656817,-0.034586409214250914,-0.002912166180175126,-0.00035161693449106777,-4.560000419616699,-0.562962988254736,0.002101987256442746,0.0010152489046124996,0.0007413497561842316,-0.002454655931164178,-0.0002165669513007707,-1.998950433731124e-08
2,GCO,CO,100,1,-3.3600006103515625,-0.07374891371977264,0.020955761931090038,0.003064627200637807,0.0010621543782328958,-0.02024609757472274,-0.0023224911861239902,-0.0002806896773063178,-2.0699996948242188,-0.07672348887863027,0.010505511690796027,0.001494166247544144,0.0006551077038125999,-0.011794606963968545,-0.0011591588352699218,-0.00011235961659406758,-3.010000228881836,-0.11617137192621306,0.007128747148554665,0.0017027637051765143,0.0008844166382470471,-0.005934029413501742,-0.0007072652158679319,-0.00010220743675683845,-0.809999942779541,-0.2862190687690187,0.0016065310969578537,0.0003815865383618297,0.0002206820320462411,-0.0013399999470729786,-0.00010033025349574247,-9.511270133953693e-06,-13.660003662109375,-0.12369830321796295,0.08576033534544428,0.01044108613891893,0.003833386512615802,-0.08540218799648017,-0.007760457600994848,-0.0005336308748073615,-5.380001068115234,-0.0961916867291232,0.033361928183602695,0.005334350434485676,0.001821904037796754,-0.036901045853252025,-0.0033504868644749167,-0.0003463465440159972,-8.860000610351562,-0.15440920957519577,0.028179319084334298,0.004932014391672988,0.002422265151117072,-0.031051793680641128,-0.0031651514303221683,-0.0002836572977765703,-3.010000228881836,-0.4762658460641432,0.002005399537904089,0.0007230740773439747,0.0005052477224567757,-0.0015676828120927,-0.00010924515741753691,-4.9821479947290755e-08
2,GCO,CO,100,2,-3.0,-0.07755946164246977,0.014206360885348978,0.002439564370382363,0.0009277626931375735,-0.01617347818750535,-0.001785045935174235,-0.0002607365780046154,-1.4399986267089844,-0.06477726749265246,0.006339099593843733,0.0013741780618081788,0.000571744272987369,-0.0074049957659685015,-0.0007513884888286051,-9.581907285575048e-05,-3.020000457763672,-0.1373351745883219,0.005605741810671864,0.0018098396505387684,0.0009107557881598141,-0.005271414619955672,-0.0006640032489941427,-0.00011883852863830317,-1.2599999904632568,-0.38414634190663777,0.0018275369314792902,0.0004767584664199414,0.0003024021245816248,-0.0016324575815092296,-0.00013228912276951347,-9.999990463256835e-06,-13.330001831054688,-0.14194442882801261,0.04794552137198681,0.008744566117857034,0.0035717689566794764,-0.06905778884592129,-0.006939599352583708,-0.0008809100332968273,-4.130001068115234,-0.08826674475966266,0.021717997400347182,0.004004363255393244,0.0015574222366894269,-0.029795537232985676,-0.0030199311763629355,-0.000301975570282261,-9.96999740600586,-0.2022311878356189,0.021776510413551955,0.005758100477599474,0.0027626731975827247,-0.02461929711583615,-0.0023083684426319063,-0.00023520897509930863,-4.359999895095825,-0.6055555570272753,0.0021104684962565375,0.0009088705439527328,0.0007022186384424927,-0.0019530391333074607,-0.00012606981992218375,-2.9950745462481765e-08
2,GCO,CO,100,3,-2.029998779296875,-0.055088164541512705,0.013964998456784684,0.0017420622465130378,0.0006528726749339984,-0.01575379851368046,-0.0015978654922324074,-0.0002317249961235434,-1.3099994659423828,-0.06217368224567085,0.005930815266850858,0.0012176354351921999,0.0004932430172391494,-0.00785312787357978,-0.0007932698433160606,-0.00012334757393126874,-2.470001220703125,-0.11795612023437252,0.005143552534976281,0.001579064331514112,0.0007864151488143003,-0.005721515610487201,-0.0006582121228825693,-0.00011440123000796163,-1.25,-0.3709198939016063,0.0017145148832668445,0.0004951883065783207,0.00030892038823837544,-0.0015964028232109497,-0.00012541606109473663,-9.999990463256835e-06,-8.669998168945312,-0.09368919476086333,0.05023143229095018,0.008596888517339345,0.0028570283060248315,-0.07166998253946898,-0.006939029303645694,-0.0008354826287288099,-4.25,-0.09406817112201576,0.02439299403097518,0.003315994527976024,0.001451884176993593,-0.025322378182570836,-0.002213680967890177,-0.0002968888056444198,-8.029998779296875,-0.16813230865790144,0.018345323274526922,0.0050042802552655915,0.0024115917660591647,-0.022759650781721562,-0.0024513824957417864,-0.00031626927914606097,-4.749999761581421,-0.6152849599317801,0.0022501756380713376,0.000981609336924716,0.0007533928709537045,-0.0016007152522662341,-0.00011147276624307564,0.0
2,GCO,CO,100,4,-1.8400001525878906,-0.04387220345343809,0.0262240461393051,0.002777838368566377,0.0007736614755469535,-0.019926431074396088,-0.0021674980661329072,-0.000314074807547921,-1.6599998474121094,-0.0682285183977613,0.009762259372175789,0.0017025719934316836,0.0006304099240038378,-0.008861216031719788,-0.001006778808717489,-0.00011958704894789545,-2.6799983978271484,-0.10559489702308561,0.005644315940222952,0.0018604677846689778,0.0009132366471633244,-0.008083726145773691,-0.0009625136482269193,-0.00016061280018642035,-1.7599997520446777,-0.376068336880574,0.0019957326492490075,0.0006488593046436731,0.00042865030726288526,-0.001690784796026,-0.00015238194181606013,-1.2556174406473326e-05,-6.910003662109375,-0.06924545143514652,0.08056276379702634,0.008392667459262537,0.0026247963030741964,-0.07040633817870082,-0.00698116383934097,-0.0009375461726375655,-4.970001220703125,-0.10201151675240862,0.026878841509548283,0.004555458967391215,0.00181890248720097,-0.02782038715747403,-0.0027124694631282765,-0.00032133415481343746,-7.55999755859375,-0.1432903297782754,0.027570998503772884,0.005604408912435659,0.002448690895604302,-0.03293610479250027,-0.0036717299329543022,-0.00046315429416861353,-4.21999979019165,-0.5281601891211419,0.002319601872486088,0.0010206449337213533,0.0007329701026955636,-0.002369518352762107,-0.00021883597264561844,-9.999752044677734e-06
2,GEa,Ethanol,10,1,-4.8600006103515625,-0.10945946944436187,0.019464655000818017,0.003367831752787243,0.0011236889905050652,-0.0203892571170403,-0.0020895841621638694,-0.0003014974040509284,0.28999900817871094,0.011209856929687846,0.008806658513264388,0.0008808925321041804,0.00013222873732295328,-0.00967734755914307,-0.0009618353126489359,-9.203987869762268e-05,-3.6799983978271484,-0.14597376166085357,0.007186949046798523,0.0017142737895269194,0.0008007474191398513,-0.006912185866395186,-0.0008096055728497957,-0.00012962402956875543,-1.3199999332427979,-0.47142855561509395,0.0015162721007462175,0.0003818902333741965,0.00022389746521997287,-0.0011150978705382504,-9.315115084793698e-05,-5.981176839190199e-08,-39.6300048828125,-0.36800077987160457,0.06926067110841998,0.015150092426844943,0.008208583142257767,-0.08605661367793917,-0.008101781081841888,-0.0007944664554124213,0.7999992370605469,0.014842285981688604,0.03638245502355246,0.0037114977581170637,0.00043758756705728776,-0.03246546259626393,-0.003773703575837435,-0.0004025897909960551,-17.06999969482422,-0.304332316783505,0.025904818137901405,0.0068025468331005525,0.003333261030409302,-0.031284192912006334,-0.0032846181578177784,-0.00033458521552924515,-4.139999866485596,-0.6981450229899041,0.001750074741486067,0.0005761408429571953,0.0003852039210525948,-0.0014274944483963353,-5.1486746183161675e-05,-9.944196982470298e-08
2,GEa,Ethanol,10,2,-3.6100006103515625,-0.08984570888334564,0.017051618397795044,0.0025409616493480055,0.0010877636753784364,-0.018639795934585326,-0.002057266237734804,-0.00018117088513491155,-0.1700000762939453,-0.007397740630128905,0.007673257785349237,0.0006998876657266913,8.674985618178853e-05,-0.008929607649289649,-0.000976811596844522,-0.00012827653925689747,-2.940000534057617,-0.1287779476076476,0.005161696787183719,0.001492229881115773,0.0007603113635568866,-0.005006237595465084,-0.0005625393193576344,-6.837963537235956e-05,-1.5199999809265137,-0.4620060785868228,0.0016551202484483092,0.0004258016465977096,0.00026160547688981875,-0.0015013418607716057,-0.00011924337833170643,-2.1413308410436566e-06,-22.709999084472656,-0.23378627987610126,0.05365756782810484,0.011187524280976184,0.005583606908461711,-0.0599673758055449,-0.005873648649109878,-0.0005167661575236054,-0.6499977111816406,-0.013493828853842208,0.026864976278748367,0.0026648029724975256,0.0002774113473965091,-0.033722814978783634,-0.003406107645243324,-0.00039184888864650033,-13.150001525878906,-0.25947122033730413,0.02584276598384159,0.006009637680737326,0.0031201311492941187,-0.03162134218325034,-0.0027589843645074784,-0.00022025243017221045,-4.559999942779541,-0.6735598161930096,0.001825265157856179,0.0006718669045129255,0.00044345235380339565,-0.0016333529880419937,-6.203952226661345e-05,-1.9989980936050488e-08
2,GEa,Ethanol,10,3,-2.05999755859375,-0.05419620230361158,0.01400460054080832,0.0020253023097791933,0.0006472847573722743,-0.01737128542937288,-0.0018834390929245378,-0.00022579713438014776,0.1900005340576172,0.00878006189540396,0.00618803671609277,0.0007786837396885035,0.000122929889584151,-0.00663576144672559,-0.0007893019369211052,-9.483870253957757e-05,-1.8100013732910156,-0.08406880239505574,0.005417637205355954,0.0012478161013915303,0.0005358644602241737,-0.005973958101147268,-0.0006607294255797968,-9.984350242445714e-05,-1.459999918937683,-0.4397590205707123,0.0018677812031426219,0.0004301121734484128,0.0002663377667305785,-0.0015316183787028128,-0.00013211452057467984,-8.164116681131372e-07,-11.739997863769531,-0.12316405687532751,0.0609454718173004,0.008666620516208026,0.003518832819286685,-0.06821702843904094,-0.007065091037251508,-0.0007890009286666052,0.5200004577636719,0.011262735074428324,0.026635680569249136,0.0030159214017237796,0.0003356631481149458,-0.025427518865044282,-0.002572934434828109,-0.00026442860539331136,-7.680000305175781,-0.1568627542644592,0.01992951632423807,0.0044052309984037984,0.0021070228078899035,-0.024646301139154815,-0.0022231541770237483,-0.00021897050931543854,-4.900000095367432,-0.6872370289929025,0.0017489167024496008,0.0007087026086249022,0.0004786695231132091,-0.0012395474381886754,-9.999990463256836e-05,-9.999990463256835e-06
2,GEa,Ethanol,10,4,-2.3700027465820312,-0.05580416007680054,0.019931009727282425,0.0021370101913855354,0.0006574250440363449,-0.021533447360957074,-0.0021453384763937913,-0.00028450417148653194,0.14999961853027344,0.00604106399481152,0.008749865605989803,0.0009184908968410558,0.00011642285231437965,-0.009586718518504449,-0.0010872217223405049,-0.00014438548552654035,-2.0900001525878906,-0.08107060112184354,0.007035923573278587,0.0012502906584635708,0.0005642104181460916,-0.00783036227461422,-0.0008750232811268918,-0.00012208799399477521,-2.450000047683716,-0.5314533572076003,0.0017946614787763904,0.0005569780469703188,0.00037829276080435226,-0.0017538106652683367,-0.0001099450302104098,-2.993008135647263e-08,-11.860000610351562,-0.11654874568962835,0.07467870730410696,0.010990607225089643,0.0032858955195052618,-0.07786155892692183,-0.007879670986486877,-0.0008797587485574013,-0.4499969482421875,-0.009131431805782363,0.02812073022550799,0.0028521748515645414,0.00032633459050708665,-0.034303206488842504,-0.0034359834637785955,-0.0003684343128514984,-7.799999237060547,-0.1450083492154943,0.026981948907113706,0.004788946942393102,0.0019958347533664176,-0.034118864649768044,-0.003555131576112624,-0.0004327363099788926,-5.490000009536743,-0.7011494333371903,0.0019835616067693587,0.0007580828294256871,0.0005362921907041276,-0.001916470981506672,-0.00011023654982818417,-9.999990463257645e-09
2,GEa,Ethanol,20,1,-5.790000915527344,-0.1315311416473686,0.017256998171669095,0.003907381232533192,0.0018714316674366207,-0.019027298567686993,-0.0021799570667946576,-0.00021556848964041943,0.1700000762939453,0.0065611762753802145,0.012748514092253686,0.0012204656248300978,0.0001106179747209233,-0.013644106796734824,-0.0013055320695280245,-0.00015295942979458595,-4.19999885559082,-0.16813446487416614,0.0064493606063623764,0.002350429496094734,0.0012992535982709315,-0.007427411471053154,-0.0007808875469295753,-5.317342309645602e-05,-1.5299999713897705,-0.5464285705162554,0.0013695124904684745,0.0004202535369519105,0.0002729966083381156,-0.0013017402406454506,-9.447422726421702e-05,-1.9989980936050488e-08,-43.0099983215332,-0.4026776453949342,0.04920250682571285,0.01888579994420086,0.011425797957895235,-0.08491532634167792,-0.008453760104557125,-0.0006070484576938528,-0.5200004577636719,-0.009647503581498138,0.037823517783684604,0.0038030993455442676,0.00034807531624432575,-0.03626924063083787,-0.0035018266046920902,-0.00041865826508449204,-18.65999984741211,-0.33597406445478334,0.021160624502482718,0.00813294542074562,0.004908148040296827,-0.039506843858093034,-0.0036783888694001793,-0.00018702189079246756,-4.46999979019165,-0.7563451616921765,0.0019047388688930792,0.000608728743139239,0.0003995708139751538,-0.001335688665917808,-3.817555428309537e-05,-3.992005187924585e-08
2,GEa,Ethanol,20,2,-5.109996795654297,-0.12487773764203969,0.016337717516864254,0.003603001964120868,0.0016989759575293318,-0.02311736554159849,-0.00230845741873335,-0.000228813233189325,-0.1399993896484375,-0.006000831123286095,0.007109705209700712,0.0007021532099244526,9.546121440141357e-05,-0.010249105790323499,-0.0010044910563682006,-0.00013721370364908617,-3.9499988555908203,-0.17011192818248974,0.0061914167092551806,0.0022259443967155863,0.0012375503407201114,-0.006973801695021368,-0.0006564099294767761,-0.000102860115322091,-1.850000023841858,-0.5640244024325383,0.0014588439907915769,0.000511316238424082,0.0003137392078951468,-0.0015205974610407215,-9.810569837911243e-05,-6.975052252171516e-08,-28.970001220703125,-0.2936942558795608,0.04927260890571213,0.015551780636983393,0.008521971710599992,-0.05941023994311724,-0.00628128072285488,-0.0007304060972732708,-0.660003662109375,-0.01351635546508681,0.029272052796579507,0.0028463164787014368,0.00036156767676241887,-0.030190702281505225,-0.003157890022902798,-0.00034183326874148316,-16.020000457763672,-0.3116731514044394,0.01938406305791648,0.007857695440051169,0.004498245640497886,-0.03820217016225748,-0.0034613723258538837,-0.00025425744123651805,-4.899999976158142,-0.7515337408730844,0.0015938766557509528,0.000671464247709338,0.00045696150400413105,-0.001583464227575981,-5.245123439301372e-05,-5.982032234155128e-08
2,GEa,Ethanol,20,3,-3.3800010681152344,-0.0899893755200648,0.014911399986197052,0.003084813244354427,0.0010883290763819412,-0.01926949774173415,-0.0018568180380497145,-0.00021842567202852003,0.13000106811523438,0.006080499215069804,0.007167026376110506,0.0007416825958406609,0.00010994217281338562,-0.006762344432005994,-0.0007869049733213121,-9.194783759908261e-05,-2.760000228881836,-0.12951667283206014,0.005597691471417296,0.001823945190241674,0.0008538148421804782,-0.005433550801346368,-0.0005954308433379698,-0.00011267660259412488,-1.869999885559082,-0.5615615400609092,0.0014061207485610314,0.000490958275406987,0.00032528940058247163,-0.0015845382191131108,-0.00011865925192184712,-2.993006140645301e-08,-17.95000457763672,-0.19043076777883206,0.05850596512238672,0.013314057957615985,0.005497565093395087,-0.06457997541395369,-0.006212927986521563,-0.0008091684255504933,-0.40000152587890625,-0.008701359914229476,0.024433739183662855,0.002362060305893949,0.0003344658584838975,-0.028398605171128476,-0.0027581334147950692,-0.0003233373871301095,-11.379997253417969,-0.23406000624066284,0.022477459753834517,0.006229475974727719,0.0031985124072125225,-0.023760556742748615,-0.0025869752932511283,-0.000323735547149503,-5.680000185966492,-0.7759562913613068,0.0015966443846586987,0.0007046814902800771,0.0004962481646047164,-0.001662862462647721,-4.3670981251779694e-05,-9.999990463257645e-09
2,GEa,Ethanol,20,4,-3.6300010681152344,-0.08547212064467034,0.018378169127097842,0.0032529292157638247,0.0011493456301155936,-0.02211121228311099,-0.0022355276718027664,-0.000281705798123654,-0.15999984741210938,-0.006423117157454809,0.01058240846388998,0.001185827555444291,0.0001494576790611453,-0.008205547656469296,-0.0008545144962855051,-0.00011572624209211665,-3.0799999237060547,-0.11965811775810506,0.0068882913592092955,0.001980310335063086,0.0009017070543189524,-0.007968837947781086,-0.0008129522785556604,-0.00011733338213586586,-2.9100000858306885,-0.6312364428528267,0.001694084625083659,0.0006391793423175871,0.000423855065415395,-0.0015166911769095004,-0.00010710620483136179,-5.979183784579011e-08,-17.610000610351562,-0.17305424764807198,0.04986192439868803,0.011022499290865998,0.004978518921445465,-0.07855987266765287,-0.007951802412628247,-0.0008401919261613756,-0.7700004577636719,-0.015663150125176543,0.031079067576854764,0.003088917454910994,0.00035803757064883847,-0.02848678821494847,-0.0028550426449233555,-0.0003151494187190063,-11.25,-0.20965337368599637,0.025484575058430256,0.006017948695229489,0.0031307945039859755,-0.029772133708003887,-0.0032733386054292525,-0.0003574045903364946,-6.130000114440918,-0.7818877544814177,0.0021949867646549963,0.0007974784061190198,0.0005447925146706014,-0.001598912629606316,-3.095950521688891e-05,0.0
2,GEa,Ethanol,30,1,-7.649997711181641,-0.17083514782761589,0.016703516055366314,0.005160457340658703,0.002400399281746838,-0.01926414417329428,-0.0021735569060631313,-0.0003323127585917245,-0.20000076293945312,-0.007719056893758693,0.010839306543047756,0.0009829048118367044,0.00010418449592148807,-0.008054334654939599,-0.0007853796457195795,-0.00011361137793963635,-5.369998931884766,-0.21158388926134877,0.01194684237473155,0.0035106547697052507,0.0016501756391879786,-0.0055076583236639345,-0.0007551789522500705,-9.319376379522325e-05,-1.6999999284744263,-0.6093189791104303,0.0017117175542138013,0.000513680571944226,0.0003105714760113567,-0.0011825888700732112,-9.446001556736948e-05,-2.9910250916034833e-08,-51.029998779296875,-0.4718882843287833,0.10288531072815954,0.025630794383971697,0.014421659721539725,-0.08403867151635042,-0.00852703859549345,-0.0006727069821659172,-0.6500015258789062,-0.012059397170273219,0.03740350902268261,0.0036329828304293215,0.0003266760902119637,-0.04080390117613153,-0.003658148174838449,-0.00040356024395600136,-22.15999984741211,-0.3930471696983405,0.052060652450030165,0.011920882185036945,0.0061831559503697205,-0.02792669629537091,-0.0027991508291054846,-0.0002703068101993681,-4.6000001430511475,-0.7903780081398231,0.0020959320005045383,0.0006653688632149425,0.0004182793560575653,-0.001185614777110039,-9.999990463256836e-05,-9.999990463256835e-06
2,GEa,Ethanol,30,2,-6.219997406005859,-0.1582696571693645,0.019421366076799347,0.004000330007577997,0.0021204315365024222,-0.017856424667934977,-0.0015998363690037157,-0.0002227595496107584,0.1700000762939453,0.007555558946397569,0.006102651743053443,0.0008140503729229177,0.00011233779739060895,-0.007765933300582988,-0.0008690686354557398,-8.715304096595563e-05,-4.770000457763672,-0.2134228356308421,0.005834082616564375,0.002482041614841637,0.0015178826452087646,-0.006123875036673231,-0.0005730774069923587,-9.428351075960931e-05,-2.0299999713897705,-0.6284829595673094,0.0013640559870139856,0.0004996873053555919,0.0003199085718236331,-0.0019156934034284506,-0.00011486616319693366,-9.999990463256835e-06,-34.54999923706055,-0.3624632747343219,0.04837290787524922,0.016922571602390562,0.010052792898326826,-0.06906986710573426,-0.00687657365571828,-0.0006559094448908344,0.4200019836425781,0.008896462439896903,0.02502933916812048,0.002458892490738213,0.00028457157645495073,-0.02839357127281567,-0.002684337702633808,-0.00030717942248312773,-18.739999771118164,-0.3766834124847872,0.01975716980614397,0.008605220012638633,0.0051951943062066705,-0.023412811756404122,-0.002140464229752617,-0.00015766896955066214,-5.349999785423279,-0.8008981920518811,0.001566156302661588,0.000657408090953243,0.0004347402005233261,-0.001464303691089461,-9.999990463256836e-05,-9.999990463256835e-06
2,GEa,Ethanol,30,3,-4.3000030517578125,-0.11448357014213403,0.015576761657098787,0.0035801351656261026,0.0014940740069763559,-0.018243214487678898,-0.0018402621275468458,-0.00025185883169175435,0.1900005340576172,0.008845462667911948,0.00623459893788189,0.0006690952629284564,7.386699247517759e-05,-0.007989805066603298,-0.0008752419499865303,-0.00010200968605577447,-3.549999237060547,-0.166588424496873,0.00490550488693542,0.0019950968585285603,0.001129642571943871,-0.0060084833011568575,-0.0007328548248530747,-9.081989180725678e-05,-2.130000114440918,-0.6301775273144448,0.0013929429800688393,0.0005275297538874172,0.0003418500567003189,-0.001731404042065773,-0.00012135214096058592,-2.9940041406935174e-08,-22.93000030517578,-0.24326331196169407,0.061051103469074025,0.012923548260595698,0.00690892916921692,-0.06647971934561407,-0.006834552934590531,-0.0006196789038068154,-0.7000007629394531,-0.015194286250843961,0.020792068203805972,0.0021808703131348853,0.00019803901759793969,-0.026687030336512874,-0.0028180102480155115,-0.00035550916355195724,-14.240001678466797,-0.2934872535886025,0.017932296938796242,0.006962317055277314,0.004012026884709601,-0.02178194544502618,-0.0021671407404171973,-0.00019481023856600068,-6.099999785423279,-0.816599726472921,0.0016566640786212954,0.0007219184140695488,0.00048267083231926514,-0.0014955878423087879,-2.3595939029666098e-05,0.0
2,GEa,Ethanol,30,4,-4.700000762939453,-0.10814544091002212,0.021446577978036098,0.003830318836200557,0.0017000469895850545,-0.020765819428123736,-0.0020534335127488624,-0.0002233552030408919,-0.1999988555908203,-0.007980800472985938,0.009019274773969042,0.0010253718236488936,0.00015780821796632089,-0.009244946305275881,-0.001000677270921911,-0.00013923568260787447,-4.05000114440918,-0.1535836562577416,0.0069624845287947,0.002320476282488755,0.001311178143134688,-0.007688467096293953,-0.0007299442883435985,-8.15803113994229e-05,-3.2899997234344482,-0.6940928021729289,0.0017229056739564538,0.0006410426618096691,0.00043214902073588604,-0.001495421165377531,-0.00010858537758637977,-5.984019268205035e-08,-22.730003356933594,-0.21720022002400727,0.06490468310639057,0.014560553407500662,0.007018144298063821,-0.08615466351626841,-0.008358245331070286,-0.0006634045364415739,-1.1399993896484375,-0.02271367644632248,0.03095816521382022,0.0028862874689188737,0.0004535196145885716,-0.03263512847748501,-0.0029583821508142576,-0.00035483324854100194,-14.260002136230469,-0.25866137964720315,0.02616615786733746,0.008050633463347074,0.004192515421815582,-0.037580844787362996,-0.0037009856872877857,-0.00029084139329141996,-6.580000281333923,-0.8214731702014527,0.0017314829769253613,0.0007694170500113152,0.0005375330959075263,-0.0014653172936222071,-1.9963735276167546e-05,0.0
2,GEa,Ethanol,40,1,-8.919998168945312,-0.2048220051713456,0.014848076968196667,0.005068925091456465,0.0028246821830160145,-0.0183552041639008,-0.0019028007903375839,-0.00022064062838824335,-0.25,-0.009708737864077669,0.010367228185889931,0.0011112364416695764,0.0001280415518941383,-0.009542665786651288,-0.0008905770789158203,-0.0001190025635028988,-6.219999313354492,-0.25141468758685315,0.005826397514497586,0.0031357251424054084,0.0018691325932730875,-0.0076223428653874195,-0.000566733009740694,-4.7520973653525635e-05,-1.85999995470047,-0.6595744676353957,0.0013046976818791248,0.000443706003734412,0.0002949135717819911,-0.0010667528296355454,-8.378092933535788e-05,-9.999990463257645e-09,-55.400001525878906,-0.5251184978756295,0.05914598803041199,0.022064739738809375,0.014531741884778482,-0.06998002675551171,-0.006091022818243372,-0.000340254677831466,-0.8899993896484375,-0.01667289943499175,0.031892242527394934,0.003348329091444613,0.0002824382973153306,-0.03609126966034065,-0.0033152928877784684,-0.0002863615784815946,-24.369998931884766,-0.4443026364601055,0.021600833124801027,0.010110719791738216,0.006223375507768936,-0.035654248354290166,-0.003442629093601252,-0.00016310704635369563,-4.810000061988831,-0.8180272055056201,0.0014414826194779147,0.0005966148888969365,0.0003858824456523918,-0.0012513246169229112,-9.999990463256836e-05,-9.999990463256835e-06
2,GEa,Ethanol,40,2,-7.930000305175781,-0.19536832410359548,0.013912403630624752,0.004479087094716196,0.0024832312322153063,-0.020166973059061455,-0.0018506235168278171,-0.0002349812732437655,-0.4200000762939453,-0.018056752887406817,0.00904573750107908,0.0008884053049735914,9.51257251996126e-05,-0.007828641836214414,-0.0008361669825736689,-8.831987851498781e-05,-5.790000915527344,-0.25162976349125865,0.005667131900274523,0.0029863345005832044,0.0017581105961524649,-0.005647848664303071,-0.0005739742616568868,-8.991369400604507e-05,-2.2399998903274536,-0.6746987757133904,0.0013227878993879053,0.0005007275642305673,0.00032562138702353074,-0.0015652825849197284,-0.0001009415900069156,-4.981041184759337e-08,-40.62999725341797,-0.4151001061863962,0.058204655618452165,0.01961288871996847,0.011575950965294084,-0.07226993084861891,-0.006599017149276205,-0.0005480795253842143,-1.5200004577636719,-0.031128412876630054,0.024297445091300593,0.00236358337207831,0.0003841705141193319,-0.032434015214734144,-0.0031795829018207806,-0.0003169218565972553,-21.55999755859375,-0.4234092367219014,0.02361593401302204,0.009977472261950102,0.005851424948931095,-0.027002514001812965,-0.002597808260186298,-0.0002198831158637879,-5.539999961853027,-0.8231797839750549,0.0014475225403224746,0.000659193516347258,0.0004261505956509553,-0.001718487213542586,-4.725810655110615e-05,-9.999990463257645e-09
2,GEa,Ethanol,40,3,-5.280000686645508,-0.1419354994182074,0.013196368961618615,0.0032817390840492768,0.001633383979431529,-0.01533731808348918,-0.0019706978931194937,-0.0003248201455262847,-0.279998779296875,-0.013188826440614254,0.008474746659033876,0.0007377205211134652,7.689383691811193e-05,-0.006868285241578892,-0.0008004926080890632,-0.00010337038811044833,-4.230001449584961,-0.20028415158616533,0.005180112702681119,0.002192244321127652,0.0012453589419293705,-0.004964282801960153,-0.0005337483321567699,-0.00011897316724304266,-2.2399998903274536,-0.6686567027150824,0.001478889858615093,0.0005321278855104842,0.00033708894821606804,-0.0015262491865053603,-0.00012294076449172704,-4.986015229966969e-08,-26.659996032714844,-0.28492033899396846,0.05667044704043727,0.01574719817280877,0.007857551413260866,-0.06660947111323853,-0.006254592754143534,-0.0007478414752572281,-0.8700027465820312,-0.019133554502433286,0.02076038785423722,0.002015783777907054,0.00023589318803900978,-0.02573288340055026,-0.0026865340999955843,-0.0002984697233180127,-16.130001068115234,-0.3354825385571622,0.01816170253285743,0.007792497326613747,0.004420897515182178,-0.032771995896313875,-0.002846151067722698,-0.0002675418133442869,-6.079999923706055,-0.8340191982882527,0.0015451420884580623,0.0006955686206672953,0.00045998959236729546,-0.0013801991226729112,-3.5348922712313715e-05,-3.99400019002105e-08
2,GEa,Ethanol,40,4,-5.619998931884766,-0.13124705679444626,0.030207752424321194,0.00405933468304666,0.00177548279703653,-0.018617895632763573,-0.001738971116761424,-0.00020602398304793678,-0.3900012969970703,-0.015537900042622782,0.008985625099025906,0.0008437933224190308,0.00010030985776297093,-0.00832699745856089,-0.0007946732569006075,-8.318290067289464e-05,-4.739999771118164,-0.18237783042943967,0.007381632573979503,0.0026290811549108616,0.0014270805376025116,-0.007070114871113707,-0.0007354144351412915,-7.977128901888483e-05,-3.4099998474121094,-0.7286324727543083,0.0015853949481201128,0.0006262519290207862,0.0004247561783328919,-0.0017543657295543717,-0.00012547235863111277,-5.979065119249407e-08,-26.019996643066406,-0.2536803814027836,0.06849246786802855,0.015301419635234256,0.007724137715099443,-0.08116484780366202,-0.008190794838003817,-0.0008325572566913411,-1.1199989318847656,-0.02252159545936726,0.034370584596051336,0.0034456421603956894,0.00036130432320675575,-0.02968798401128287,-0.002828478159575526,-0.0002967590059106989,-16.579998016357422,-0.305228242074847,0.029772377213220756,0.008705314163918133,0.004733126629593248,-0.034576684700135654,-0.003544793501012047,-0.00034588042551044395,-6.679999828338623,-0.8423707405978744,0.0018970139653645486,0.0007578125604812383,0.0005121051398389974,-0.0016075509467722157,-3.9481999049964755e-05,-9.999990463257645e-09
2,GEa,Ethanol,50,1,-10.020000457763672,-0.2315157287517478,0.01687308504890322,0.005669111428760783,0.003231815810571347,-0.020303003372874998,-0.001986873554538707,-0.00021034214882323902,-0.28999900817871094,-0.011279619545138508,0.008949192778084961,0.0009316526225871188,0.00010619063992841765,-0.009814796626178124,-0.0009036343661515034,-0.00013046486749048264,-7.0,-0.2842062622214936,0.00710371970701312,0.0035243008378278884,0.002112240896349693,-0.006473901713848984,-0.0006322344210877692,-0.00010641070278757963,-1.9499999284744263,-0.6890459296976886,0.001294849604085772,0.00045018489316763795,0.0002965863263277487,-0.0012344838515922498,-8.810690570780129e-05,0.0,-59.290000915527344,-0.5642904833704686,0.04896185160789382,0.02275952538904151,0.015192697442553972,-0.07572856418169137,-0.007551285813382746,-0.0007374859695912006,-1.2600021362304688,-0.023604385744066404,0.03258168638799077,0.0028275334025058933,0.00028217966492667375,-0.031141715839906197,-0.003128991044703663,-0.0004050871927514042,-26.520000457763672,-0.4846491203609462,0.026793619258688957,0.01069220084840556,0.006779915345255914,-0.03027830862356365,-0.0025437144688723896,-0.0002979840216039914,-4.96999979019165,-0.8352941091615728,0.0013603354762533393,0.0005552386093683705,0.0003699955406079481,-0.001396752283041937,-4.948856944704931e-05,-3.99400019002105e-08
2,GEa,Ethanol,50,2,-8.400001525878906,-0.2115869361322641,0.01844437817968741,0.005013987617204826,0.00289299530583561,-0.021874194874098328,-0.00195100870574836,-0.0002052478006498032,0.1399993896484375,0.006148414002367894,0.007362313783078338,0.0007393930127600302,8.59333777249673e-05,-0.007594774019215125,-0.0007801513209206076,-0.00011869134114142261,-6.130001068115234,-0.27220252857508015,0.007040188074450483,0.0032350418450717276,0.001949050581712025,-0.0069721787148095534,-0.0006158813771123418,-4.776930912014251e-05,-2.2699999809265137,-0.6984615325927734,0.0013192316890630945,0.0004952745507654823,0.00031708371337695594,-0.0017324715936323425,-0.00014022203241104242,-5.983025254173082e-08,-42.529998779296875,-0.44450249418525795,0.05207481676280047,0.020729781295011362,0.012352678246067788,-0.06050193874589991,-0.005982947463242717,-0.0005123218491034056,0.43000030517578125,0.00904882788370279,0.025867659576631508,0.0024133101882479364,0.0002491702147118028,-0.029616034922877937,-0.0027474097262173715,-0.0003361267817740105,-22.60999870300293,-0.4523809305739593,0.022231355581656904,0.009981840329196759,0.006194850937193884,-0.02541517707315181,-0.0024411175091181886,-0.00025141096358855295,-5.560000061988831,-0.8386123628985312,0.001445500347750064,0.0006154599950551072,0.00039943912321405086,-0.0014608446994027755,-5.636430560985187e-05,-1.9989980936050488e-08
2,GEa,Ethanol,50,3,-5.969997406005859,-0.15522614529692252,0.012755807430657328,0.0037861887217760085,0.0020201773850196743,-0.017608701198279224,-0.0017548729295258532,-0.00021878168655472895,0.1900005340576172,0.0088331256176604,0.006604312389174408,0.0007172862627399476,0.00012300023176202082,-0.00720411476893312,-0.000725038645894088,-0.00012647895223985082,-4.879999160766602,-0.2236479939971839,0.006486579542574514,0.002718680280000536,0.0015404286947167218,-0.005267616432713374,-0.0006593981420669826,-0.00010919842324077768,-2.319999933242798,-0.6966966926115727,0.0014135787423181897,0.0005149455386259731,0.0003411867693609725,-0.0015685193783294075,-0.00011487477254298623,-1.9989980936050488e-08,-30.43000030517578,-0.314456973863666,0.05354126424577028,0.016689262640930683,0.009234945525055584,-0.06105295784156434,-0.005869135366024792,-0.0006853227544438003,-0.5999984741210938,-0.012995419058185331,0.023950456747959356,0.0023394986548342387,0.000374102912116989,-0.03128031871481783,-0.003214707067364227,-0.0003763728472950831,-18.299999237060547,-0.368654300202846,0.021942706410082245,0.009431793503201509,0.005235005485795548,-0.033451665342585826,-0.003288657341595709,-0.0003002449204045816,-6.0000001192092896,-0.8462623399266438,0.0015004305919109442,0.0006746451568447828,0.00044128637146011396,-0.0016203252719376858,-1.911732552433416e-05,-9.999990463257645e-09
2,GEa,Ethanol,50,4,-6.520000457763672,-0.15131121918485524,0.01962836885965581,0.0043760951002979505,0.0020403200114390294,-0.01842446523273839,-0.00179169507883001,-0.00026399257372670547,-0.279998779296875,-0.011137580990243236,0.00929480917953003,0.0009092458301097801,0.00011419381238727751,-0.008704556612750863,-0.000868574379987233,-0.00011597187432785007,-5.379999160766602,-0.20565746147352598,0.007063197276303305,0.0028548466144841206,0.0016187975425815356,-0.007564045391805785,-0.000899812463628871,-9.828800605945974e-05,-3.539999842643738,-0.7531914864475773,0.0015018909082360333,0.000637171147368682,0.0004201281924770399,-0.0016095001740819336,-0.00010767456891650052,-1.9989980936050488e-08,-29.639999389648438,-0.28668149303244933,0.08072299551076303,0.01708413380500568,0.008907582443567704,-0.08619956019308787,-0.008121711870422708,-0.0008620014601056512,-1.3499984741210938,-0.02708121395072712,0.03212771230546799,0.0032129701575725664,0.0004119715168435904,-0.03476383197682872,-0.003689802812470093,-0.0004415832429062365,-18.60000228881836,-0.33991231494675317,0.023571859982861022,0.00945447278072305,0.005182596856772269,-0.03987209438808526,-0.0037330938328799246,-0.00033366714513185234,-6.880000472068787,-0.8578553714929877,0.0015290741818553722,0.0007270259891307578,0.0004992185238336164,-0.0018251998125867227,-5.512362280401525e-05,-4.990005236156694e-08
2,GEa,Ethanol,60,1,-10.959999084472656,-0.2532347364509494,0.01594018659311476,0.005728793914282046,0.0034753151040812554,-0.019143979357707674,-0.0018788970831780446,-0.0002333286484823944,-0.31999969482421875,-0.012509761367421338,0.008016790773172463,0.0008389161453740089,8.842780397077655e-05,-0.009016669756646925,-0.00088491478311979,-0.00011108950798466641,-7.460000991821289,-0.30337539428751026,0.007043868056687612,0.0035831275649709587,0.0022218490394548315,-0.006964222318039642,-0.0005837721698673422,-7.971556900687403e-05,-1.9699999690055847,-0.7035714294837446,0.0013331479411418114,0.00046471132164412624,0.00029792764738318425,-0.0012420191545605243,-9.999990463256836e-05,-9.999990463256835e-06,-61.45000076293945,-0.5871954120109925,0.05813411769558743,0.02315313230977046,0.01572661665974182,-0.07903944131851784,-0.007978512273498706,-0.0006683340854301573,-1.1300010681152344,-0.02132077487009876,0.03499200932384902,0.0029231489727013374,0.00028784038842773397,-0.0424530360881283,-0.003956119506477419,-0.0003421485829952748,-27.48000144958496,-0.5046832151431079,0.022270827350515464,0.010837966976827113,0.006949702151090424,-0.0367433727733748,-0.003225138633446302,-0.00021555520347190754,-4.929999887943268,-0.8427350373184178,0.0013121260931454465,0.0005408107516367396,0.00036346350348914796,-0.0012454401005993006,-2.3444500947573057e-05,-9.999990463257645e-09
2,GEa,Ethanol,60,2,-9.549999237060547,-0.23815460350263423,0.01824352914658657,0.005415110641503008,0.002900591841342478,-0.023850229684694444,-0.0022942652934954135,-0.00020846894477527061,-0.5200004577636719,-0.022589072433675722,0.0070905369936917605,0.0007214968514245821,9.907569940374649e-05,-0.007423721540329648,-0.0007115580774586589,-6.115142412174559e-05,-6.770000457763672,-0.29745168671715216,0.006681349018079937,0.0033724273718132663,0.0020061518816343058,-0.007000127486487375,-0.0006980700740942899,-6.866906758010071e-05,-2.3799999356269836,-0.7190332256103912,0.0013513424658130806,0.0005096025024196574,0.0003154940402827069,-0.001528790940237333,-0.0001168072843962696,0.0,-46.089996337890625,-0.47628395098423293,0.05302334805052967,0.020693010780517843,0.012741135404655496,-0.06873612064573081,-0.0061546138996908285,-0.00044419981611221936,-2.1100006103515625,-0.04370341059860092,0.02491263171309906,0.0027378418033334735,0.00044570845945334224,-0.03278169761168922,-0.003380646488458515,-0.00031674197422200927,-24.21000099182129,-0.4798810827690997,0.02267426202131991,0.010158500626541387,0.0064027787945333614,-0.031773810764808764,-0.0029168319777665144,-0.00020104202916226808,-5.760000228881836,-0.8495575295925624,0.0014888308590252086,0.0006188108869947178,0.0003949883801472403,-0.0013969949301937438,-3.044627904290628e-05,-3.99400019002105e-08
2,GEa,Ethanol,60,3,-6.989999771118164,-0.18174726826606236,0.017792140455040347,0.004412057631180245,0.0021816008396956838,-0.01753655049589416,-0.0019214910149315397,-0.00019358823685134362,-0.26000022888183594,-0.011943051144452963,0.00837327492886071,0.0008362134138853316,0.00011852936188204396,-0.009121210198309087,-0.0009334071151185565,-0.0001478540593964975,-5.460000991821289,-0.25091916058779645,0.00669051013983669,0.002965260895442052,0.001662369659819984,-0.0063102047763411336,-0.0007401969829566755,-9.149389017708208e-05,-2.369999945163727,-0.7160120804031017,0.001498367369139913,0.0005239352195572849,0.0003312148749897337,-0.0014146582561106518,-0.00010078474867310706,-7.970061293260906e-08,-33.45000076293945,-0.3482923827995445,0.053290854627808415,0.0175331796209638,0.00987162482710522,-0.07255768265428975,-0.007044505416858085,-0.0005660842810049534,-0.7000007629394531,-0.015128609380032966,0.025874054473279413,0.002512685540746325,0.0002456854547305715,-0.029285231093215344,-0.002855492893311546,-0.0002887230098108255,-19.959999084472656,-0.4039667910567314,0.02071297512723977,0.009442299748746578,0.00552807505858479,-0.024502351688205293,-0.0022380655711274644,-0.00023427467333299578,-6.059999942779541,-0.8559322045313539,0.0014778545165637365,0.0006678891297707934,0.0004307166355621292,-0.001262772812056093,-1.970297120976446e-06,-1.9970010945094874e-08
2,GEa,Ethanol,60,4,-7.620002746582031,-0.17980185357557651,0.018462442814074928,0.004672755759924936,0.002373638488621281,-0.020220727715279198,-0.0020621479651993877,-0.00025423679192626347,-0.43000030517578125,-0.01734571558270691,0.009448045546200209,0.0010260791041931975,9.389985442591887e-05,-0.010204937853407937,-0.001071936518087988,-0.00010625448513680761,-6.090000152587891,-0.2369649794473914,0.008075785532602036,0.0032733571590986134,0.001818248803224074,-0.008217022343591786,-0.0006912204369748901,-0.00010223529794220251,-3.540000081062317,-0.7678958738692314,0.0015746260460741434,0.0006245495384252533,0.0004045519026408526,-0.001781835967131524,-0.00010855498591347818,-8.958123158356266e-08,-32.900001525878906,-0.324585648458638,0.06433490492561791,0.018463184195985954,0.00976205353243246,-0.07947673464961912,-0.007593602691788493,-0.0006917101482921156,-1.529998779296875,-0.031192636148725132,0.028116912004936292,0.0026427490153857554,0.0003622686053800375,-0.02806336854146829,-0.002640169311358162,-0.00030413918431027915,-20.40999984741211,-0.38128153022312095,0.02604647966768874,0.00998326826641043,0.005576229734359025,-0.03208951627351201,-0.0029092675517105302,-0.00018175984462012447,-6.680000066757202,-0.8641655951196057,0.0015727189174405398,0.0007133810248653049,0.000468739519692271,-0.0014346629165354376,-6.570665511909876e-06,-9.999990463257645e-09
2,GEa,Ethanol,70,1,-12.529998779296875,-0.2761736626467307,0.018396877301237076,0.007107477487622416,0.003959965999494005,-0.019731295817440958,-0.00193464921865407,-0.0002648324465852689,-0.2800006866455078,-0.010911951999631315,0.008961147406762725,0.0008170481191635108,0.00011590333458723191,-0.009492428698918663,-0.0009044758672186739,-0.00011611289836555958,-8.40999984741211,-0.3277474628769448,0.007191943625670692,0.004090873240057745,0.0025020350918838973,-0.00672180970653867,-0.0005539910682765391,-8.751305980993931e-05,-2.009999990463257,-0.7204301139589551,0.0013556790808612524,0.0004539310284373496,0.00032620561757708185,-0.0012476889056462644,-9.386798673135931e-05,0.0,-68.06000137329102,-0.6215525239569956,0.049449209135038294,0.025044818093778207,0.017348249460885975,-0.09231591062412961,-0.008872068916197635,-0.0006924793722781518,-0.8800010681152344,-0.01660379373802329,0.0314900861413269,0.003109005161071047,0.00044280179732787657,-0.0326874833099551,-0.0031490692463114465,-0.00037047818908128425,-30.329999923706055,-0.5325724234835038,0.022956961942930065,0.011554518609586046,0.007700766611869951,-0.029632464084400775,-0.0029000914429788177,-0.00021709054487109437,-4.879999995231628,-0.848695651344631,0.0014181087398291675,0.0005805362866344844,0.0004151613434921673,-0.001250155816717381,-1.2248694534500206e-05,-2.9969981418371576e-08
2,GEa,Ethanol,70,2,-10.280000686645508,-0.2589420778107904,0.014863803535487219,0.005927099548687113,0.0032454533923802656,-0.0171268307989776,-0.001966640905252468,-0.00018662973406233848,-0.3100013732910156,-0.013614464956469396,0.006569575620038664,0.0006974575354840932,0.00010816740098472548,-0.008128633318614867,-0.0009701111833088149,-0.00011184502419596078,-7.2699995040893555,-0.3222517586963813,0.006354494265984802,0.0036421068276556823,0.0022061530496781676,-0.005621852026477971,-0.0005643553026176279,-7.793637006805306e-05,-2.409999966621399,-0.7370030521952956,0.0013031409197769542,0.0004988325663638069,0.00030962045267988466,-0.0014141508929185957,-9.935583585866498e-05,-5.963134961720277e-08,-48.5,-0.5049979127203311,0.04733231259409202,0.02108161198167076,0.013567152814275901,-0.06421107210451103,-0.006045263047584169,-0.00039153353119091055,-1.1599998474121094,-0.024298278312280184,0.02345498331558265,0.0022941789889427294,0.00030883608803334564,-0.033170254696536255,-0.00318330179867647,-0.0003107384216716775,-25.509998321533203,-0.5091816187321895,0.0209058657449259,0.01048378834443923,0.006756387084192976,-0.027732950810546622,-0.002714377199220938,-0.00022548061362809036,-5.750000059604645,-0.859491780332456,0.0014205917159284083,0.0006070707071038857,0.0003750069685937984,-0.001274397800870965,-4.001867747275353e-05,-2.995003139740693e-08
2,GEa,Ethanol,70,3,-7.579998016357422,-0.20294506896993364,0.013949536563342038,0.0045010172870593446,0.002407210772231567,-0.013795286164311592,-0.0017127456087684702,-0.00024588117083908885,-0.3100013732910156,-0.014560890557074786,0.006632575130821005,0.0006798832258769515,5.8431878461625745e-05,-0.006443412563897035,-0.000710931559695288,-0.00011612872689846583,-5.760000228881836,-0.2719546811089638,0.006036750290698644,0.0029299092818089716,0.0017478648820766416,-0.004308813270108643,-0.0005145963151154995,-0.00012209458349419282,-2.459999918937683,-0.7343283549160275,0.0013605849301670438,0.0005052936938129488,0.00032687917844903796,-0.00139783219665732,-9.034081335558672e-05,-9.954237923800372e-08,-35.43000030517578,-0.37864700674072543,0.04477965657094851,0.017480523819846182,0.01037250447575333,-0.062288827719723716,-0.005000656760485023,-0.0006592802349747895,-0.9599990844726562,-0.021159336721914616,0.02303315713529068,0.002454900462771887,0.00020716902390265483,-0.02571301667483153,-0.0025316012282670043,-0.000282538067035146,-20.85999870300293,-0.43286987544011707,0.020662775513600382,0.00953457926437642,0.005699955969010325,-0.026091357538887885,-0.0024012821918327092,-0.0003243548844613937,-6.350000202655792,-0.8698630187318614,0.001455596462637927,0.0006249738323695608,0.0004025238967848335,-0.0013482768652590973,-2.0024778031401048e-05,-3.9900121808304214e-08
2,GEa,Ethanol,70,4,-8.169998168945312,-0.191200520862859,0.021979364032910856,0.0048651949116344,0.0026081107472461854,-0.019967171305843353,-0.0021028736911744244,-0.000262703429692416,-0.5,-0.020048115047840875,0.009714167018015418,0.0010386860513641278,0.00016109313273949654,-0.010684848129389659,-0.0009757457798130589,-0.00010730741486140511,-6.560001373291016,-0.252793879785148,0.00715673131407022,0.003331175879379913,0.001992338569038558,-0.007803674026760503,-0.0008547465820857643,-0.00012455811756030089,-3.619999885559082,-0.7768240352130951,0.0015241069798720788,0.0006307918149595291,0.00041128141646813845,-0.0016624395590667696,-0.00011110329469347387,-1.9960040924614085e-08,-36.230003356933594,-0.35322222350325105,0.06477438090585126,0.018440558184892483,0.010639068492256551,-0.07474270566593365,-0.0076285470905333875,-0.0009131313654230476,-2.5,-0.050505050505050504,0.030615617421408926,0.0032885982112314696,0.0007834510689851198,-0.02843936813082578,-0.0029298849783090932,-0.00030988277452323454,-21.93000030517578,-0.4057354415305709,0.025692255453843228,0.010307775582452114,0.006010317303227179,-0.03032613464394309,-0.0030494156200335603,-0.0003916030083219237,-6.930000066757202,-0.8727959718911104,0.0016241389934978899,0.0007020335105721869,0.00047117594135654827,-0.0017282759627992264,-3.4335321791761995e-05,-9.999990463257645e-09
2,GEa,Ethanol,80,1,-12.669998168945312,-0.2884790231595214,0.015915125513898416,0.006560877677415968,0.0038821200625022605,-0.01898424269130883,-0.0018209380808741236,-0.0002545427532184044,-0.3299999237060547,-0.012756084770031786,0.008894725398295718,0.0008194096858294339,9.306093951500203e-05,-0.009781380753204082,-0.0010624508123331568,-0.00015832125895381385,-8.480001449584961,-0.3400160893342734,0.00781962515189226,0.0040044299558625,0.0024439301861322446,-0.005686766930553937,-0.0006841628771169534,-9.626780996703003e-05,-2.049999952316284,-0.7321428525812771,0.0013138265241344393,0.00045275076043024045,0.00029096387543228074,-0.0012082331725530979,-9.28276716471487e-05,-2.996000141788941e-08,-67.05000305175781,-0.6303469147359059,0.051872668894647464,0.023777774157467832,0.016954334765463066,-0.07445814879647374,-0.007323735292628277,-0.0004945650529829494,-1.1399993896484375,-0.021304418340631587,0.03196761459354776,0.0031149166834414754,0.00032283928941321963,-0.029699447118234912,-0.0034523472844876293,-0.0004003268198380513,-30.159997940063477,-0.5457835478853247,0.02040298018468837,0.011255128789760318,0.007458073904855438,-0.03865231959865378,-0.003995922600791533,-0.0002490356794507587,-5.029999911785126,-0.8568994906046832,0.001462415298130047,0.000533841642313354,0.0003512323628648828,-0.0011974523094257252,-6.793458730547716e-06,-6.979028309294764e-08
2,GEa,Ethanol,80,2,-11.319997787475586,-0.28229421990579506,0.015967746701777367,0.00602428259821499,0.0034663125916813476,-0.019045243646412406,-0.0020054492120513212,-0.0003790144635920277,-0.4099998474121094,-0.01789610869239803,0.009939982064266844,0.0010330197601861038,9.944037383985738e-05,-0.008433784148118217,-0.0008148319419903099,-0.00011078996730112117,-7.929999351501465,-0.34780700073934856,0.006700589407634248,0.0038245563189746997,0.0023183174622276115,-0.005006913879556299,-0.0008461944032579473,-0.00015348534477942693,-2.4300000071525574,-0.7476923098930945,0.0013460526573199553,0.0005037914990005041,0.00030831000532823623,-0.0018311772607316952,-0.00012338090878130192,-2.997033868873213e-08,-51.48999786376953,-0.5320863867928924,0.05753121811407634,0.022770549740121552,0.014195094527296089,-0.06524506708669797,-0.006124125721111053,-0.0007988720015487657,-1.7800025939941406,-0.03712205559274786,0.022926581820099948,0.0023782191288862753,0.00045105443037245094,-0.027366270538768014,-0.0026895913787710257,-0.00029348347017806985,-27.090002059936523,-0.5357990768221611,0.0197952160322644,0.01087749917213476,0.007039876762303837,-0.025907480924776537,-0.002390671124313156,-0.00025127573582005405,-5.769999802112579,-0.8637724476630161,0.0014538502354051375,0.0005919185792017625,0.00036537719565720247,-0.0014182373396313733,-8.446111132550746e-06,0.0
2,GEa,Ethanol,80,3,-8.09000015258789,-0.2136819868506803,0.013388495802362444,0.0045555089452659426,0.002620631216693618,-0.01516788391347122,-0.0015050858605950802,-0.00023328463631531484,-0.2800006866455078,-0.012999102820077704,0.0062519226306894105,0.0006678375871475167,4.97031406613997e-05,-0.007560636187106191,-0.0007754062332110156,-0.0001030006668735135,-6.159998893737793,-0.28691192784092123,0.0059903189814109435,0.00313434688809198,0.001906336840417143,-0.006244747923560012,-0.0006130432359186615,-0.00010043945981711736,-2.4899998903274536,-0.7455089683577849,0.0013562778590463429,0.00050206840976905,0.0003273034120402778,-0.0018840737115881636,-0.0001233453834885941,-2.9969981418371576e-08,-37.720001220703125,-0.3971780639766939,0.04906067811492479,0.019212842645168204,0.011137791310336102,-0.0700893076850233,-0.006705001454059389,-0.0006775837049512877,-1.2099990844726562,-0.026032682796675404,0.026595269323484997,0.0026243672595414706,0.0003364872065807057,-0.027520224631421966,-0.0025904342926939225,-0.0003112466827298745,-22.119998931884766,-0.45179737225321925,0.017497004437247037,0.009829736293383053,0.00607061841430928,-0.023927454286657015,-0.0024236632915783157,-0.0002690458130218019,-6.489999830722809,-0.8758434499819047,0.0014727370159921247,0.0006337694771655321,0.0004046619866223824,-0.0012373523831678784,-4.568900068107056e-06,-1.9989980936050488e-08
2,GEa,Ethanol,80,4,-8.760002136230469,-0.20758298525728008,0.01752954382731036,0.005393249066206759,0.002856047549358194,-0.02029661557577259,-0.0019906389130351114,-0.0002999064124198107,-0.43000030517578125,-0.01734571558270691,0.007781926082855145,0.000792898685777295,0.00010229560860482205,-0.008592612616628106,-0.0009243891999132461,-0.00012181214593812208,-6.899999618530273,-0.2697419718182155,0.007982473751216652,0.0035621851547634597,0.0021074568760834256,-0.007197387929700306,-0.0007874234328412346,-0.00013560304398824112,-3.640000104904175,-0.7895878523823912,0.0014739813712920536,0.0006031071775443977,0.00039175579197044233,-0.0016696520341328784,-7.826960521787609e-05,-1.0000109672546895e-08,-37.32999801635742,-0.3697503799016839,0.07861475359958438,0.019041592012203745,0.011019105258173399,-0.07729441607032597,-0.008305229291889968,-0.0008505076054587451,-1.8400001525878906,-0.03759706179443396,0.029961178315515234,0.0032448735050757027,0.00046727788091586347,-0.032613429866530624,-0.0030262982170917267,-0.00039064199611019444,-22.579999923706055,-0.42387835047249756,0.03402741859296211,0.010604680386782887,0.006290518640454901,-0.03329409601854262,-0.0029242120941534275,-0.00036521322218384237,-6.769999802112579,-0.8769430033811585,0.001434825797273115,0.0006692771854952724,0.0004465252929184176,-0.0014766636798332125,-2.3792998132161956e-05,-1.9979990945578733e-08
2,GEa,Ethanol,90,1,-13.65999984741211,-0.3089798717550697,0.020363599537262456,0.006812434844139599,0.004205468722671711,-0.02374194848780709,-0.002480777340467065,-0.0002605633267631273,-0.4099998474121094,-0.015799608298958184,0.010173904653968998,0.0010076466628319858,0.0001360855911189821,-0.010714760634733846,-0.0011022132393220848,-0.00012060680621129404,-8.979999542236328,-0.35833997340824103,0.007776618420011055,0.004231887555226719,0.0026328480378918734,-0.007405385757766426,-0.0006738710505756315,-0.00012035921700178438,-2.0899999141693115,-0.743772226593701,0.0013509592765269128,0.00043645706888626704,0.00028709398379194215,-0.00140689093452262,-9.15398751141922e-05,-3.987027152711165e-08,-69.36999893188477,-0.6494710281575451,0.06675639804204768,0.02498678091239597,0.017810384930559572,-0.06976237863173687,-0.006917382983296327,-0.000716619503514036,-1.4099998474121094,-0.02609661075825141,0.03107942840793482,0.0032922282417201317,0.0004678128062898379,-0.0354048555344286,-0.0033953950249994876,-0.00034008211541878197,-31.64000129699707,-0.5669234997033886,0.026485392259496542,0.011499365859798017,0.0078182760758977,-0.039883965118305595,-0.0036771670516377616,-0.00031000137329101563,-5.150000035762787,-0.8640939602013789,0.001353990415764705,0.0005183005111190213,0.00034307807731517246,-0.0012631848477624961,-1.4648637883606842e-05,-1.0000109672546895e-08
2,GEa,Ethanol,90,2,-11.680000305175781,-0.28839506926359953,0.01731024934399021,0.006545228945984339,0.0036514726956522214,-0.017760010721630123,-0.001758450446938942,-0.00022499945857114005,-0.279998779296875,-0.012053326939924674,0.007386269751230984,0.0007757126606313424,8.133396915595556e-05,-0.00842402233216999,-0.0008573087878924076,-9.863876509211462e-05,-8.239999771118164,-0.35810515815534105,0.006970094996853315,0.0039973956545372455,0.0024399917650916717,-0.006066614208620202,-0.0006791721071274723,-8.8345592447864e-05,-2.5299999713897705,-0.7643504577420709,0.0013892625484999133,0.0005020756333452554,0.00030272012566147035,-0.001679154714621409,-0.00013273342429085376,-3.9880211667431186e-08,-53.939998626708984,-0.5510829601583933,0.055724558522984816,0.02228344921217074,0.014960001880621287,-0.07028309946326736,-0.006057933703817348,-0.0005690428326201515,-1.2999992370605469,-0.026743452391228942,0.031022360567681505,0.0030271891391110426,0.0003771574175440383,-0.037405084148027394,-0.003785382572729577,-0.00038308558338764247,-27.909997940063477,-0.5481146689648745,0.021079115096212023,0.010996540726519073,0.00723651595606995,-0.027500189579580777,-0.002660750717235255,-0.00016643987498762613,-5.870000004768372,-0.8722139655471338,0.0013805704157427937,0.0005690930884871627,0.0003519306956481911,-0.0013799149993726084,-2.916739219463419e-05,-9.999990463257645e-09
2,GEa,Ethanol,90,3,-8.64000129699707,-0.23357666680038905,0.015540761317153103,0.004934740684865034,0.002824881900898399,-0.015287867237285774,-0.0015316438264892998,-0.0002079057758535355,-0.40000152587890625,-0.01901147853960921,0.0057402425004300225,0.0005066138561030871,5.221869865605744e-05,-0.007480827945120267,-0.0007410584945806828,-9.963699205491072e-05,-6.419999122619629,-0.3061516133923347,0.009886941526403539,0.003271047578904286,0.001975787147406404,-0.004991415570605283,-0.0005077568134599073,-7.108309769463756e-05,-2.4999999403953552,-0.7575757504604188,0.0020030403037124243,0.0005183583975650021,0.0003207847087899581,-0.0016656082689042416,-9.77958831289272e-05,-6.966103125929895e-08,-39.209999084472656,-0.4221576253656676,0.0516131330387955,0.0187307112350573,0.011519302457308547,-0.07524107744449048,-0.006874235227454161,-0.0004860521074073536,-1.1300010681152344,-0.025178276319561807,0.022205980142551304,0.002021020218230821,0.0002470441030115929,-0.026138757781528146,-0.0028197496978958464,-0.0002868510208155048,-22.69999885559082,-0.47529312507023763,0.03662862121431922,0.009946770418410042,0.006296619573798126,-0.021465912841894613,-0.0021143894760410195,-0.00017310954178792175,-6.299999833106995,-0.8798882635987834,0.0020668796303557908,0.0006049676705913882,0.0003847646326716844,-0.001329588162528044,0.0,0.0
2,GEa,Ethanol,90,4,-9.479999542236328,-0.22369040357029732,0.016447002017132284,0.005518882025941768,0.0030054122700333735,-0.01931164174543339,-0.0022223255133300146,-0.0002777599364884743,-0.43000030517578125,-0.01726215607425842,0.009152363345365394,0.0008555564941477079,0.00013505446894586395,-0.01152925486914386,-0.0012123856238030642,-0.00012362108484178724,-7.369998931884766,-0.2872174191625357,0.008020778744202983,0.0036919252922254964,0.002251624226359027,-0.007625670877626994,-0.0007374603479952893,-0.00013478720237805378,-3.7000001072883606,-0.8026030369044023,0.001677529739468131,0.0006063971143428767,0.00038972728980367295,-0.001615656812249393,-0.00010384165066139328,-3.989020159805498e-08,-39.77000045776367,-0.3923638537715448,0.059378773620625366,0.019407978067655658,0.011565185409659885,-0.07824197848017095,-0.00793046296769894,-0.0009632762298794769,-1.7599983215332031,-0.03571425253915793,0.030238469796552807,0.002851980953798971,0.000476254870296943,-0.03275696850735929,-0.003114793625393955,-0.00031658008513791794,-23.900001525878906,-0.44756555885670524,0.021219386820055565,0.010961751985793834,0.006507366701129411,-0.03505917742125068,-0.0031706289203031063,-0.0003897664298511877,-6.960000157356262,-0.8854961881844486,0.0015946575605381465,0.0006484261698831484,0.00043031508202850575,-0.00146460249162961,-9.999990463256832e-07,-9.999990463257645e-09
2,GEa,Ethanol,100,1,-14.269998550415039,-0.3304005326267914,0.02019946529325354,0.007196642961338721,0.00443429930756563,-0.018916605010340398,-0.001867352107450188,-0.00018407397755074064,-0.4799995422363281,-0.018853085604746408,0.008950862785246165,0.0010085379204583973,0.0001399714116615256,-0.008418007042745384,-0.0009257194339725635,-9.806475444024337e-05,-9.440000534057617,-0.3851489370013881,0.007997650787476919,0.004482721911895616,0.002732114605573701,-0.007370735406816646,-0.0005384898286314451,-5.847449605984599e-05,-2.1299999356269836,-0.7580071099645902,0.0014100404909945094,0.00044764604188085453,0.0002806958990759725,-0.0012536295712875685,-8.720823181728505e-05,-2.996000141788941e-08,-69.84000396728516,-0.6700566220660997,0.06289160652327859,0.023945497945122803,0.017604772142018252,-0.08105893206703393,-0.008298431094894457,-0.000677292268444361,-1.6000022888183594,-0.030337547172881944,0.03234685926749892,0.0028618953791650016,0.000418776075054361,-0.03656848234572267,-0.003789314724937694,-0.00031024801587960845,-32.029998779296875,-0.5896538836385302,0.021666443586287325,0.011376970879144513,0.007902729659028865,-0.025661562802485834,-0.00252649534814781,-0.00014884186351378633,-5.070000171661377,-0.8681506916424819,0.0014726705184983412,0.0005116969452123086,0.00032456131329891644,-0.0014892241941491424,-1.2640742454931886e-05,0.0
2,GEa,Ethanol,100,2,-12.589998245239258,-0.313965055469125,0.015800482024754828,0.006620139511998462,0.003874083459442312,-0.018464987993396187,-0.001939670122424119,-0.00025084795078504375,-0.5499992370605469,-0.023933822803158464,0.006559972347315714,0.0006957011809201949,0.0001484304642353354,-0.010654580745185833,-0.001086933939573627,-0.0001068732921547429,-8.610000610351562,-0.37829527784563466,0.006986788780209623,0.004033137795393585,0.0025469326576443053,-0.00676888116165253,-0.0006852401262597898,-0.00011325799373103454,-2.549999952316284,-0.7727272694432702,0.0013869177857798154,0.00048356337383359527,0.0002950698967888252,-0.0015040971714691761,-0.00011074719045369371,-1.9989980936050488e-08,-55.61000061035156,-0.5724727296660612,0.05019006994384657,0.022997317442410542,0.015135609389445782,-0.06724094701576372,-0.006894759727593151,-0.0005673138436036285,-2.30999755859375,-0.047845849565023364,0.02685375009721233,0.002758452495143369,0.0006504858274856724,-0.029748514243795064,-0.003120161644129865,-0.0002990780269773214,-28.790000915527344,-0.5694224709957393,0.01898255342525408,0.010926645325293862,0.007383817888567394,-0.023832635463453083,-0.0026742816184966386,-0.00018318588214507388,-6.040000140666962,-0.8779069825869885,0.0014182057404559703,0.0005749151789397671,0.0003478321152445282,-0.0015504452693679406,-1.972042432957886e-05,0.0
2,GEa,Ethanol,100,3,-9.21999740600586,-0.24639224631650286,0.014563585225510666,0.005387839402619745,0.002954638419158174,-0.019992780223102774,-0.002086734010083458,-0.0002667689455555823,-0.4699993133544922,-0.021983130580143572,0.005648695149559437,0.0005333799742695288,6.026442763044364e-05,-0.006874148788557437,-0.0007889574432557075,-0.00010545414171200357,-6.890000343322754,-0.3242353102740119,0.006530871616656499,0.003435192344373523,0.0020754384011399474,-0.005650530755434173,-0.0006543649708321879,-0.00012948426154686158,-2.5899999141693115,-0.7708333318550434,0.0013410715518962883,0.000502217965895497,0.00031196251098258436,-0.0015518922437126777,-0.00011435320670125413,-4.983036180876935e-08,-41.52000427246094,-0.4421254675045162,0.05793896737306692,0.01971288280961201,0.012028629499352567,-0.06131012347019743,-0.006323017423078675,-0.0009074712697288589,-1.4499969482421875,-0.031749441786230605,0.02241289023445557,0.0021618830070378745,0.0002473955068248796,-0.02917952935397788,-0.0029295159167822254,-0.0003341647901363733,-23.939998626708984,-0.4956521533097633,0.021564917810750987,0.010042862611241118,0.006376404358300844,-0.0231270747713794,-0.00275405384509457,-0.00036291698316463924,-6.529999911785126,-0.8860244251265366,0.0013929180477091699,0.000583982177349707,0.00036952599169957055,-0.001438072626460112,-2.940693205533742e-06,-2.9940041406935174e-08
2,GEa,Ethanol,100,4,-10.0,-0.23501763053593944,0.017021316919202376,0.005543758146862782,0.003192611339825296,-0.025748359715663815,-0.0025264682816109,-0.00024503259827648213,-0.5699996948242188,-0.022928386195890684,0.010584893147887913,0.0009793953385536225,0.00016822628645867706,-0.010679684491758388,-0.001008982448856505,-9.367442072920646e-05,-7.809999465942383,-0.30247868157442104,0.007998654758948929,0.003924226125312252,0.002353248957066577,-0.006633120209894178,-0.0007005087003837604,-6.75850898771449e-05,-3.7400001287460327,-0.807775385810686,0.001487239619925975,0.0005934154111395394,0.00038139794957855187,-0.0015969889031824023,-8.535221618505418e-05,-2.9969981418371576e-08,-41.78000259399414,-0.410573916243255,0.05901822676291317,0.020834317155865284,0.012201970077482548,-0.06961734749462838,-0.0062940037298068845,-0.0004970342387198965,-2.5999984741210938,-0.052642205026348365,0.031154297775871753,0.0036283814856043744,0.0007206794973489566,-0.028367269693038804,-0.0027727199570979576,-0.0001965380493083261,-25.19999885559082,-0.46735904509181736,0.026735540625756723,0.011250625925853533,0.006883913811221756,-0.0315067924377089,-0.002946594389468834,-0.00024588767406733095,-6.9999998807907104,-0.8894536191334942,0.0014001639380777312,0.0006483649548485143,0.0004248449358539955,-0.0016609167871640112,-9.999990463256836e-05,-9.999990463256835e-06
2,GEy,Ethylene,10,1,-6.399997711181641,-0.1504112297517345,0.0177881144097654,0.003152944909216791,0.00142197732859747,-0.018537622336662528,-0.001990220812579688,-0.000260395792199715,-1.9599990844726562,-0.07846273500360472,0.0076909825084778135,0.0011394945523759,0.0004207974170949467,-0.008078416937140445,-0.000788037554358941,-0.00010617984260846064,-4.700000762939453,-0.19445596806386595,0.0050862675626748895,0.001792786972080591,0.0009660820127016057,-0.006692376416400384,-0.00066893744799175,-7.991014650253414e-05,-0.5,-0.17543860236179962,0.0016010690549819724,0.00024564050009433507,9.946854746300492e-05,-0.0014295279202201313,-0.00010739388961273384,-7.625712200413028e-06,-31.0,-0.30102931626980556,0.04476935542708135,0.011813913666837695,0.005916711609218459,-0.08309831487547978,-0.007918916308412781,-0.0007025092436279794,-6.709999084472656,-0.13029124435869235,0.029571321233455506,0.004267815025098623,0.0015038340332171225,-0.030460156669873128,-0.0032408572708179585,-0.0003330595613854284,-16.779998779296875,-0.31270963151346587,0.02938986388188875,0.006252582010704281,0.003389545779656801,-0.03749899310211034,-0.003629767215503064,-0.0003185446847175343,-1.5900001525878906,-0.2593801179289057,0.001834782111069929,0.00042371497594375935,0.00023028448741920822,-0.00157058211594319,-0.00012929545148823615,-9.928064921109718e-08
2,GEy,Ethylene,10,2,-4.319999694824219,-0.11365429848958655,0.012653189175468137,0.0023400208690857755,0.0011247968087038575,-0.015723247464220748,-0.0018411066471380874,-0.0002657261632520713,-1.25,-0.05726065068111044,0.007860926559058337,0.0010006018273803884,0.0003658140939666519,-0.007607818866457398,-0.0008400658354243846,-9.044778999346039e-05,-3.3600006103515625,-0.1555555810653619,0.005161946203149989,0.0015920134684212588,0.0008339438222939976,-0.006010388959114381,-0.0007251409902803185,-0.00011130928310940072,-0.5499999523162842,-0.16923075455885667,0.0017100436735810716,0.00027766497591085295,0.00012617223903662805,-0.0014916128087158686,-0.0001525751301997557,-9.999990463256835e-06,-20.0,-0.21691974687620968,0.04277328990862776,0.009248120763315064,0.004588552357672839,-0.06594374630001529,-0.0072324281881023965,-0.0007267032706693995,-4.590000152587891,-0.10028403117066866,0.021547514472695692,0.003319468573809866,0.00125387981977233,-0.024354110501438566,-0.0027437731689618624,-0.00024230770434123785,-11.799999237060547,-0.2448640708306739,0.01976273299730068,0.005099661457500255,0.002742209233191564,-0.022085074743917868,-0.0021195499191476682,-0.00020621825424311342,-1.929999828338623,-0.2772988243908782,0.001851755508821919,0.0004822204869014721,0.0003098316916204366,-0.0016441323953615501,-0.00011880291985316882,0.0
2,GEy,Ethylene,10,3,-3.1500015258789062,-0.07557585179498529,0.020744447472158895,0.002795688749306472,0.00109861456986977,-0.02229537770639712,-0.002244947061080702,-0.00026263130618246994,-1.1700000762939453,-0.05030094861483112,0.006879918427069079,0.0010577751636423455,0.00040263993882575546,-0.007677894381775149,-0.000833319044297543,-0.00010351025625109401,-2.700000762939453,-0.11450384951973722,0.0060675088693481725,0.0016781091882442202,0.0008788145905354562,-0.006880092011602299,-0.0007248725955924403,-0.00010794911555269142,-0.5399999618530273,-0.15384614339607364,0.0015790378183576966,0.0002882916457024009,0.0001299927831366246,-0.0017746976219232143,-0.00012243000456691654,-9.999990463256835e-06,-14.540000915527344,-0.14006358980328934,0.06496491524388297,0.010366900134144106,0.004549395049943399,-0.06714767437652464,-0.006347378575105451,-0.0007200840512613226,-4.529998779296875,-0.0925622988641571,0.02200329650583664,0.003322300196716377,0.0014913725994477995,-0.03466616889290334,-0.0031118897829783307,-0.0002058124704771418,-10.0,-0.18953753446043325,0.021969752956335388,0.005826545590213439,0.002901975471398437,-0.029402534453425274,-0.003008003572161303,-0.00034851090885435675,-2.4599995613098145,-0.3063511386194762,0.0019469659515090323,0.0006137849139076516,0.0003798916607911421,-0.0018335345700019605,-0.00017902872036115513,-9.999752044677734e-06
2,GEy,Ethylene,10,4,-3.4399986267089844,-0.08390240552948743,0.019371768467836625,0.0027327143454827845,0.0009032748763730678,-0.017210305257744692,-0.001875403813222249,-0.00022866383224454456,-1.5,-0.06339814073008405,0.0088068849536261,0.0012965732449547855,0.0004370365650066965,-0.007654795711310529,-0.0008779440089142761,-9.622233759692409e-05,-3.289999008178711,-0.13255435328892382,0.005112261228877528,0.001524123658585329,0.0007531730275770293,-0.007227693591532432,-0.0007544339462632191,-0.0001032053016640314,-0.869999885559082,-0.1835442885166742,0.001862261949026047,0.0003743503105327689,0.00019444539503178377,-0.001479070432620467,-0.00011946533744650231,-9.999752044677734e-06,-15.680000305175781,-0.160196166174578,0.05687258855131221,0.009136703762849117,0.00373839442388001,-0.07829365631689172,-0.007006382512162492,-0.000579092896331603,-5.400001525878906,-0.11592961171329857,0.026043149529094874,0.003965563014312611,0.0015094912125121912,-0.02694693898029634,-0.0028162395095714505,-0.0002692881431363295,-11.930000305175781,-0.2288070664524076,0.02236204391449393,0.00605800618335471,0.002667407026291408,-0.03175969787228046,-0.0033997060081115992,-0.00036754975783787123,-2.2899999618530273,-0.2913485907065895,0.0022726795637510525,0.0005790285099729742,0.0003645146246274081,-0.00164691619912576,-0.0001416208509950462,-5.960325819247976e-08
2,GEy,Ethylene,20,1,-7.3899993896484375,-0.17186045092205668,0.014542495619256388,0.0040440286408834885,0.002144256774534498,-0.02484828014970547,-0.002151620475523413,-0.0001944408886629353,-2.25,-0.08992805590864121,0.00807859943238108,0.0014832848402756972,0.0006298136420025594,-0.008354050880160233,-0.0008485955586323605,-7.142696181980974e-05,-5.239999771118164,-0.21475409233771922,0.006582142586808566,0.0026452645008311778,0.001471376111634342,-0.005032005787285784,-0.0006305834653961012,-7.682584826052244e-05,-0.679999828338623,-0.23859643897998337,0.0016319451908238822,0.00030405410582911495,0.00015964969452851263,-0.0013848681330191181,-9.92434197291768e-05,-7.1815057250203255e-06,-34.13999938964844,-0.32887005290967963,0.061528911887834825,0.016083969118307048,0.008749746325325786,-0.09473605008623565,-0.008825206842073613,-0.0007694855724760926,-7.630001068115234,-0.14743963416647796,0.03743368428565889,0.005492271459989253,0.002270048722803087,-0.029884258044209643,-0.0027773066905404454,-0.0002443551372020134,-18.270000457763672,-0.3363402165023299,0.022106853394937884,0.007982595087372759,0.004589280172819893,-0.03265948793841841,-0.0030609862292001267,-0.00024122673098629635,-2.369999885559082,-0.3859934750968682,0.0017763200267693212,0.0005213107609720461,0.00036311376379193446,-0.0015412481095757949,-0.00010487471918187947,-1.0923228100844857e-07
2,GEy,Ethylene,20,2,-5.900001525878906,-0.15253364734563937,0.013737564021101356,0.0031944378416091696,0.0016186003099686406,-0.019285389553226766,-0.001840176224451104,-0.00024553057764636926,-1.779998779296875,-0.08068897653623923,0.006487122074559266,0.0013447895773733896,0.0005716732592105135,-0.008556686201661029,-0.0008348908253340791,-0.00011012568950669263,-4.370000839233398,-0.19908886958271732,0.005743026407133722,0.0022444818215281077,0.0012234958115619051,-0.005157719612164676,-0.0005389445376855677,-0.00010599204761426772,-0.8599998950958252,-0.26219509225527043,0.0015048211717678247,0.0003545715243206296,0.00020727656611139195,-0.0016293415631490674,-0.00012165756230756504,-8.139722247374467e-06,-25.110000610351562,-0.26835524946293776,0.050469097393587126,0.01226700042898158,0.006541955142769019,-0.06720737232938727,-0.006652706748294519,-0.0005349265066386075,-6.079998016357422,-0.13254846649083188,0.02140297832624067,0.004333933697538751,0.001881126007003975,-0.028781037915227996,-0.002659755413073453,-0.00030431851904354066,-14.90999984741211,-0.30385163929366765,0.020927211142561554,0.007007517197221169,0.003906789157975769,-0.025054895607949906,-0.0027265863019586816,-0.00030863294267708,-2.820000171661377,-0.4022824649909027,0.0020623725341863924,0.0006462580469913247,0.00045877280469199157,-0.0016324108165936173,-0.00015036204940584218,-9.999752044677734e-06
2,GEy,Ethylene,20,3,-4.689998626708984,-0.11483835967644568,0.015587677130429243,0.0033550278744439994,0.0016211141139090318,-0.01781582699344526,-0.0017161564859536735,-0.0002091533351201016,-1.9099998474121094,-0.08211521189240881,0.008397989450991163,0.0014601677370633926,0.0006541243739477494,-0.008216553768971846,-0.0007380266113538481,-0.00011055309544118768,-3.9599990844726562,-0.17105827860588385,0.007375172474392277,0.002243978916303787,0.0012801432420364092,-0.0069657807096253,-0.0006650151449802166,-9.532758446450525e-05,-0.880000114440918,-0.2543352903869354,0.0017247006344503558,0.00039157081366556114,0.0002109323736206427,-0.0016524579945138209,-0.00015906470766048842,-1.0611819344037262e-05,-21.44000244140625,-0.21069184346815953,0.07084338176090417,0.01351345116761921,0.006650059770575045,-0.07510901300247541,-0.006850799219475794,-0.0007403356913059933,-7.149997711181641,-0.145089242863079,0.02271400915711256,0.004562929422123487,0.0021587677355665393,-0.029485098159689468,-0.0027652034484561363,-0.0003346090972722478,-14.14999771118164,-0.2726921926694883,0.020383656380660864,0.007444839232910001,0.00406398313047275,-0.024716974698786327,-0.0024517772400029286,-0.00028533341003498185,-3.3600001335144043,-0.4296675268231567,0.0020149450064632117,0.0007630228044499957,0.0005162478605371962,-0.0016993647484443424,-0.00012670531853349755,0.0
2,GEy,Ethylene,20,4,-4.939998626708984,-0.12122696016463766,0.018453694429426834,0.003989239143314678,0.0015604440288677218,-0.0188744105165725,-0.0018924137190328765,-0.0002323923876621886,-2.1700000762939453,-0.09030378752755952,0.008973514006474477,0.0016151719479365668,0.0007113412989895319,-0.0078937274109052,-0.0007440249920331236,-5.4747066358576446e-05,-4.340000152587891,-0.17570850277461303,0.007822487818799153,0.0025238623848644376,0.001297215171852572,-0.0067524905262297845,-0.0007190475880802211,-8.671107157293508e-05,-1.3799998760223389,-0.2936170068139018,0.001794624027154108,0.0005012877405958177,0.0003059126765955248,-0.0015409296075742569,-0.00011279563406638315,-9.999752044677734e-06,-21.06999969482422,-0.21690343655766492,0.05623346311548075,0.013767420729637441,0.006122747968293293,-0.06668946120854598,-0.0067702486510779255,-0.0005785069889805237,-7.600002288818359,-0.15956334491678187,0.02376578359899769,0.00523466707043771,0.00226761055751074,-0.029735175374456656,-0.003169095950194827,-0.00025710775301963093,-14.5,-0.28144409687820493,0.023040025289839918,0.00747826896938558,0.003970605496131564,-0.029849824392290673,-0.003135338234779673,-0.00026675208184647755,-3.1399998664855957,-0.40992166175387434,0.001991917692724711,0.0007219769243607806,0.0005054170914790155,-0.0015587805865521149,-0.00011557264366740746,-5.984871583250257e-08
2,GEy,Ethylene,30,1,-8.64999771118164,-0.20286111245305435,0.015934697277156882,0.004843742885893763,0.002618411015075019,-0.017937957958388043,-0.0017979831728983508,-0.00019918352982473668,-2.770000457763672,-0.11035858229741888,0.007334512185741276,0.001795234109182944,0.0008617205493463782,-0.008736460853989807,-0.0008264613885558195,-0.00010321980848144895,-6.090000152587891,-0.25113402691084086,0.006523819569030633,0.0029027853231166933,0.0017523325660234004,-0.005133035355410697,-0.0006145923560965255,-5.9201785376196604e-05,-0.8599998950958252,-0.3028168736221148,0.0016346813604743013,0.0003455169239862052,0.00020012227212527412,-0.0014989609214701338,-0.00010246143219760859,-5.696106680814534e-06,-39.40999984741211,-0.381178064416914,0.06133350746483188,0.017041007331839435,0.010055679169024577,-0.07576367458168111,-0.006264597532144982,-0.00039084134093615583,-9.180000305175781,-0.17739131024494265,0.02856395042978504,0.005186915562316749,0.0027437136358527884,-0.031441985856958926,-0.0031281831123174814,-0.00027738254224238154,-20.859996795654297,-0.3868693899115969,0.0216853668582574,0.008762482687233463,0.00536035512833193,-0.03704306775624346,-0.003097479019020449,-0.00016682316928156432,-2.81000018119812,-0.46141216925980466,0.0018343728690050924,0.0005828106765988287,0.00041988859044103026,-0.0016066359494829765,-0.0001243740610999843,-1.0000228881835938e-05
2,GEy,Ethylene,30,2,-6.749998092651367,-0.17866591611300714,0.012840672471364951,0.0043897862685157545,0.002093269522795224,-0.01616812251580724,-0.00173908928816284,-0.000211676934959044,-2.1800003051757812,-0.10013781623042384,0.007685826338635743,0.001671257154729832,0.0007288613629810582,-0.007610649263545015,-0.0008438723929908145,-6.63991159574244e-05,-4.989999771118164,-0.23241732327463788,0.006377461688526183,0.002774682707823652,0.0015305717584126837,-0.004998381287958453,-0.0006371526170885378,-9.124291980673659e-05,-1.0799999237060547,-0.33027520795276893,0.001783459981580875,0.00041650556415973364,0.0002611586352108299,-0.0016340272558644816,-0.0001270232192052269,-3.653337403576542e-06,-29.12000274658203,-0.3181123274562104,0.046432006025698344,0.014214238062181347,0.00793832318857519,-0.06261712084419667,-0.005646560795683844,-0.0006896939815324749,-7.619998931884766,-0.16721525088687317,0.019964501487689554,0.0045988896076391145,0.0023734529973514816,-0.024456831333218243,-0.002479545928094165,-0.00022025506065666465,-16.950000762939453,-0.3541579721433051,0.02076655809221547,0.007794248343648776,0.004616866347640458,-0.027547384294949556,-0.0032366093642941,-0.00026316014596312,-3.3299999237060547,-0.4770773516628261,0.002082311784006756,0.0007812343887568401,0.0005186220244625937,-0.0015194490815480738,-0.0001078875765702766,-1.192303235201541e-07
2,GEy,Ethylene,30,3,-5.720001220703125,-0.13951222489519818,0.01800068764710098,0.004055838652148253,0.0018849204726205037,-0.018044525789487273,-0.002040574310550464,-0.00021650647747455018,-2.3800010681152344,-0.10232162702904869,0.007342900727244493,0.0016340741881852466,0.0007613197164269656,-0.008339076591426773,-0.0007362343447937537,-0.00012025395878399362,-4.75,-0.20456503619567887,0.006642231282669093,0.00280813528253543,0.0014651454217482272,-0.005017533612779417,-0.0006790538511224128,-8.091650744724027e-05,-1.1000001430511475,-0.3179191129836693,0.0018770567513425845,0.0004309653627534884,0.00026504591214031304,-0.0017233614582221393,-0.00014864581273138763,-7.2703974263403316e-06,-26.019996643066406,-0.2536803814027836,0.046324609858373944,0.014528516881941903,0.00756839766599212,-0.08049084865868888,-0.007881210525278806,-0.0007980263522603661,-8.479999542236328,-0.1724979570495815,0.02203286575923136,0.0051740530774999375,0.0026151733187407995,-0.030559741268601975,-0.002929535583346995,-0.0002733905792943637,-16.5,-0.3172466935683146,0.02243148572173228,0.008799400200022709,0.00470053385240722,-0.03288744687371016,-0.003181864191338661,-0.0002239189799910507,-3.9699997901916504,-0.5031685497302788,0.0021066025694035104,0.0008677620887041395,0.0006011182841339116,-0.0017339111584015652,-0.00013172696820997777,-9.999752044677734e-06
2,GEy,Ethylene,30,4,-6.109996795654297,-0.15023351538579,0.017919421871288258,0.004151174011582389,0.002006969258792456,-0.020100000496861628,-0.0021528689533499503,-0.0002689275522656152,-2.799999237060547,-0.11637569822160744,0.008305463515721773,0.0016825071372024098,0.000872904802646481,-0.009212378207885175,-0.0009158755683303081,-9.681607779596073e-05,-5.270000457763672,-0.2137064270224122,0.006589704718325539,0.0029161394502930553,0.0015825545114050003,-0.006029425829846911,-0.0006757828862087222,-0.00010153482866279444,-1.7100000381469727,-0.36460554739532536,0.0020316089704330615,0.0005795845610913319,0.0003728752093506088,-0.0015008899059370273,-0.00014551262939192338,-6.571456728213736e-06,-25.43999481201172,-0.2628913474684356,0.05406304276285173,0.013624920530299263,0.007419223961773438,-0.0719564845506465,-0.007189152673900026,-0.0007881265809555387,-9.59000015258789,-0.200459868770906,0.023515112146550908,0.004785643713917738,0.0027212323870397163,-0.029641660637722764,-0.003271507974008752,-0.00037654867712545357,-17.240001678466797,-0.33540858300922016,0.024314669300187122,0.00839457648502356,0.0046260791311909365,-0.027704586904168157,-0.0026262323364987673,-0.0003122778635585877,-3.700000047683716,-0.4836601309226525,0.002633821027696604,0.0008274578547072131,0.0005769568800577439,-0.0018612708495480573,-0.0001558892322016812,0.0
2,GEy,Ethylene,40,1,-9.790000915527344,-0.23248636365777556,0.014049180401391203,0.005067755760396415,0.003005248707530962,-0.021971902717206247,-0.0019485139412836526,-0.0002623379462095898,-3.3400001525878906,-0.1337069741310683,0.007448547075497332,0.0019160718403487171,0.001030334795331843,-0.007999922942786716,-0.0008522504946672859,-0.00010155347689499734,-6.820001602172852,-0.284759974318089,0.007961055833948304,0.0033686706521744553,0.0020027552758947556,-0.005739902778930337,-0.0005805760947104877,-7.466290437039367e-05,-1.0099998712539673,-0.353146821084106,0.001444019785036907,0.0003740883572283915,0.00022955014025391975,-0.0013133708829438308,-9.886837848489643e-05,-5.122582960798898e-06,-42.87000274658203,-0.42128539550530003,0.051422661478647214,0.017360711901855078,0.010904027980586114,-0.07126608036970898,-0.007098236451261848,-0.0005326856824229031,-10.610000610351562,-0.20650059147110034,0.023140580089531994,0.005828180669955227,0.0030998201569894268,-0.03348104021339054,-0.002793029680536731,-0.0002958738152969828,-22.760000228881836,-0.42830260614032745,0.020254544230199914,0.009510067814788917,0.005854774914862042,-0.026987794057547837,-0.00260163690411535,-0.00018738834268519758,-3.0900001525878906,-0.5073891749041785,0.0018593291768127297,0.0006311640477774147,0.0004219053561170189,-0.0015811929439255247,-9.999990463256836e-05,-9.999990463256835e-06
2,GEy,Ethylene,40,2,-8.040000915527344,-0.20948412432970712,0.012524295579314709,0.003894078279845509,0.002294052445406037,-0.01785562901994353,-0.0018349489912395974,-0.0001817776161667905,-2.739999771118164,-0.12454544414173473,0.00600207423796136,0.0016021208041850734,0.000827813952367296,-0.006645218542508986,-0.0006682613271369927,-7.448699810460663e-05,-5.8600006103515625,-0.26893071886820263,0.0063133776446778495,0.00269536763069259,0.001646699393750301,-0.0052267012562436845,-0.0005176459509369604,-5.941496747725426e-05,-1.2300000190734863,-0.37614679701771164,0.0019120357935072368,0.00047486529293376843,0.0002887356547303792,-0.0013339609005116751,-0.00010750617641504429,-1.1526265993369318e-05,-32.89999771118164,-0.35422048540134865,0.04568109415109432,0.014560203045541564,0.008582756932038223,-0.06564774131080443,-0.006447482078001368,-0.0005893117210231825,-8.889999389648438,-0.19338697310377104,0.028575810522023445,0.004801823100261168,0.0026944781663119474,-0.02656164887356602,-0.0025590638250683876,-0.0002210216269723784,-19.209999084472656,-0.39510488495454965,0.018893791276931117,0.008141702080435543,0.004960909725491716,-0.024376173445726325,-0.002289562551589836,-0.00017821960912091535,-3.620000123977661,-0.5186246581784643,0.0023542261687325935,0.0007848316713735955,0.0005862794355744966,-0.0014252441003584821,-0.00010458241877216568,0.0
2,GEy,Ethylene,40,3,-6.840000152587891,-0.17264008927277638,0.013680898242545432,0.004247997207899878,0.002175627273615315,-0.01648563175467053,-0.0016845492618352959,-0.000287337889376419,-2.779998779296875,-0.12284573055205987,0.007051495855175976,0.0017267567770839634,0.0008740893277872201,-0.007173556260874245,-0.0009545573519336233,-0.0001571063517629944,-5.399999618530273,-0.2404274193520993,0.005831047434592694,0.002905587765741448,0.001647971007804964,-0.005456353048686032,-0.000762026585329304,-0.00015606549167390183,-1.2799999713897705,-0.3742689891331324,0.0017560344308275317,0.00046682827103045537,0.0002911176776688533,-0.0016443388724245041,-0.00016031914074012086,-1.2390911505002973e-05,-29.55999755859375,-0.2985255358586563,0.04959001136266015,0.01562271588590069,0.008591470686222069,-0.07395741104980148,-0.008041483658996835,-0.0009156856726378283,-9.919998168945312,-0.20593727519260382,0.01888471380799739,0.0053852918647070164,0.0028352640012426177,-0.026612228031560277,-0.0027614015603086,-0.0004054009430310437,-18.380001068115234,-0.3643211256721561,0.02102885358475687,0.009235423609013353,0.005040375197403039,-0.024014832319138257,-0.0023179729448174896,-0.00025825949133335117,-4.18999981880188,-0.5469973762750725,0.0020734492430318514,0.0008735241760170785,0.0006060293100825618,-0.001704225004671388,-0.00015101780527946397,-1.998950433731124e-08
2,GEy,Ethylene,40,4,-6.970001220703125,-0.17171720114563094,0.06711012436398643,0.008425781232271149,0.0029709889241473606,-0.022347677420654105,-0.00230682281683792,-0.00024107552957994244,-3.269998550415039,-0.1359101672069368,0.02516017357032377,0.004026732940414401,0.0013861382374075755,-0.008742009839498669,-0.0008185918171198758,-8.471306833492234e-05,-5.909999847412109,-0.24034159458067883,0.060293931266815516,0.006913791664153254,0.0024067989737876993,-0.00799234102214803,-0.0007714366530724011,-6.386807447872884e-05,-1.929999828338623,-0.4123931408398713,0.0075306748700765865,0.0011880598331029794,0.00045412535421262835,-0.0015060291628360648,-0.00012565969258718427,-4.421708438532857e-06,-28.899993896484375,-0.29864622195949064,0.2879099021037072,0.03173310556014167,0.011182976098814277,-0.06837858870794368,-0.007493746658793893,-0.0007598811536434447,-10.900001525878906,-0.22784284053329532,0.05831557167406903,0.012059904180565495,0.004041684271993014,-0.025988865154109676,-0.0028694127719046682,-0.00025397246076648013,-19.15999984741211,-0.37363495131648716,0.2236401156879634,0.026102395319816063,0.007044496941002321,-0.03006811638889214,-0.002861117052108049,-0.0002108104421859526,-4.090000152587891,-0.5332464291922316,0.009670178188855568,0.0016131853390453559,0.000640649866379902,-0.0018119341897668115,-0.00011525505290586202,-1.0000228881835938e-05
2,GEy,Ethylene,50,1,-10.999998092651367,-0.26171778282491276,0.0169968861568951,0.00585208872796781,0.0032025806487333084,-0.024406839278987662,-0.0024717053210522744,-0.0002694447430134239,-3.8400001525878906,-0.15490117026105824,0.009342935267939806,0.002298872010069622,0.001107354056243469,-0.00983559636470685,-0.0010998023666430447,-0.00011700394319898652,-7.5,-0.3142019160582848,0.006703054438536975,0.003603285604671335,0.0021246893565736173,-0.005353919618632307,-0.0006597850002579841,-8.564661372428415e-05,-1.0799999237060547,-0.3789473543316809,0.0015533979054169187,0.00039975033501359926,0.0002397571662246146,-0.0014644278054573555,-9.91570691741917e-05,-6.06769089037651e-06,-45.810001373291016,-0.45195344413418037,0.04102925099808072,0.018428417371317504,0.011313204767496397,-0.07198948269615478,-0.007278618600458196,-0.0007210203775780329,-11.930000305175781,-0.23382987452248058,0.018450056862610135,0.005787864974337756,0.003305488341417588,-0.03286156168526328,-0.0036873086953888023,-0.00040466447806120206,-24.31999969482422,-0.45982227217767935,0.020308287538920985,0.009636868468593239,0.006069135277775594,-0.030014426427864747,-0.0029496142305095114,-0.000298137014509479,-3.1399998664855957,-0.5147540845207165,0.0018160695995340236,0.000643432254349501,0.00043839775012208823,-0.0013128366812516909,-9.999990463256836e-05,-9.999990463256835e-06
2,GEy,Ethylene,50,2,-9.010000228881836,-0.23754284620061988,0.014890262068797448,0.004556335218026375,0.002650151732799487,-0.02139386117825251,-0.0021422762495770867,-0.0002795940315878725,-3.0799999237060547,-0.14147909319899243,0.008318900500370402,0.0018116767612143753,0.0009758736537112343,-0.007335900131074473,-0.0007313137633510221,-9.242235945691912e-05,-6.409999847412109,-0.29813952778660974,0.005781147925424047,0.002971467398037173,0.0018321575687947223,-0.005082347893185799,-0.0006336012632887138,-0.00011926223362640065,-1.3700000047683716,-0.41768293192633416,0.0020397446161027778,0.0004875042169477751,0.0003101522716277705,-0.00135079890083897,-0.00010356752628649898,-2.4167984211470716e-06,-35.85000228881836,-0.391632094497143,0.04657765560978132,0.015304961765273808,0.00941134652915047,-0.055312016292373124,-0.006590805822065517,-0.0006906863568210289,-10.110000610351562,-0.2223444103570496,0.01713686673062977,0.005118777994902856,0.002862650268724596,-0.030631089672424377,-0.003249307655049841,-0.0002836247220328507,-20.73000144958496,-0.4321451099033578,0.018121611827690176,0.008811394839095966,0.005306860989080101,-0.023557686669155607,-0.0022397228415839705,-0.00017947025222279537,-3.870000123977661,-0.5560344975239409,0.0019761537382141084,0.0008058609803096475,0.0005645802647355986,-0.0015822879354381223,-0.0001263442825252539,-9.999752044677734e-06
2,GEy,Ethylene,50,3,-7.75,-0.19288202939614424,0.01635938406867335,0.0047219646257760884,0.0025665771359704333,-0.02469437255365453,-0.0024044383813439756,-0.00027800362852459405,-3.1800003051757812,-0.13880402995877764,0.0065795783860866375,0.0019090702015529181,0.0010633077335433917,-0.007829650945534703,-0.0009390715578166423,-8.112913227880541e-05,-6.079999923706055,-0.26713531909330546,0.006487161745485911,0.0031017113874342197,0.0018614946280327794,-0.004747142047507041,-0.0006278523621176071,-0.00010893702510232902,-1.4200000762939453,-0.4127907129865905,0.001612861194279466,0.000500532836888304,0.00031907864174879504,-0.0014568235761100844,-0.00013023535241370274,-9.999990463256835e-06,-33.08000183105469,-0.33020564713799083,0.043734838751113336,0.01683188759704391,0.009572372678199862,-0.07110560291500437,-0.007010290573048818,-0.0006964209610821181,-11.060001373291016,-0.2270115167524086,0.02501764251026251,0.006277591468783261,0.0033666836398627328,-0.031033467255010782,-0.0028837387467080845,-0.0003286101006414224,-20.290000915527344,-0.39753135876913237,0.02004679409916316,0.009160026040189352,0.005606690988490234,-0.02640810948241234,-0.002581907861007003,-0.00028283731263044457,-4.529999732971191,-0.5867875461248857,0.0020508822739989177,0.0008901307204868292,0.0006382693351124377,-0.001849660190680919,-0.00014083984063389073,-9.999752044677734e-06
2,GEy,Ethylene,50,4,-8.229999542236328,-0.2015181075290672,0.01699743353713599,0.004983884109554237,0.0025566626971071003,-0.017989355017094054,-0.001947721225078028,-0.00022209866834956276,-3.779998779296875,-0.15710718467170257,0.008470314418551974,0.0022205373677260678,0.00116891106529245,-0.010014185713225864,-0.0010545546466661229,-0.0001271347152832937,-6.780000686645508,-0.2740501515509543,0.007059556681503288,0.0033899974640440966,0.0019743338084417337,-0.007633611423001278,-0.0007376219849919718,-0.00011450148868708405,-2.129999876022339,-0.4551281953312546,0.0019715114118652203,0.0006590248510351972,0.00045201638439688034,-0.0014249054976809214,-0.00011324353419306611,-3.3691087581301037e-06,-32.81999969482422,-0.33658085299774326,0.050814578984400276,0.01609879384814252,0.009091934023838729,-0.0703335242900579,-0.006997315589304394,-0.000832732216917712,-12.040000915527344,-0.2521994238001463,0.02329111978256358,0.00617774227794694,0.0034261139596954483,-0.03148715032342616,-0.002856202466379863,-0.0003061435805889945,-21.34000015258789,-0.4122078416823279,0.025473335283705906,0.009435746118566832,0.005563884374354191,-0.029937662433147424,-0.002665563751263709,-0.00018066286444235976,-4.400000095367432,-0.5736636312386402,0.0020877795663936374,0.0009021845303879945,0.0006631889297002431,-0.0019665589660134257,-0.00011193778132684007,-1.0000228881835938e-05
2,GEy,Ethylene,60,1,-12.020000457763672,-0.28483412892067483,0.016477254964871377,0.006022928839526623,0.003582583773403144,-0.01920394863170793,-0.0022821293609984993,-0.00020464869199124692,-4.159999847412109,-0.16733707744479737,0.00685118860158374,0.0022061399088845867,0.0012638061996431789,-0.008454228736299495,-0.0007830816970595729,-9.848320492458822e-05,-8.199999809265137,-0.3419516249290312,0.006211378471627088,0.003703451881782106,0.0023516451527430325,-0.005242648765874098,-0.0005783093068177524,-0.00010041265422563048,-1.1699999570846558,-0.4134275578186132,0.0013355623048859223,0.0004130433402627183,0.00025791562546718835,-0.0015032597139268836,-0.00012586887407634278,-3.1146249961402918e-06,-49.4900016784668,-0.48634041508973647,0.04241867271487042,0.018977848958462256,0.012278824897497783,-0.07703804297509048,-0.00752948984950065,-0.0006095090111537329,-13.09000015258789,-0.25536481820540885,0.020751292455918054,0.006427265319176938,0.0037102636296938974,-0.029136886132991358,-0.0030464396570755916,-0.00025644022165178143,-26.170000076293945,-0.49247272067887543,0.023428951925721607,0.010259376688681321,0.0065792933017550514,-0.02998586660825839,-0.0026326457415339084,-0.0001567139530393232,-3.4200000762939453,-0.5634266852677668,0.0020131893577351513,0.0006818611578624857,0.00045761570704516826,-0.0015017201234261458,-9.669238724608688e-05,-9.999990463257645e-09
2,GEy,Ethylene,60,2,-9.459999084472656,-0.25086182217299163,0.012324395093171323,0.004865219691965008,0.00286720650005652,-0.01574838001073598,-0.0015522043816607542,-0.0001111525652717369,-3.3799991607666016,-0.15554529369395242,0.00602583029473142,0.0019201869498304018,0.0010517619566316164,-0.0062813783007458455,-0.0006478316868896439,-7.395068807423959e-05,-6.790000915527344,-0.3166977960071116,0.006064215025895086,0.0032541752947183654,0.001993526098689132,-0.004624924277930167,-0.0005750668467382089,-6.498207121032244e-05,-1.4700000286102295,-0.44817074433917603,0.0019226406823716956,0.0004947462776802761,0.0003287189255960857,-0.0014060023722683827,-0.00011378039899485662,-3.194056437544808e-06,-37.78999710083008,-0.4143640171641305,0.04888192888692116,0.01633156969799945,0.009992924419349732,-0.0610294978166758,-0.005944889674630553,-0.000464011799165416,-10.880001068115234,-0.2392786623274032,0.02241927267612882,0.00549619587929822,0.0031707670392179827,-0.025767521083854418,-0.002462334454961762,-0.00022401929238907348,-21.76999855041504,-0.4558207561870822,0.01622428609875591,0.008922634179543485,0.005588095695178064,-0.024967643224457492,-0.0021597404750196493,-0.0001268548730088782,-4.120000123977661,-0.5860597440992081,0.002206480443494362,0.0008373834329359808,0.000587909538999126,-0.001652958886039744,-0.0001250634039142846,0.0
2,GEy,Ethylene,60,3,-8.30000114440918,-0.21162674365312983,0.014405524800990022,0.00480263288314668,0.002671649355592,-0.015793704402772717,-0.0015435305914146063,-0.00015435788637433516,-3.4200000762939453,-0.1526785774346518,0.006728157584745932,0.001934559446576108,0.0010492200684252579,-0.008585576873178173,-0.0007050532286456534,-6.63856412152586e-05,-6.359999656677246,-0.2862286162562934,0.005939770770918966,0.00324281869926594,0.0019287854927908766,-0.006043090218427225,-0.0005775753689070921,-6.430715039522072e-05,-1.4900001287460327,-0.43952804797572437,0.0018542651052288236,0.0004934528545384398,0.00032932231447389636,-0.001592045401914624,-0.00013731653234899096,-4.429359613397381e-06,-34.769996643066406,-0.3552308706450463,0.045881933629826094,0.0170574527462031,0.009888529093046286,-0.0706182410411073,-0.006281266101547436,-0.0003465083064039467,-11.799999237060547,-0.24665550166019867,0.019515576692217936,0.006034644155024389,0.0033074825109449084,-0.02747389201746045,-0.002382841969330221,-0.00017364136212659617,-21.119998931884766,-0.4225690101104743,0.019982789679046736,0.00954971220176408,0.005730685420452319,-0.026527478194099816,-0.0023499627669228413,-0.00015760587550438268,-4.640000104904175,-0.6097240503938544,0.0020647625872407,0.0009150634448182881,0.0006342639253601534,-0.0016518117331154034,-0.00012096108028333622,-9.999752044677452e-09
2,GEy,Ethylene,60,4,-8.819999694824219,-0.21864153845964718,0.01730397834114315,0.005393203805974579,0.002690990237904284,-0.0182929013411229,-0.0016073133831425136,-0.0002548949222153716,-4.119998931884766,-0.17252927456771755,0.008809450634735597,0.002244550266968993,0.0012579313395383862,-0.008641757114536791,-0.0008749778482702517,-0.0001079752315484299,-7.159999847412109,-0.29308226598323783,0.007340787611825774,0.0036387705710524336,0.0020842979120928497,-0.007994671200608582,-0.0007940504704039738,-0.00010238620022963806,-2.2799999713897705,-0.48822268397030744,0.0020625235337254104,0.0006974171406123997,0.00047525940119983855,-0.0014599175722394802,-0.0001196002601326621,-1.1527647219407364e-06,-34.28000259399414,-0.35693463418586757,0.057239239203997774,0.017158750772337528,0.00963414497617871,-0.07461372901922393,-0.007175258370549397,-0.0006786263698949533,-13.040000915527344,-0.2737770443649362,0.023502131112295276,0.006441727751563442,0.003729620434805674,-0.02840040512242788,-0.0028173638027718566,-0.0002523798473723567,-22.05999755859375,-0.43322856150547795,0.028577472853971324,0.009668786813107113,0.005756779177023429,-0.03540560834704325,-0.0037464177898482486,-0.0003887885554062543,-4.599999904632568,-0.6005221927238881,0.0021599641140367058,0.0009338897010114323,0.0006768454332455353,-0.0016985578789163948,-0.00010313012667580436,-1.9970487067713514e-08
2,GEy,Ethylene,70,1,-12.700000762939453,-0.30404598093747304,0.01489594378733329,0.006079446639230131,0.003714031730200899,-0.015382599417120342,-0.0016524776667167583,-0.0001385124674243434,-4.620000839233398,-0.18727202371080975,0.007844510028374718,0.0023621097759813367,0.0013661562119770994,-0.009605759019287452,-0.0008495717147365172,-8.030129916787463e-05,-8.610000610351562,-0.36237375957116125,0.0069632369242984575,0.0037402068790551505,0.0024282232477842,-0.004647736717761682,-0.0005511546103155343,-4.0700932861725475e-05,-1.2499998807907104,-0.44014081639728864,0.001690995500926361,0.0004293629553555135,0.00027152614459032893,-0.0013888966874132298,-9.70329124480485e-05,-3.811528468017129e-06,-51.209999084472656,-0.5072305819022992,0.04548504298298679,0.018748483419170847,0.01248125694072217,-0.07450731843539449,-0.007298932225357762,-0.00023354399814157082,-14.170001983642578,-0.2783890286611912,0.02537726657877276,0.006950195902826941,0.003955367541604074,-0.02743118737110454,-0.002348376363214252,-0.0001722870235136549,-27.17999839782715,-0.5151629882962684,0.0233275165666458,0.009873441975347449,0.006694994338858109,-0.02547443810351249,-0.002336856512373622,-0.00012686430799660974,-3.5400002002716064,-0.5774877869793432,0.0019583482717400406,0.0006861122198383515,0.00046941345502631146,-0.0014099722096588196,-8.089901151834087e-05,-1.9990457534789735e-08
2,GEy,Ethylene,70,2,-10.170000076293945,-0.26862123381776426,0.013067707303670916,0.005360693656573859,0.003113459760730426,-0.015637679916899797,-0.0016930513228269686,-0.0002073175992677598,-3.6599998474121094,-0.16765917820446585,0.0066874778254074055,0.0021150287942843056,0.0011452749828679966,-0.006668785548106327,-0.0006520118176989341,-7.336066795294109e-05,-7.229999542236328,-0.3362790484761083,0.006083008690542483,0.0034431223991532693,0.002145500933679356,-0.005181498445667201,-0.0005108423743030278,-6.627579794105169e-05,-1.5499999523162842,-0.47400610439059115,0.0018401981341452846,0.0005185635093560261,0.00034732130533076793,-0.0015932445851987113,-0.0001203761675969441,-7.667199945709666e-06,-40.02000045776367,-0.4371859302764693,0.043504355505500546,0.0175803583910472,0.010733285950038453,-0.06481699118228672,-0.006663509524863797,-0.0005066573079383096,-11.729999542236328,-0.25572269054671093,0.01842427672331248,0.006084419518694815,0.0034201068227141342,-0.029472401700896277,-0.002928929563707203,-0.00023298655645566236,-22.910001754760742,-0.47759018494402566,0.021700251277039985,0.009302964616072464,0.005963628929573842,-0.024257400510704824,-0.0023219232041178043,-0.00016010227170746734,-4.259999752044678,-0.609442044568654,0.0021755076274006155,0.0008459165444406596,0.0006459300824770619,-0.0016504274094303129,-0.0001056068279823623,0.0
2,GEy,Ethylene,70,3,-8.879999160766602,-0.2282189461729645,0.013160844909856912,0.005234010972678205,0.002820438959899518,-0.01824100901951771,-0.0018235597136499369,-0.0002578700835318607,-3.6700000762939453,-0.16509222455542816,0.006696983049616415,0.002142301812188226,0.0011730001107160817,-0.007735777095796622,-0.0008569364914713964,-0.00014192747923874363,-6.779999732971191,-0.30692619674685245,0.006748740410214433,0.0034600933061631456,0.002026423638741888,-0.005129615073569102,-0.0006564913704009104,-0.0001282154128251845,-1.5800001621246338,-0.4674556534404082,0.0018310479874052259,0.000522545851371472,0.00033878471930812144,-0.0014864169133126201,-0.00012637014658187923,-9.999990463256835e-06,-37.060001373291016,-0.38006358897946463,0.051352276806897176,0.01917820914141167,0.010450865042352679,-0.06566085011315186,-0.006290740594658947,-0.0007852921459398253,-12.720001220703125,-0.2670585961674107,0.021907319771587625,0.005913645575732833,0.003598750634254963,-0.025828852679275805,-0.002501827074513013,-0.00031473441365270573,-22.35999870300293,-0.4483657345480089,0.02187845782773235,0.009975971940655453,0.005981002313144023,-0.025769693331650606,-0.002684021745462429,-0.00028375909973925843,-4.870000123977661,-0.6349413397047564,0.0020349243624262266,0.0009185516048933068,0.0006409640834764324,-0.001869936374234252,-0.00012168230503940112,-1.0000228881836145e-08
2,GEy,Ethylene,70,4,-9.649999618530273,-0.23628794276384904,0.01696599489693753,0.005608668374591938,0.003017845801124308,-0.022351233771660536,-0.0022684429660012294,-0.0002045551621705329,-4.60999870300293,-0.19160427287326065,0.008476604174843846,0.002290970439822621,0.0014079374383366447,-0.011785921863355451,-0.001167515527814153,-0.00014141380842852522,-7.760000228881836,-0.3136620978445187,0.007993092000049922,0.003674573343904207,0.0022662384415935797,-0.007708368206622523,-0.0007334755942317362,-9.755305913345304e-05,-2.429999828338623,-0.5148304949903304,0.0020846434849705418,0.00071234621936949,0.0004960982164481636,-0.0016438555642304033,-0.000148370029453859,-6.064769181414628e-06,-37.060001373291016,-0.38006358897946463,0.05568142951139617,0.019031938038850352,0.010364508402176583,-0.09464564849187863,-0.009106744332983592,-0.0008443288160647382,-14.150001525878906,-0.29639717277725375,0.02535947639394165,0.007161758727038255,0.003990363654163541,-0.02676656863872816,-0.002711855343656097,-0.0002950459722331886,-23.670000076293945,-0.45721460048286094,0.02265370049141786,0.010043556717340446,0.0062003030761812366,-0.030469926653947647,-0.0026550335567570387,-0.00021575632377175656,-4.859999895095825,-0.6270967606575258,0.002145433599785089,0.00096324205456114,0.0007019007905321869,-0.0022113409317261325,-0.0001527551937965048,0.0
2,GEy,Ethylene,80,1,-13.669998168945312,-0.31650841869885343,0.017360334349269285,0.006451393874374626,0.004064208985709018,-0.02101153505444353,-0.0023781932898723534,-0.0002499050045881951,-4.829999923706055,-0.1938980310434583,0.0065264226868534565,0.0023706992452834095,0.0014975604584869433,-0.009593241431487806,-0.0008707517317381483,-0.00012908099627277853,-9.280000686645508,-0.37862099551146633,0.007085766573318428,0.004117843526345162,0.002635293423859431,-0.004985237400739464,-0.0006380119797223045,-6.385421406237101e-05,-1.3199999332427979,-0.4631578868115705,0.0016151558932800281,0.00042802836117681816,0.00028599535643340253,-0.0015869804085619664,-0.0001020867152351003,-6.165439623386565e-06,-55.2400016784668,-0.5278547622840358,0.054442752488717605,0.021140212473853504,0.013679590308500127,-0.078193440689886,-0.007830313570201945,-0.0007211997321256874,-14.90999984741211,-0.28951456014392446,0.02604658162748312,0.00743733793075697,0.004239902438639825,-0.032291153703860084,-0.0033137311905827352,-0.0003372265546732744,-29.130001068115234,-0.5336142331322983,0.02131952207531558,0.010695335229031672,0.007243774263876149,-0.03418300264871957,-0.0029459757064410255,-0.0002539362731531359,-3.6600000858306885,-0.6009852207106111,0.0019272059146660588,0.0006843128724137503,0.0005128062875099722,-0.001878114862902904,-0.0001094182761364075,-9.999990463256835e-06
2,GEy,Ethylene,80,2,-10.969999313354492,-0.284713201684526,0.014029211669844794,0.0054481907244567605,0.003203624772900065,-0.021531403224125306,-0.001983924503310708,-0.00019491392887421207,-3.989999771118164,-0.1825251445431682,0.006354778154718169,0.0021020939687579694,0.0012058884204789251,-0.0072514182000790765,-0.0006797963302054373,-4.4776087896895755e-05,-7.760000228881836,-0.35498627686255296,0.006542133273445808,0.003521083547149508,0.0021989544823658664,-0.005331824718488248,-0.0006026385845536634,-4.877050554259515e-05,-1.600000023841858,-0.4892966462307189,0.0018726723364650712,0.0005289343040110238,0.0003565016525883502,-0.0015599260186805151,-0.00015485345362971977,-9.650507247884982e-06,-42.42000198364258,-0.45505257914780595,0.043723338910570696,0.017123541112985995,0.010923138473753261,-0.0563864130505263,-0.005464891127425516,-0.00038797090197917165,-12.290000915527344,-0.27148223528280624,0.017570779598567645,0.006014186356626021,0.0035212955021552265,-0.025696142433645885,-0.002508018871886653,-0.00018000030517578125,-24.339998245239258,-0.4982599591714149,0.01938365874085995,0.009571517912957489,0.0061450462880996235,-0.025293813641474202,-0.002413798421519752,-0.0001402397690784174,-4.440000057220459,-0.6262341271741487,0.0020619505166331736,0.0008501397651688127,0.0006611239600001553,-0.001717047812291731,-0.00011347491155457852,-9.999762500324237e-06
2,GEy,Ethylene,80,3,-9.750001907348633,-0.24859769515259178,0.014547999795081742,0.005517919927843688,0.0030179502768806175,-0.016201389095125772,-0.0016512990192015028,-0.000274589150068216,-4.1100006103515625,-0.1840573499504713,0.007665252470398063,0.0024148558555298627,0.0012658803015131496,-0.007145263676874685,-0.0007213021032938396,-8.935588783771895e-05,-7.2400007247924805,-0.32627312079963205,0.009266981146103755,0.003747445754728125,0.002155310735742609,-0.007497671406949986,-0.0006112535558368227,-0.00010670063962807031,-1.6499998569488525,-0.48961421750170714,0.0017582664140723138,0.0005345067750315285,0.0003521592511201641,-0.0014827526050708644,-0.00014709428308686066,-1.5516353160979504e-06,-39.28999710083008,-0.4014098713050186,0.05925504442465395,0.01991603602757292,0.011228212971650787,-0.06419668066056815,-0.006763494685402902,-0.0007417258065812618,-13.610000610351562,-0.28574428522241735,0.020350457678657008,0.006878511441658809,0.003915117182194949,-0.027181263138728987,-0.00279860647446538,-0.0002770768789907074,-23.479999542236328,-0.4697879103098873,0.027319505249309806,0.010233150038472687,0.006261914744070573,-0.03126204908373509,-0.0027741800630238095,-0.00019673264188875788,-4.909999847412109,-0.6494708842030598,0.002196861272691558,0.000927384620188757,0.0006504686290918878,-0.0019007772365351966,-0.00010886097014016078,0.0
2,GEy,Ethylene,80,4,-10.239997863769531,-0.25333988935301144,0.015478889165653738,0.005609944318658636,0.0031768083024988326,-0.018618007302281782,-0.0019788401505128703,-0.00026804808506175636,-4.970001220703125,-0.20751570197833857,0.01073590922024157,0.0025544511262096618,0.0014671333560125135,-0.00866586071645796,-0.0008764621755048197,-9.534708713480173e-05,-8.170000076293945,-0.3333333333333333,0.007298682606961688,0.003921633171047243,0.0023694379236865867,-0.008261973455169144,-0.0007189821344836708,-0.00014260950712113475,-2.5399999618530273,-0.539278119167983,0.0019972432195178207,0.0007223540555503713,0.0005098126767115895,-0.001681521860007681,-0.0001478039868042109,-6.735086303980889e-06,-38.86000061035156,-0.40311203314576155,0.05310554163944779,0.01865476364908871,0.010855074629594485,-0.07508361305502798,-0.006891412708175552,-0.0008337151579370243,-15.050003051757812,-0.31524931970302256,0.02383245605233307,0.006979968584864333,0.004117595204231133,-0.026119058201797257,-0.002354645567702964,-0.00024376289976762135,-24.779998779296875,-0.4832293168716149,0.024600886470014505,0.010566548531920024,0.006323907732283615,-0.02694754751919496,-0.0027288703568593207,-0.0003362217469557846,-5.019999980926514,-0.6477419330227759,0.0021235110715172026,0.0009879056437884838,0.0007026323924291725,-0.0019802235375051456,-0.00013930344888799727,-1.997951458501668e-08
2,GEy,Ethylene,90,1,-14.589998245239258,-0.3357109653150443,0.016373713697209046,0.007122593257339283,0.004394793716420671,-0.017949393435649656,-0.0018533452134796365,-0.00028799057472966047,-5.010000228881836,-0.20432300715131263,0.007616393246460482,0.0026460924191819466,0.001576564446696747,-0.008517998822621485,-0.0008607831903793329,-0.0001436458668864363,-9.839999198913574,-0.3995127703693883,0.007518902552314436,0.004425049209089396,0.002833334996130603,-0.006050620140511506,-0.0006345629281723883,-0.00012719920651265034,-1.3799998760223389,-0.48421049901763175,0.0013431562071817664,0.000451850598998131,0.0002966116767641686,-0.001328355973844928,-0.00010430176359422122,-7.285913859999616e-06,-57.43000030517578,-0.5487816480439698,0.053385250527244084,0.021246542901453547,0.014314658185678172,-0.08006116345104976,-0.007637125840044434,-0.0007267938390270621,-15.229999542236328,-0.30063165393030156,0.027793687866140372,0.007192134472208061,0.004494494734010643,-0.028770916530124868,-0.002699763489878771,-0.0003393328155396424,-30.149999618530273,-0.5522989473210504,0.021334576188540382,0.010929193352770495,0.007568450415713616,-0.025095627317177745,-0.00261319234673006,-0.00024370454431733857,-3.7400002479553223,-0.6222961906028333,0.0019236432937566788,0.0006897686028359765,0.0005199528345327274,-0.001872839316410656,-0.00011086185989136774,0.0
2,GEy,Ethylene,90,2,-11.750001907348633,-0.3085609596207101,0.013233273257348806,0.00574809481396699,0.003532963024387235,-0.015178586505907006,-0.0019182440073469515,-0.0002824193077340925,-4.439998626708984,-0.20218573824296704,0.007608700246962902,0.002200842330158237,0.001298668318118166,-0.008356685490039407,-0.0009268689356742937,-7.052170853667578e-05,-8.1899995803833,-0.37864077199035057,0.0065981541881292615,0.0036944945747202198,0.0023618540447525433,-0.004533759486431486,-0.000595031580332429,-0.00012612603482893542,-1.6999999284744263,-0.5182926656411275,0.0015689015663641426,0.0005421947707888719,0.00035781124132668003,-0.0013370858191724848,-0.00011583795619283206,-9.999990463256835e-06,-44.659996032714844,-0.4843817517454516,0.036555708390593585,0.01794690677988337,0.011580364104039627,-0.06364096805518006,-0.006188006267273438,-0.0007168935053775475,-13.729999542236328,-0.2980247369912364,0.02018272552459206,0.006258260371201883,0.0037382735375727748,-0.02072236105218766,-0.0019440083119792936,-0.0001865781782127351,-25.35999870300293,-0.5250517412750646,0.017374273821731276,0.009443163447481246,0.006395433987433992,-0.020545213936413943,-0.001979245405262657,-0.00027904502231804624,-4.559999942779541,-0.6477272681091443,0.00218884778407068,0.0008530384450405823,0.0006086948577304798,-0.0014531951250892792,-9.67926825086647e-05,-2.9969981418371576e-08
2,GEy,Ethylene,90,3,-10.44999885559082,-0.25853536192437426,0.01759459763536175,0.005945699978409623,0.0031892175818576444,-0.022325737255192945,-0.0022478728848945675,-0.0002016744489821376,-4.439998626708984,-0.1926246756472863,0.007340687775888084,0.0024284230025713206,0.0013389512763587943,-0.007209869072518543,-0.0007260516548326165,-8.617080407336186e-05,-7.809999465942383,-0.3410480172944051,0.006490105632913775,0.0036783465782385433,0.0022781780783035594,-0.005427041459512909,-0.0005962120642067591,-6.379911005332689e-05,-1.7600001096725464,-0.513119555515487,0.001833049935852385,0.0005493935445627709,0.00036668447425111916,-0.0014045568693761591,-0.00012734933682656942,-9.999990463256835e-06,-41.91999816894531,-0.4152139317460878,0.0629499399861234,0.02055762639931161,0.011590622614803741,-0.08320394717557333,-0.007578057154072243,-0.0004766917630412285,-14.71999740600586,-0.3001018885823737,0.01723990011523538,0.0068464359188995134,0.003996984727829371,-0.027483511628783812,-0.002748620784057215,-0.00019723178769312155,-24.950000762939453,-0.48540856074445077,0.024308519958403416,0.01058469702089901,0.006620766310552493,-0.026224609084237765,-0.002480180962705544,-0.00021522013603607725,-5.210000038146973,-0.6705276770831754,0.002054541858596423,0.0009455204765960238,0.000663821123992201,-0.0015263366681011162,-8.126496446500451e-05,-9.999990463257645e-09
2,GEy,Ethylene,90,4,-10.930000305175781,-0.26822086638468173,0.018380327314446027,0.006255507799738259,0.003372775410741678,-0.017386728165662883,-0.0020037169783453956,-0.0002402136629333018,-5.1399993896484375,-0.21497279056673702,0.007531124797324493,0.0026950349117002,0.0015500921251872316,-0.007896291646034918,-0.0008880430222780455,-0.00010546373259549776,-8.620000839233398,-0.34898787744845255,0.00835048248252829,0.004155990944531286,0.0024904645240485255,-0.007135673375130826,-0.0007582075751345953,-0.00012200532469014463,-2.609999895095825,-0.5553191491520313,0.0021226603252425154,0.0007402709989736538,0.0005205065745157366,-0.0015107624526108127,-0.0001427702048539466,-6.3463560880592075e-06,-41.12000274658203,-0.4217003573554802,0.0538871211867748,0.019561415172071342,0.011268385897096351,-0.07361699314053471,-0.007335094803226311,-0.0006636932484626093,-15.579999923706055,-0.3278619480981222,0.024220053686946005,0.006871361656648456,0.004339947496793479,-0.025229131972295912,-0.0024212911613433726,-0.000275371270347075,-25.899999618530273,-0.49913277940213424,0.020269527834309773,0.010498557502828519,0.006611279220447717,-0.03196720151236538,-0.0030115291499019925,-0.00028601348906424884,-5.140000343322754,-0.6623711587265498,0.0022185050284351505,0.0010064830014919486,0.0007125340226904327,-0.001643193049810675,-0.00011758480405551036,0.0
2,GEy,Ethylene,100,1,-15.079999923706055,-0.3536585398583981,0.015229383269062957,0.007020101189224946,0.004374561591167988,-0.023562132184016923,-0.001952383988950274,-0.0001332432033155631,-5.689998626708984,-0.2263324886575725,0.006994652249974611,0.002706985577163943,0.0016399206998073258,-0.007811860206534675,-0.0009270649727659563,-0.00010095547487182982,-10.079998970031738,-0.4163568505253127,0.007701517709969501,0.004285256910902269,0.0027871440141521175,-0.00511255700991678,-0.0005773302941796454,-6.046796449172452e-05,-1.409999966621399,-0.4964788764910291,0.0015781748346689,0.00045414453327553324,0.00030230345901252045,-0.0012083373293729196,-9.790571466371745e-05,-5.336477497655608e-06,-58.28000259399414,-0.5659351397765339,0.05182862777870509,0.02045523610384246,0.014075104803186116,-0.07429710674897716,-0.007080119919181374,-0.0004181432380138456,-16.779998779296875,-0.3242511841410024,0.022613281777523416,0.007598010611015811,0.004562265050593811,-0.03110986187481916,-0.0028414600279553317,-0.00026333257860381516,-30.780000686645508,-0.5722253237173746,0.01952348603659128,0.010947287734685668,0.007402567970495988,-0.025174330876629146,-0.0025779344122503077,-0.0002486609434692877,-3.809999942779541,-0.6307946964970942,0.0019431684875036712,0.0007121143502862424,0.0005282812058438969,-0.0014613050980348073,-9.093593721929015e-05,-1.9989980936050488e-08
2,GEy,Ethylene,100,2,-12.200000762939453,-0.32223984591283306,0.014727873037528086,0.0060503134877237415,0.003670053457001435,-0.01824669141402952,-0.001785829887915836,-0.0002239629681075374,-4.6399993896484375,-0.21284401614841902,0.007244998718789485,0.0023542404631835445,0.0013956980924654666,-0.007752745699167196,-0.000738379367111059,-8.848582120491828e-05,-8.429999351501465,-0.39264087662350067,0.006908821496630961,0.0038142192104898293,0.002423338579733593,-0.004570934040089075,-0.00048432941515171696,-7.967673647911675e-05,-1.7400000095367432,-0.5321100977632838,0.0015812215244817237,0.000540934221078954,0.0003646400808972819,-0.0015138534144503541,-0.00012209713868504917,-6.9043534447226745e-06,-45.76000213623047,-0.4998907764754948,0.03849187561344422,0.01830320472810127,0.01187644649643934,-0.09385974681779954,-0.007976412941477384,-0.0006038126131482221,-14.119998931884766,-0.3091745018173897,0.018647669783594556,0.006750872349480475,0.003967427064146003,-0.024185437847210126,-0.0026477994451460586,-0.0002105842346789527,-25.810001373291016,-0.5380446261517252,0.017385704261478955,0.00985455571104361,0.006532189632795663,-0.035188364086466195,-0.003121541711058189,-0.00017794896545234165,-4.569999694824219,-0.6537911079349253,0.0021782550851456553,0.0008582718700316612,0.0006038621513518348,-0.0017752463705623335,-0.00012168688252367019,0.0
2,GEy,Ethylene,100,3,-11.040000915527344,-0.27696941160257477,0.014845332015002342,0.006067296433720398,0.003431570042676495,-0.018124300821549158,-0.0021777620060235555,-0.00027090685667894177,-4.69999885559082,-0.20668420857067202,0.008716400070730154,0.0026021589461767284,0.0014392826446441669,-0.007895408220478841,-0.0008138110153546699,-0.00010820833996361636,-8.1899995803833,-0.36190896527217814,0.006916562318439231,0.0038428008225420774,0.0023865326905755002,-0.0053559311314479606,-0.0007439270342711295,-8.529493782976128e-05,-1.8200000524520874,-0.5306122498629441,0.0017642993590301459,0.00056222606122629,0.0003721134848698956,-0.0013999387896716528,-0.0001392927754631966,-6.777657363191923e-06,-43.959999084472656,-0.44052508949954794,0.05660958389635729,0.020011185864240996,0.012161642381490638,-0.07107409167598981,-0.007063069962662414,-0.0007857391125903816,-15.34000015258789,-0.3162886629399565,0.018646195553828546,0.00677315116964296,0.004242902822618091,-0.0251772401402478,-0.0025289129812788706,-0.00029673144374582465,-25.779998779296875,-0.5074802985526302,0.0211422753879875,0.01036635480856284,0.006717667606332695,-0.029997276831328485,-0.0027289682422993265,-0.00021411530507609627,-5.2799999713897705,-0.683053034716891,0.002128267518718584,0.0009574760667054177,0.0006580424436810449,-0.0015340730910530598,-0.0001010330757580868,-9.999990463257645e-09
2,GEy,Ethylene,100,4,-11.520000457763672,-0.2838137574392,0.017161287738790405,0.006298504552298729,0.003654989345736708,-0.01863973647930065,-0.002148068919121271,-0.00033373519499752143,-5.479999542236328,-0.22948072591391197,0.007401927364228716,0.0028511433635177393,0.0016438004188550294,-0.011414691653386516,-0.0011372646534646863,-0.00010686688502430588,-9.069998741149902,-0.36825006293940943,0.007531881506627087,0.0042439335428354355,0.0026162982312943127,-0.008182069022525343,-0.0007322458042911197,-0.00013688939259455478,-2.680000066757202,-0.5714285786907882,0.0021199636532770643,0.0007569735345783027,0.0005265914952679042,-0.0015260601594191707,-0.00010591471019939906,-6.5527418677868685e-06,-42.839996337890625,-0.44269916114500685,0.060656123094321224,0.018879253972869454,0.011928956242495537,-0.0686880135610461,-0.006741769620645052,-0.0008023458568866554,-16.470001220703125,-0.3465909314403701,0.020296105585777734,0.007322859550782747,0.004537831986306607,-0.026650364418089396,-0.002563020329285511,-0.00031277369679938953,-26.73000144958496,-0.5200389232698159,0.022573008383831448,0.010117028803024933,0.006786073467808352,-0.031062595751624095,-0.0033295584518416126,-0.00041113867119736924,-5.190000057220459,-0.6731517550637818,0.0022480930826134123,0.0009897216389283337,0.0007101218142597683,-0.001638067344567889,-0.00016285782245242827,-3.987928075784932e-08
2,GMe,Methane,10,1,-12.489997863769531,-0.3033762064432343,0.015246249399171337,0.005375273252142786,0.003117421736842215,-0.017747773821833734,-0.001834289791538537,-0.00022697219329489366,-5.69999885559082,-0.23543986250072088,0.008471618906920131,0.0026386586535500347,0.0013892664432660132,-0.008353894744314734,-0.000781796258751417,-6.999969482421876e-05,-7.590000152587891,-0.323943664264965,0.0057316644742726386,0.003080655108684565,0.00182479053081356,-0.0064078115118692824,-0.0005108626889925273,-5.3509493893014836e-05,-0.07000017166137695,-0.024305614194381996,0.0016764257188302037,0.0001597648612691147,2.763907582520654e-05,-0.0011287282549545786,-0.00010191244710632149,-9.999990463256835e-06,-48.480003356933594,-0.4877263844338249,0.05921291067463344,0.016834824686434022,0.010835923239114456,-0.06821314906626386,-0.006119363175576622,-0.00023135156850150155,-18.810001373291016,-0.37559905522261594,0.021494078147685385,0.006977015707316001,0.004444520504274019,-0.026836540550851565,-0.0024852915489235994,-0.0002034151276212921,-24.299999237060547,-0.46498277875083627,0.0233897836671784,0.008944157245110645,0.005307844757538753,-0.02431960044720908,-0.0023710851442251416,-0.000172127970272299,-0.42999982833862305,-0.06646056294939785,0.0015907793755127683,0.00024013046932337494,8.157740166821383e-05,-0.0016943252647855876,-0.0001557104313176585,-1.0000228881835938e-05
2,GMe,Methane,10,2,-10.349998474121094,-0.2432432117438528,0.01663831534058296,0.005147701711416301,0.002725553218915284,-0.017822958522670053,-0.001839835276770941,-0.00021482381378791694,-4.760000228881836,-0.19476268923352447,0.00763286338385156,0.002407709156564443,0.0012794739054622598,-0.009631111860888537,-0.0009519888303221563,-8.473799915254981e-05,-6.659999847412109,-0.27554819306534756,0.006593719437666987,0.00280539212115039,0.0016794130354046458,-0.005868052338492693,-0.0006255882645333496,-5.736582363451323e-05,-0.07000017166137695,-0.02064901755020909,0.0014615084204297754,0.00016102359717777,2.1436835597600183e-05,-0.0013985026393031122,-0.00012579677339557657,-1.0555452694972796e-05,-44.070003509521484,-0.4330778555853712,0.04777072828403796,0.016871093913591175,0.010530460005162934,-0.07683099788308477,-0.007021707685313869,-0.0005582507013436897,-17.43000030517578,-0.34163073596216464,0.025814206820347407,0.007271345520288155,0.004191236817556988,-0.0315299770042105,-0.0031643170048324064,-0.00019977654136009315,-22.60999870300293,-0.42547984498861907,0.025547907844979453,0.008584423220084507,0.005079213713058162,-0.033961338160084696,-0.00305685786636344,-0.0001068455415739492,-0.3299999237060547,-0.04661015921781464,0.0018203292658915656,0.00020958973213164523,5.3335684805474985e-05,-0.0017476268117841837,-0.0001627168151689012,-1.1625202233656794e-05
2,GMe,Methane,10,3,-8.370000839233398,-0.23064206745864643,0.013545186053745488,0.004583633176332099,0.002523705211249936,-0.0146876902010015,-0.001612873216637918,-0.00019763938391723253,-3.5600013732910156,-0.17123622975082084,0.006390863183946342,0.0018475720230820504,0.0010135132004582877,-0.006424976787976747,-0.000624825971126037,-8.797872209429362e-05,-5.200000762939453,-0.25242721682748115,0.006086972129282138,0.0026069619891894423,0.0014656266490227286,-0.004566617316208688,-0.00048660186531205814,-6.733519909777649e-05,-0.04999995231628418,-0.015290505384687287,0.0012845197940417525,0.00011020229850843328,1.854259310033802e-05,-0.0016135362597880908,-0.00014172070503619687,-9.999990463256835e-06,-39.19000244140625,-0.4343344894533327,0.039887501461856954,0.015767748012612402,0.009600205372284166,-0.054456293517964945,-0.005722115718309826,-0.0003221154247354979,-14.319999694824219,-0.32456935724165215,0.015703265774639426,0.00578756215965885,0.0035861677680642996,-0.021842565118314235,-0.0021082606490532606,-0.0001691316100528361,-19.35999870300293,-0.4154506295478601,0.018047657517868496,0.007327176398222925,0.004551771785069471,-0.024982197667185048,-0.002183797522996465,-0.00013173934550584287,-0.3000001907348633,-0.04243284065781944,0.0018422771194109126,0.0002145091283474107,5.08983612604112e-05,-0.001620021487626583,-0.00016621114082946792,-1.7396284285098386e-05
2,GMe,Methane,10,4,-11.64999771118164,-0.2562692025033679,0.019098057163373976,0.005716021718443704,0.003077811247035619,-0.02141171450986121,-0.002296426148232854,-0.00022962193077677784,-5.529998779296875,-0.2069610374777598,0.008161808313154786,0.0024860973021893808,0.0014560290266933014,-0.013909533734895708,-0.0012192801497853927,-0.00010212118675909873,-7.899999618530273,-0.28716828617966805,0.007384726529027683,0.0034756789503758386,0.0020027391299819518,-0.008297783528633852,-0.0008254220504837819,-7.09620145783083e-05,-0.16000032424926758,-0.032921876513111695,0.0016030602438301097,0.00017104076814627393,3.487097496040098e-05,-0.0016563545707169417,-0.0001490871104480272,-1.0130412225212457e-05,-47.900001525878906,-0.4466200608473558,0.060869191881304505,0.019023974524924485,0.011391754508639393,-0.08147918142086438,-0.008135209556403455,-0.0005853527568554324,-19.09000015258789,-0.36368831286243347,0.021013675892378462,0.007050712301005785,0.004547387175753409,-0.0333492655323468,-0.0030447734256981085,-0.00019767294644982734,-25.610000610351562,-0.4565876366675311,0.031080382922928078,0.008726929818599224,0.005709695650293073,-0.03784092961000403,-0.00387987024839323,-0.00018825878502879112,-0.3599996566772461,-0.04347822080763087,0.0026404680131412277,0.00028372998691803415,6.909962143656796e-05,-0.0026599196281320058,-0.0002519261450184852,-1.0000228881835938e-05
2,GMe,Methane,20,1,-17.880001068115234,-0.42898274801343783,0.016092320155360107,0.008231688381072133,0.005333494495281831,-0.019030871862775182,-0.0016740915055041914,-9.372460078518741e-05,-8.119999885559082,-0.3396068564357581,0.008852321015836039,0.0037530690492895815,0.0023425366247362134,-0.006818446372758034,-0.0006452041101709625,-4.0314989128133695e-05,-10.5600004196167,-0.44575771133627684,0.007128027959012937,0.004540437588001777,0.00298563562547475,-0.00535552179047314,-0.0005522852052322589,-5.7123911567567e-06,-0.08999991416931152,-0.03157891830909188,0.0012293603198629912,0.00012375157372717781,3.080891793692373e-05,-0.0018290141698760756,-0.00016745785940673114,-1.4781524041221193e-05,-62.54999923706055,-0.6219548516144586,0.03531092023445834,0.02074166508159775,0.014534204180440114,-0.07511479599653402,-0.004930482764954982,-0.00026000213623046875,-24.809999465942383,-0.5012121104230784,0.021263436795984504,0.008797551288752332,0.006017477225666459,-0.02665683023530103,-0.002345630334094131,-0.00012978007296148117,-32.14000129699707,-0.6061863640042809,0.021277778103646554,0.010028451646799275,0.007287301951622411,-0.023763908717453444,-0.0021712312686058325,-0.00018000030517578125,-0.5799999237060547,-0.09105179499624894,0.0016128684597519175,0.00025652090185393365,0.000103916764939557,-0.0017451122297214485,-0.0001679356931630473,-1.0000228881835938e-05
2,GMe,Methane,20,2,-14.279998779296875,-0.3334889976896226,0.018603413338589787,0.007513536153089686,0.004438587257450661,-0.02193029230814799,-0.00201582969617549,-0.00029489642441196315,-6.80000114440918,-0.27732467444779846,0.007342336405806192,0.003407896373559754,0.002075457601299193,-0.008431384351144829,-0.0008588250130749015,-0.00011336876873252778,-8.690000534057617,-0.35790775487239973,0.007131153798492602,0.00400920862404083,0.002541418063850875,-0.006815771439411203,-0.000689363741276426,-0.00011850085141376162,-0.1100001335144043,-0.032352979537936394,0.0016394977491102345,0.00017665019559805006,3.451488950782218e-05,-0.0015761977890871638,-0.00015479806532943846,-1.745172022835338e-05,-55.57999801635742,-0.5439952922819081,0.04966611259161681,0.02086216192465838,0.01399861302091319,-0.07763088153109476,-0.00732246769936061,-0.0008223476604216418,-22.670001983642578,-0.44538312974541955,0.020733697257177917,0.00876778939528121,0.005843016349465901,-0.03804822872796776,-0.003875258005822855,-0.0003771942346749226,-28.060001373291016,-0.5267505374913414,0.020471311469122393,0.009983417254911772,0.006777852687225832,-0.035050629154798,-0.0034632731274187815,-0.0002057748168823986,-0.440000057220459,-0.062322954785638394,0.0018584028851486713,0.00024153540624856823,8.46342283830513e-05,-0.0015235121109299283,-0.00015559497120447985,-1.3767824691904441e-05
2,GMe,Methane,20,3,-12.230001449584961,-0.3363586700849263,0.013852849321197666,0.006585633298877922,0.0038333945344353245,-0.015021271228342084,-0.0013751617369421568,-0.0001501752130013388,-5.440000534057617,-0.26166427582957275,0.0076877704025324865,0.002790781991794792,0.0016752417719721271,-0.008390944922737372,-0.0007198786660298682,-8.372906982426082e-05,-7.219999313354492,-0.34997574440454804,0.00665167396976622,0.0035551060160112597,0.00214213284274347,-0.005045368431707462,-0.0004964744492965038,-5.5853653658946525e-05,-0.1099998950958252,-0.03343461895782817,0.0017595307135409922,0.00017749565711431701,2.884981813930989e-05,-0.0014788916472213056,-0.00013296151783579813,-1.0495531955655107e-05,-51.150001525878906,-0.564881278873529,0.04007774542226822,0.01851414439371498,0.012557303161699524,-0.05670740149940719,-0.005117180397872846,-0.00035709209515317623,-19.599998474121094,-0.44515101107241256,0.02280742943599649,0.007906187994485713,0.005017212004301581,-0.025035528217150157,-0.0023182894348935806,-0.00016994467316098133,-25.080001831054688,-0.5357829757587853,0.016099778627892514,0.008738716959729666,0.006022034117735378,-0.023173522438887477,-0.0021273168625627844,-0.00012358522936835352,-0.5,-0.06983240372284626,0.001948102149269401,0.00024359236507200268,8.255543477545622e-05,-0.0019438376938320167,-0.00016690590003851137,-1.3032033751468815e-05
2,GMe,Methane,20,4,-16.43000030517578,-0.34655136802479064,0.024312162135800792,0.00855696598174798,0.005051829273521777,-0.02798058217832265,-0.002279613497635806,-0.0003609290469303846,-7.829999923706055,-0.28882330311406496,0.010310859899991247,0.0038860494953874987,0.0023696459568118833,-0.011525403068258805,-0.0012941294678878547,-0.0001346143155641484,-10.649999618530273,-0.37263819618475547,0.0079844394346433,0.004778569371698382,0.0030263966415538437,-0.009009252338244511,-0.0008610587465982893,-0.00016544005641332314,-0.15999984741210938,-0.03238863270421396,0.0018280558091935514,0.0002046730126340774,4.5970130247770965e-05,-0.0017540413489829335,-0.00016106937253434648,-1.86338274617314e-05,-61.369998931884766,-0.5534313217573491,0.06349800244331819,0.023367135334169405,0.015430516067797787,-0.08807203249925025,-0.008291693529288649,-0.0006796552264662611,-24.369998931884766,-0.4653427425801879,0.026569706881867255,0.009234556525113272,0.006183589425645623,-0.03142728647475031,-0.002751616384495196,-0.00014694286918042143,-32.08999824523926,-0.5564418114117331,0.02427747606144426,0.011162177408701405,0.007496272682630364,-0.03309402174576355,-0.0032929392729527038,-0.0002318997944931363,-0.38000011444091797,-0.04561826145513987,0.0026872608955411524,0.00027919252264949155,8.523724720813575e-05,-0.0021475639888493734,-0.00017693805328317263,-1.4294896603391425e-05
2,GMe,Methane,30,1,-18.43000030517578,-0.44217850696337835,0.015410867169950524,0.008143300886580858,0.005277028804011996,-0.017115853377537786,-0.0017027525308347569,-0.00019933089271714611,-9.100000381469727,-0.37356322469067443,0.007350412557490619,0.004066395201532073,0.002593346157760856,-0.009499893820379988,-0.0009680085505079205,-0.00012132881256948563,-10.679999351501465,-0.4515856035419747,0.007021922805207784,0.0044713425697360636,0.002912340064650402,-0.007000127078505295,-0.0006415202345921491,-4.71508973327718e-05,-0.13000011444091797,-0.04513892683165894,0.0017958139674558837,0.00017466495948222335,4.3286726150255166e-05,-0.0017025730803005672,-0.00014435922990405157,-1.0000030333408663e-05,-63.17000198364258,-0.6305650009104553,0.03775368208471898,0.019895078592199404,0.014313315123646912,-0.0649505216785424,-0.005355774202471365,-0.00022881311896953832,-26.689998626708984,-0.5317792260808252,0.020288100899503538,0.009093416577662924,0.006485853252587528,-0.026721259285562057,-0.0026084361586377223,-0.00016879462117038368,-32.029998779296875,-0.6070886997398617,0.017063971717383077,0.009922410650150641,0.007139191796476778,-0.02633590629831852,-0.002478803906220579,-0.00013736112750845056,-0.7600002288818359,-0.11875003399327347,0.001712830875748124,0.0002936014681911575,0.00014044155022655908,-0.00201116617723258,-0.00014669153402700565,-2.224451967596613e-06
2,GMe,Methane,30,2,-17.779998779296875,-0.42303115145592013,0.017184549771193575,0.008759391903384425,0.0054055622706834635,-0.01956828359287725,-0.00195773914481971,-0.0002118766777911382,-8.440000534057617,-0.35020748549643416,0.00804217555426763,0.003993797662342639,0.0025373357863238987,-0.009958502087990373,-0.0009023272532342906,-7.883629326007206e-05,-10.460000991821289,-0.43820698048024115,0.00712492829755024,0.004565117043158934,0.0029667981264483952,-0.0065423104550853435,-0.00057143312681605,-5.6322174686818715e-05,-0.20000004768371582,-0.05899706238781052,0.0013588715904015594,0.0001965143453283136,5.7632760837847714e-05,-0.0014618112299685125,-0.00010550369860179387,-9.999990463256835e-06,-63.30999755859375,-0.6270800132003036,0.04990190016971386,0.02053839103440275,0.015184264528121445,-0.0832578553835103,-0.0072201056229129305,-0.0003209306431918112,-26.380001068115234,-0.5231013465888831,0.017691290454643217,0.009013087238350752,0.006574173971169011,-0.040096485187112625,-0.003485593118533224,-0.000184700676593196,-31.81999969482422,-0.6044832838862374,0.022384351444617766,0.01031032691478646,0.007420664906212253,-0.02640552691182452,-0.002723526590085086,-8.907605425247193e-05,-0.9100003242492676,-0.1283498314054496,0.001807394011389323,0.00034102253142611564,0.000153622330418116,-0.001823500953102718,-0.0001843339850293303,-1.5958096336816737e-05
2,GMe,Methane,30,3,-15.080001831054688,-0.4179601182302343,0.013594902070372998,0.007672851437408417,0.004795934384658601,-0.013151136983125141,-0.0013512374817985402,-0.00018218556725957123,-6.879999160766602,-0.3318861221752056,0.007689258001249682,0.0035172903447054154,0.002157210454660158,-0.008446757165527964,-0.0008483420501084911,-7.444505475699386e-05,-8.679999351501465,-0.4238281028083288,0.006949484286493139,0.003988427183327676,0.0026009692148940707,-0.004586203663791932,-0.0005449490212245508,-6.408672938353855e-05,-0.1399998664855957,-0.042682886495964294,0.0017634391694371643,0.00019230780125023935,4.8766209237696803e-05,-0.0016518080852864457,-0.0001395230411020442,-9.999990463256835e-06,-57.34000015258789,-0.6378197906490781,0.03813916838825679,0.01853259141363602,0.01361908687094432,-0.060772089040122976,-0.0054957482138639,-0.0003400378999410511,-22.969999313354492,-0.5206255636773025,0.016051687348245483,0.008244418195376262,0.005784236886513464,-0.023317484339660726,-0.002189709560736319,-0.00015263285606935693,-28.23000144958496,-0.6084051836472484,0.0204707571744138,0.009135540220068359,0.006580759946869092,-0.019153884995399866,-0.0017538454334311078,-6.44234121318877e-05,-0.8300004005432129,-0.11739750783459618,0.0017212569151150514,0.00031729492822412384,0.00013509722148582551,-0.002127129902522887,-0.00020417583457054962,-1.870219640366854e-05
2,GMe,Methane,30,4,-19.979997634887695,-0.4366258384560679,0.021722375654165134,0.010036562211319705,0.006088191769531686,-0.02237629651953261,-0.002062552366231915,-0.00021261027681511538,-9.939998626708984,-0.36842100798216226,0.01102350124672639,0.004575570922502053,0.0029265319381566726,-0.010528275952729893,-0.0010380141770188257,-0.00012994666466617462,-12.420000076293945,-0.44853737221918183,0.008743044307376064,0.00516437418289003,0.0034648916152094514,-0.008672378917177686,-0.0008927471626673847,-0.00012178476530474216,-0.309999942779541,-0.06352457694871519,0.0017066328211252444,0.00022724090745574382,7.258027235373031e-05,-0.0015268836605843127,-0.0001357284420537688,-9.999752044677734e-06,-68.97999954223633,-0.6378768257033979,0.05443034030369327,0.02276550186814487,0.016511919232969675,-0.0778375721009137,-0.0073864262057046735,-0.0007026233142990175,-28.950000762939453,-0.5489192233901548,0.022992043490701126,0.00968003497096194,0.006932838495275121,-0.026553617350982127,-0.002715522897337639,-0.00020972383922903456,-35.70000076293945,-0.6316348279157816,0.023472279134679166,0.010942735348840011,0.007972325158094434,-0.034179886847736124,-0.0032087420516074593,-0.0003125173931212366,-0.8500003814697266,-0.10240968216103974,0.001979097665069697,0.0003124471833091867,0.00014270407361072551,-0.0022685013995624014,-0.0001391027041642056,-1.4434391517724885e-05
2,GMe,Methane,40,1,-19.6200008392334,-0.4804113801647512,0.015217372755373881,0.008859721921414182,0.0057953741569372955,-0.017112112145627287,-0.0016797846658061157,-0.00015169313448849597,-9.9399995803833,-0.41433929450679613,0.009093864243536228,0.004458509758258053,0.0029317352869724584,-0.00780944435379512,-0.000706013250054307,-6.083054195126472e-05,-11.269999504089355,-0.4853574434693309,0.007443388443990027,0.004638282954236177,0.003126202610699247,-0.006234749253873467,-0.0006710631454848337,-6.384330217464526e-05,-0.24000000953674316,-0.0845070481655075,0.0017973531690452442,0.00021371098664417702,6.826387562895137e-05,-0.0016680280863569585,-0.0001413131004330627,-1.1727765548579972e-05,-65.35000228881836,-0.6650722661110393,0.03478003753061317,0.019960579989729162,0.014611548273549066,-0.06200861307148363,-0.006132165192655262,-0.00025232696953029436,-28.25,-0.5707070707070707,0.017984234615490997,0.009120500789786871,0.006873935537892385,-0.035417903804742835,-0.0031583935989852557,-0.00010333295937595382,-33.239999771118164,-0.6436870674669553,0.01677569727488205,0.010020128581241286,0.0073638516867286456,-0.027485169119653215,-0.002501898142560745,-0.0001356635034090762,-1.5199999809265137,-0.24088747935185512,0.001812566404229587,0.00039836109056115766,0.0002347521420139197,-0.0014808766417553553,-0.00010471509495623817,-5.98515697124225e-08
2,GMe,Methane,40,2,-20.360000610351562,-0.4724994323103706,0.01724836612715216,0.009692570514608756,0.006213942376700349,-0.018858402680364244,-0.0018760925919249364,-0.0002820616978814108,-9.879999160766602,-0.4022801048700063,0.00792253899273554,0.004391191699325874,0.0029499996972405383,-0.008124422679672706,-0.0007867700336036286,-7.294802736184674e-05,-11.809999465942383,-0.48401637912213025,0.008017487329878871,0.0050242882327116885,0.003399690595516511,-0.0076029267682086845,-0.0006614688749398706,-0.00012210066331220024,-0.18000006675720215,-0.052478152552159624,0.001745993713867412,0.00018858397653825524,5.472105140335803e-05,-0.0013082928018393336,-0.00011437243033232974,-1.4508960475251245e-05,-68.11999893188477,-0.6641318039832476,0.0433439435912047,0.022241300494459174,0.016229559150085747,-0.06865080881921959,-0.00575799099064338,-0.00047965292261851263,-28.970001220703125,-0.5678165613637266,0.02417539407168076,0.009899138849192716,0.0071772135987752785,-0.03876230598688745,-0.0034354043516232075,-0.00018214096366021704,-34.51999855041504,-0.6448720219991095,0.020713567522855646,0.010837248227359278,0.007991326032526986,-0.035650478040606885,-0.003204562286655402,-0.0002265467799931023,-0.7399997711181641,-0.10335192554307492,0.001790604083469053,0.00034062698646803623,0.00014585968015071984,-0.0019999945603255058,-0.00018377010713721776,-2.1006311920398404e-05
2,GMe,Methane,40,3,-17.530000686645508,-0.48305318942951514,0.01342762064578477,0.0078147361984982,0.005166391349032587,-0.01521404797663337,-0.0013846973324891276,-9.532028196419825e-05,-8.239999771118164,-0.3940698149807961,0.007412918815285741,0.003747420767026168,0.0024326950384047875,-0.006383930906971876,-0.0006874138537604253,-7.993075812563053e-05,-9.949999809265137,-0.4837141447196392,0.007030186553395282,0.00424136328380381,0.002779497902165022,-0.0041820195617116125,-0.00048703092354265463,-3.182143950076349e-05,-0.3299999237060547,-0.09999997832558341,0.0017124943669572033,0.00023826141628005147,8.230376743765053e-05,-0.0016711450172100595,-0.00015240004741785018,-1.0310202439852861e-05,-61.73000144958496,-0.6866518398424628,0.03693573588594327,0.018817203013364665,0.013828677367189169,-0.05521538572398569,-0.005191010936334693,-0.00011191359480986895,-25.520000457763672,-0.5759422177121959,0.01679314334283215,0.008195112926086812,0.006100542771770345,-0.021772738495821103,-0.001932373265631754,-7.636612119483107e-05,-30.57000160217285,-0.6588362197600983,0.01508386584295001,0.008930221227506302,0.006746822665894085,-0.01920149568757487,-0.0016352904735330407,-1.0689348120056035e-05,-1.6399998664855957,-0.23495700028712702,0.0016835339446733774,0.0004558085829619897,0.00027611162056776606,-0.0015095530890212633,-0.00014693940958169182,-1.3876106736391814e-07
2,GMe,Methane,40,4,-23.01999855041504,-0.4920906188779734,0.020064550601085227,0.010605540910596973,0.006906925880466918,-0.021305073850597985,-0.002187434103738191,-0.00023410733808589977,-11.230000495910645,-0.4156180720079863,0.011417074831437227,0.004980433378711185,0.0033051117959434603,-0.010254179143407868,-0.0011931051105417239,-0.0001536127096363549,-14.010001182556152,-0.4968085391319616,0.008981911685556902,0.005766737768750265,0.0038379917674883674,-0.01111771535506397,-0.0009775135577084206,-9.723251282284954e-05,-0.26999998092651367,-0.05498981452490702,0.0017523196942483908,0.0002327142409968626,6.75186904112139e-05,-0.0016857900791383753,-0.0001565496262533476,-1.9117431448438425e-05,-74.72999954223633,-0.6796107690472769,0.058298454326844044,0.023859841133368427,0.017454414130646016,-0.08313751956660378,-0.007763649059350644,-0.00043359941898424623,-31.309999465942383,-0.5922073027896354,0.024785914535542047,0.010148714361691251,0.0074405453568773495,-0.035308396319128195,-0.003341292314335071,-0.00021762629123178018,-38.66000175476074,-0.673753939266537,0.02456842253015488,0.011660060874778708,0.008464022288306595,-0.037780811297604217,-0.0036893260482458055,-0.00019324631534554777,-0.679999828338623,-0.08085610471775095,0.0024555761596194298,0.00033919594810712865,0.00013275676322751,-0.002240336224734286,-0.00017721773843621657,-2.159648109915844e-05
2,GMe,Methane,50,1,-22.409997940063477,-0.5510203823214146,0.0146242148089976,0.009227989391403416,0.006298042597199469,-0.01814068466968438,-0.0018641399835751596,-9.858012696056406e-05,-11.470000267028809,-0.4759336135051678,0.007723183006889409,0.004631159349146864,0.003261523196862019,-0.00955966627943615,-0.0009489134838346778,-7.30800629906235e-05,-12.799999237060547,-0.5529157428933548,0.007604356361969501,0.004875864482575438,0.0034057135244851097,-0.00500403013607055,-0.0006154953854929521,-6.2968387204057985e-06,-0.23000001907348633,-0.08070176377887939,0.001544564062546881,0.0001978617985175409,6.58234978555265e-05,-0.0018999981880187988,-0.00019899981021881104,-1.9989980936050413e-05,-70.16999816894531,-0.7168982441557534,0.032975797207168,0.01961314393475088,0.015078463242208434,-0.06785172685955639,-0.006456790799166672,-0.00015024930054834996,-31.03999900817871,-0.6255542054885669,0.02238672979813582,0.009997700035517717,0.007215150491726454,-0.022996446145681075,-0.0021796719592443686,-0.00011250472349605441,-35.710001945495605,-0.6947470989376588,0.01784636458049226,0.00984810526514304,0.007632753672810132,-0.022986543130579126,-0.0022536615542292733,-9.799322770082333e-05,-1.3899998664855957,-0.22028524232811703,0.001997061322940204,0.000383932337449785,0.00021473168887680942,-0.001573820773506316,-0.00013325113004100886,-1.2886973745107508e-07
2,GMe,Methane,50,2,-21.96000099182129,-0.5268714210900406,0.01731019910861161,0.00955459067998181,0.006441810401379594,-0.022690874648786316,-0.0024252191318514683,-0.00015568895664031695,-10.720001220703125,-0.4475992016372457,0.0083404381771979,0.0045177544270900835,0.0031371958329908575,-0.008636465894354814,-0.0008036076649760239,-9.857886864935258e-05,-12.559999465942383,-0.5310782100859468,0.007561296673463287,0.005004725481602864,0.003460725628172541,-0.004735255198042094,-0.0005533132124572168,-7.331438372284294e-05,-0.3100001811981201,-0.09171602683492716,0.0014674026650894302,0.00021895677063434542,7.281021111092565e-05,-0.0016117242568240006,-0.00012350800176045122,-9.999990463256835e-06,-70.46000099182129,-0.7060827772861329,0.03599931050183869,0.02136719856859177,0.0159114477461684,-0.07199766890948668,-0.00708629168842097,-0.00040000152587890627,-30.580001831054688,-0.6106230174315206,0.019289389729781406,0.010070056101190838,0.007270634485733664,-0.026128778234247474,-0.0028459483055918258,-0.00020254947805186242,-35.60999870300293,-0.6846760209999788,0.01741337792466021,0.010529455269680452,0.00791596438955003,-0.023339204078763796,-0.002002103880773552,-7.000350952148437e-05,-1.4000000953674316,-0.2000000136239188,0.001724068470284304,0.00042964637012800116,0.0002353246996416248,-0.0019313567047108255,-0.00015212413662633222,-1.0000228881835938e-05
2,GMe,Methane,50,3,-19.160001754760742,-0.5279691725376282,0.012313869626198102,0.008148802569560451,0.005542882767246002,-0.014618589153436246,-0.0013934148664528343,-8.577338309364094e-05,-9.09999942779541,-0.4370797099510832,0.007443791150398921,0.00395158263397592,0.0026403061675043193,-0.006830719863102032,-0.000743158363325909,-4.818352233316532e-05,-10.769999504089355,-0.523578009911166,0.007085043209547115,0.004279396772874493,0.0029568586029354383,-0.0044711657424878325,-0.0005341051397042202,-3.6729829523983195e-05,-0.26999998092651367,-0.08206686445505049,0.0018559956563821223,0.00023093496108660686,6.981912473424763e-05,-0.0016273443480420114,-0.00019514733873341665,-1.995013072430441e-05,-64.63000106811523,-0.7189098995678063,0.035405976458234956,0.018372997126097523,0.014075506844155823,-0.05601496154015336,-0.004504669359352167,-1.5000152587890062e-07,-27.1299991607666,-0.6149138671252373,0.01501966848707214,0.00827402726561446,0.006270858888281526,-0.020475408204002368,-0.002049260313581978,-2.4405647747660693e-05,-32.01000118255615,-0.6915100572361155,0.014147753402755007,0.008974552968803614,0.006914396933565644,-0.021082462078533492,-0.0018101811655060359,-6.000137329101687e-08,-1.2599997520446777,-0.18077471879092155,0.0019187581943552407,0.000415296284089276,0.00020359952548728913,-0.0017880207757094355,-0.00014312180417836074,-9.999752044677734e-06
2,GMe,Methane,50,4,-24.329998016357422,-0.5433228825277661,0.02012894735188106,0.010348665522310363,0.007022515959427833,-0.020855405525037427,-0.001994474126432938,-0.00014407106347138674,-12.260000228881836,-0.46404239945034864,0.009357354903648592,0.004996608743982396,0.0034504552656693405,-0.010540023283367717,-0.0010039051855524317,-4.962443315943171e-05,-14.65000057220459,-0.5403910085716006,0.007927729857932195,0.005578229397367417,0.003910641118160035,-0.008616613544586031,-0.000855420098105727,-4.84234725978996e-05,-0.48000001907348633,-0.09979210494462294,0.0019197152639095119,0.0002941821000461727,0.00011467431422309792,-0.001717088983489564,-0.0001554999448895353,-1.0000258316736515e-05,-75.81999969482422,-0.7186729828893291,0.04689386732003094,0.022548464149807317,0.016935950456160927,-0.07718883818328813,-0.006648755170786573,-0.00024522602222458727,-32.52000045776367,-0.6314563195682267,0.01996722738571889,0.010174829757803455,0.007411878814034742,-0.025920205334862383,-0.0025238973543352016,-0.00010201271829478277,-39.119998931884766,-0.7079261693831946,0.017869992642173115,0.010877306168294245,0.008237407330729824,-0.031278582029535824,-0.0029478999647087464,-8.00018310546875e-05,-1.2899999618530273,-0.15867157979022214,0.0020036276953822947,0.0004505540559024636,0.00022822127481752615,-0.0027869352709790395,-0.00024969583790535044,-6.781338098344443e-06
2,GMe,Methane,60,1,-23.350000381469727,-0.5717433960388983,0.014035691989274804,0.009376616652385305,0.006476988931613923,-0.016000891928293827,-0.0015926427851479423,-0.00015992900412207668,-12.019999504089355,-0.4995843628801409,0.00834524199991584,0.004864300391305323,0.0033647651094361325,-0.007764564690263745,-0.0008228753008069087,-0.00010148891122742553,-13.25999927520752,-0.5710594171973687,0.007586239815821795,0.005003892886819156,0.003508740205189746,-0.00640437875777428,-0.0004171284404308438,-2.9809705628785913e-05,-0.26999998092651367,-0.09473683858292023,0.0017296183968387997,0.00019888945554871726,6.563117903472666e-05,-0.0019999980926513673,-0.00019999980926513672,-1.999998092651367e-05,-71.79000282287598,-0.7306126731337159,0.04584230505824349,0.01982398625574521,0.015362101583177652,-0.05799334257122703,-0.0050275571617924494,-0.00020780710926768587,-32.09000015258789,-0.6452845455052426,0.01723022540538861,0.009569964523486895,0.007426853546656929,-0.023268871077030573,-0.0022472197902977152,-0.0002052847659780027,-36.739999771118164,-0.7114639853865476,0.015656424338467857,0.01001533101139377,0.0077892825894739295,-0.023096424000687638,-0.0022104656096795586,-7.58445943748722e-05,-1.5399999618530273,-0.2417582401130396,0.0019204690585116143,0.00038698820831551783,0.0002261830430287755,-0.0015665349595548677,-0.00014732627271069976,-5.752927375879755e-06
2,GMe,Methane,60,2,-24.220001220703125,-0.5537265727318578,0.017271861480207422,0.010628007663858475,0.007117025473565777,-0.021914481189654517,-0.0021488474419400416,-0.00019252464470490493,-11.880000114440918,-0.4784534897681845,0.009782596837137043,0.004888469102518821,0.0034591572735705135,-0.00964669927697569,-0.0010007619626239209,-6.392600456549802e-05,-13.84000015258789,-0.5594179579882175,0.007662356243637012,0.005439051950770706,0.0038261057674007855,-0.005801557916180504,-0.0006221203590659388,-4.416912851228635e-05,-0.28999996185302734,-0.08430231308988671,0.0015532221692351124,0.00020594241408333682,7.659318527209173e-05,-0.0016048821101330673,-9.968366296118564e-05,-8.950936482395056e-06,-75.20999717712402,-0.7244966664667635,0.04313856274671429,0.02250073633104371,0.017031117233751836,-0.06712765212909656,-0.0057953993137123865,-0.00028429145367429387,-32.709999084472656,-0.6351456132907312,0.021227876153074414,0.010224123951391845,0.007645654787472804,-0.03201828284565242,-0.0030061921689778304,-7.87494313744507e-05,-38.16999912261963,-0.7061979585829031,0.01746934253363816,0.010893709473288002,0.008394508943192087,-0.025003513166692984,-0.002549600444854292,-9.536445812077004e-05,-1.3499999046325684,-0.18828450352407264,0.001739101505372295,0.0004127300014174354,0.0002277528608012448,-0.0019440576461973937,-0.00016391207943282333,-6.093804336790529e-07
2,GMe,Methane,60,3,-20.340001106262207,-0.5615682059843772,0.012926760378014924,0.00862349458767688,0.005910397140106549,-0.01427362943187281,-0.0013510933649151183,-0.00014747618198877906,-9.780000686645508,-0.46906477255211015,0.007270951629215778,0.0041378322788441085,0.0028719853241450516,-0.006758972870784832,-0.0006722182503630278,-8.386667701618575e-05,-11.369999885559082,-0.5543637132459921,0.007789444509385101,0.00456383602618524,0.0031476224069397008,-0.004667823113440764,-0.00046502593650020604,-5.710104814482882e-05,-0.36999988555908203,-0.1117824446994939,0.001600785421855688,0.00021686460918799865,9.075618794476009e-05,-0.0015180167497662227,-0.00015782855730760793,-1.6288598449487073e-05,-66.42000198364258,-0.7414601543423587,0.030304253787965807,0.018362074904399082,0.014351867545713406,-0.05386444235081181,-0.004398495841736577,-9.580371498803955e-05,-28.26999855041504,-0.6407524758570381,0.013977301547534508,0.008494751012582152,0.006494752179103229,-0.020509039583511024,-0.0020653127995310765,-0.00013245972739472068,-33.07999897003174,-0.7161723306677802,0.015560955848634712,0.009060193654178119,0.007113585761718599,-0.0204334895979765,-0.0020199226483124774,-7.17952391923935e-05,-1.8100004196166992,-0.25820261918955917,0.0018329989928603761,0.000488894969392165,0.00029771098246700594,-0.0016921257072301681,-0.00015191769847469708,-5.731219413433362e-06
2,GMe,Methane,60,4,-25.39000129699707,-0.576783303792972,0.018432871524514234,0.01063496597988579,0.0071712958849382245,-0.02087291297996211,-0.002344963441571155,-0.0002511402473482676,-12.90000057220459,-0.4953917096259575,0.008664813734768309,0.00507952011410773,0.0035823690868483265,-0.0091716961486056,-0.0008760358764476093,-9.643262401462722e-05,-15.219999313354492,-0.5698240297657796,0.008548613684652233,0.0055945758515853995,0.003970290561819775,-0.00736991670688632,-0.0006956859993993147,-6.513986042619381e-05,-0.42999982833862305,-0.08977031978352588,0.001762433653124512,0.00026119937468172146,0.00010293178415308319,-0.0017233538302983027,-0.00015085373167061727,-1.8919959952064656e-05,-77.55000305175781,-0.7440276365164199,0.04132313201573859,0.022042672587509513,0.016842959128923418,-0.07044459972725495,-0.006465179734571746,-0.0004569044010566984,-33.869998931884766,-0.6607491229209955,0.019929321095342387,0.009965371251556566,0.00754553343692575,-0.02873137527913986,-0.0028718404041616673,-0.00023584050904833863,-39.980000495910645,-0.7323685727085559,0.019038697307922847,0.0108157598027429,0.008205618993673936,-0.028153413583299865,-0.0024221307850763635,-0.00010596503347066311,-1.1399998664855957,-0.13885503790361708,0.0019744554461508784,0.00040683204591409586,0.00019607590952042144,-0.002111791209726763,-0.000178465561279162,-1.567814914871208e-05
2,GMe,Methane,70,1,-24.70999813079834,-0.611331005694677,0.015885825920357033,0.0095678770596523,0.006789359459200019,-0.023369967840468,-0.002398172045032124,-0.0001946353289107204,-12.929999351501465,-0.5389745508488099,0.00810907979730439,0.004868886454930813,0.0035358122910563654,-0.00882534974851212,-0.0009000358597157464,-5.768514863623365e-05,-14.010000228881836,-0.6088657144512618,0.007771624393043781,0.005200378802540478,0.0036552960976666297,-0.004987341606056871,-0.0004812146786817793,-2.1954077392254233e-05,-0.2800002098083496,-0.09722229120907686,0.001724804257423854,0.00021105350437660586,6.871042879836056e-05,-0.0016041546906396052,-0.00014349896839164504,-1.1538850042729624e-05,-73.65999984741211,-0.7582870116351016,0.03499161367270566,0.019251222999085774,0.015349096221059557,-0.06434864214537359,-0.006433940806343951,-0.00024302008121223473,-33.53999996185303,-0.6775757568051116,0.019341108217728227,0.009620897415525836,0.007510193780534347,-0.023120264880963807,-0.0022042360605120832,-6.473573835647618e-05,-37.720001220703125,-0.7390282238264612,0.01604909940874237,0.010092341539715919,0.007824913891948072,-0.026731832458281868,-0.0026852345711759667,-3.0513656277078604e-06,-1.4700002670288086,-0.2325949726426005,0.0017818911014862275,0.00037727351649822767,0.000220397618673428,-0.00184337901249006,-0.00017941987812909068,-1.4847820596261564e-07
2,GMe,Methane,70,2,-24.700000762939453,-0.5865590217271963,0.01910917904238239,0.010028836652625802,0.007107657122709448,-0.02138611811534501,-0.0019259382212358039,-0.00015676328929593614,-12.34999942779541,-0.5101197808684023,0.009711839705404915,0.0049059268957424755,0.0035058876652223994,-0.009582194986876574,-0.0010584441621033797,-7.004438461923721e-05,-14.100000381469727,-0.5887265107435091,0.008150261188488158,0.005344589279494196,0.0037979961940579608,-0.005447992217836876,-0.0005006823972975578,-3.0000686645507814e-05,-0.309999942779541,-0.09198811670823309,0.0016458141810694,0.00022205894142900292,8.336814190297528e-05,-0.0015654242310689848,-0.00013344143130498835,-4.902096318394836e-06,-76.01000022888184,-0.7499013394946565,0.04187469930738637,0.021341669763024554,0.016625626040779266,-0.07336297254757716,-0.006661947881792752,-0.00015151072471170004,-33.69999885559082,-0.6636470985763472,0.02055494949906745,0.010191519762852649,0.007600155262122241,-0.024562401311318906,-0.0024517836541966473,-3.5191633761464636e-05,-38.54999828338623,-0.730667162808696,0.016797931341196642,0.010659478880111003,0.008272570764879826,-0.030598851655482248,-0.0030032845457324334,-0.000131604378074256,-1.4099998474121094,-0.19971669388668417,0.0017350856894534279,0.00041491575344591565,0.00023311229389278335,-0.0015963350851146733,-0.00015440317205725853,-1.3827800231366016e-07
2,GMe,Methane,70,3,-21.5600004196167,-0.5918199351909851,0.012740381848794783,0.008611449898836662,0.006025898558772164,-0.01609744050211573,-0.001769759938674823,-0.00013049455276356006,-10.430000305175781,-0.5002398136378626,0.007409371387910996,0.004174591200019517,0.002962913013206282,-0.006148128161945041,-0.0006328527800455618,-4.477591735186077e-05,-12.059999465942383,-0.5837366677160469,0.006701089405753124,0.0045524749812338935,0.0031911802497136053,-0.004064758911156763,-0.0004978975849513397,-2.0000457763671876e-05,-0.31999993324279785,-0.09638552399916439,0.0015896784369810292,0.00021537885979121247,7.986829153964776e-05,-0.0014050407768704325,-0.00013571855350640933,-9.999990463256835e-06,-68.72000312805176,-0.7616092272124588,0.0318834212197848,0.01857662111663089,0.014141065096540967,-0.05665017822996768,-0.005296280215894819,0.0,-29.530001640319824,-0.6664410003408348,0.014748882845399675,0.008713782332929245,0.006523257933322983,-0.019900989735589666,-0.0017341614632721632,0.0,-34.30000019073486,-0.7376344127039756,0.015809020043485236,0.008947904299670842,0.0070938592770968135,-0.02440238293508077,-0.0020381222963905565,0.0,-1.5199999809265137,-0.2152974494682624,0.00164584888707686,0.0004189759727907972,0.00023502773576526876,-0.001551144363678176,-0.00013132855518642765,-4.9729724578481536e-08
2,GMe,Methane,70,4,-26.62999725341797,-0.6063296530883588,0.023080236865174728,0.010584006390513856,0.00755581502958575,-0.027035695308186655,-0.0024845042021706667,-0.00012002675396826165,-13.579999923706055,-0.5241219607750182,0.00856060657194311,0.005206104897421128,0.0037153322384992846,-0.008772517799112093,-0.0008254834328972941,-9.799480058189313e-05,-15.869998931884766,-0.5959444022538946,0.00874814608447156,0.005744438304166106,0.004109739441094121,-0.007643300804075576,-0.0007865441737278324,-2.3228412028762493e-05,-0.43000030517578125,-0.08995821889158909,0.0019183478184310785,0.0002509582686302137,9.930265369307307e-05,-0.00171548181145804,-0.00015800828023795907,-1.2266297770193007e-05,-79.24999809265137,-0.7634139288744332,0.03832115546937798,0.022113340761452167,0.01697652587661077,-0.07049948400105747,-0.006247181219194991,-0.0001382579399705759,-34.790000915527344,-0.6834970505421142,0.023721498741926854,0.009945693145938996,0.007652157840210532,-0.027806170627540882,-0.0026436676522635116,-0.0001809356512661564,-40.94000053405762,-0.7518824602464064,0.01931900625373152,0.010386230084282272,0.008325565513592835,-0.026994867456585483,-0.002433862151597477,-6.318055841939609e-06,-1.0699996948242188,-0.131127416033416,0.0018028134342890389,0.0003583333092802325,0.00018290975726862517,-0.002675478521055861,-0.00018930409479169958,-1.0030040093285702e-05
2,GMe,Methane,80,1,-26.600000381469727,-0.6368206868555506,0.0167139113500892,0.010073243838787499,0.007252144855330842,-0.016377546071206787,-0.0017092474465045743,-0.00016325546508111252,-13.680000305175781,-0.5622688182520956,0.01053321625012893,0.0051086144010803435,0.003740447934070402,-0.009256438995968098,-0.0008202668400175924,-8.235114994965531e-05,-15.079999923706055,-0.6346801253551895,0.007930859761227291,0.005297202596772892,0.0038894719814294575,-0.004715457043029184,-0.0005831213525075631,-1.7502698441998606e-05,-0.25999999046325684,-0.08965516617692204,0.0015182736380499105,0.00021034559936159927,6.621570069262583e-05,-0.001698179096704471,-0.00016044743273908,-1.0658921430817557e-05,-78.28999900817871,-0.775455623198589,0.04535485654315015,0.02037482448154992,0.016235490009486687,-0.0615799310504008,-0.0048363157100318474,-7.261336568283402e-05,-34.970001220703125,-0.6950904445665208,0.02053225311167174,0.01006863792588177,0.0077501777439968715,-0.030090241617949518,-0.0028727872879369953,-0.0002375923639290502,-40.29999923706055,-0.7583741004880573,0.01766997303609278,0.010364974234182103,0.008225659083314431,-0.022701826485776223,-0.0020315989348701317,-6.999969482421876e-05,-1.419999599456787,-0.2194744428909363,0.0018282296483298206,0.00036599898535368913,0.00021682766610543492,-0.001614889334839835,-0.0001666846862954948,-9.999752044677734e-06
2,GMe,Methane,80,2,-25.539998054504395,-0.615273406100226,0.017131195811047446,0.009924330791566353,0.007092185027196228,-0.01784847397247251,-0.001636172158457576,-0.00012074848844126677,-12.819998741149902,-0.5368508874243341,0.007978741382685013,0.004923509189901284,0.0035584607310675154,-0.010581957950424516,-0.0010988843351245972,-0.00011677687710790693,-14.470000267028809,-0.6136556536830797,0.007386149780115654,0.005227115102530237,0.003797415171989795,-0.0063643681668772165,-0.0005516575793879229,-6.175185102759548e-05,-0.3400001525878906,-0.10059175771481584,0.0015165316535585515,0.0002255977126701505,8.436202814253715e-05,-0.001766812152360513,-0.00015868062662482524,-1.648724026395746e-05,-76.2400016784668,-0.7670020171842515,0.03543510490692081,0.02076561471261235,0.016068088110249488,-0.0694707749933419,-0.005919869959765883,-4.940126081175893e-05,-34.32000160217285,-0.685303521312792,0.01658019955040141,0.009808793286196575,0.007548748357300709,-0.024386523531244503,-0.0022582860325486972,-0.00010540452895447498,-38.97999858856201,-0.7494712525769011,0.01871288698415504,0.01026770459594758,0.008157670049695198,-0.030879762417484267,-0.002687820948746205,-2.2787063274783657e-06,-1.4800000190734863,-0.20963173244599295,0.0020006702131691776,0.0004384068009186852,0.00023678820569088662,-0.0017656229724577301,-0.00017276942280480752,-2.0530079757381118e-05
2,GMe,Methane,80,3,-22.3100004196167,-0.6124073629625255,0.0128999677979963,0.0087866653067802,0.006224167291842013,-0.012722982657573554,-0.0012827488017945568,-0.00015032755887336638,-10.9399995803833,-0.5231946274613326,0.007402997361991496,0.004343827938076901,0.003079132147158498,-0.006099141335563605,-0.0005709277227440377,-5.304484469333404e-05,-12.429999351501465,-0.6025205941423593,0.006641638194820651,0.0046813367039656925,0.00329978555412697,-0.005112981260243125,-0.0005163323203534627,-2.653156737167624e-05,-0.3299999237060547,-0.10060973371479337,0.0015231458286477611,0.00022671713645367077,8.578710675053076e-05,-0.0015242823959157126,-0.00012853911595124624,-9.999990463256835e-06,-70.21000289916992,-0.7753727281382677,0.030137352362572787,0.018613791343511283,0.014465770577150682,-0.047238266788589674,-0.004165275752586567,-0.00010459786854436263,-30.449999809265137,-0.6842696586351716,0.014633032883890822,0.008640445335393558,0.006690075271333805,-0.02706888442488318,-0.0024256722893483086,-9.77526576829457e-05,-35.140000343322754,-0.752462521825255,0.014146531894949622,0.009190390877301998,0.007271145490816334,-0.022449827578995017,-0.0019936445065927766,0.0,-1.5999999046325684,-0.2253521022709605,0.0017893390204762947,0.00045176207316789614,0.0002722817073296181,-0.0019999981665243245,-0.0001994455029968441,-1.606493963310627e-05
2,GMe,Methane,80,4,-27.900001525878906,-0.6283783911497652,0.01793505113026827,0.01058022817622634,0.007650935780991359,-0.020734618307217782,-0.0018889075059207153,-0.00012243410030643085,-14.34000015258789,-0.5481651466449257,0.010001656426165793,0.005293398697781894,0.003885153306012521,-0.009014934804169414,-0.0009826744957551203,-8.000570080256693e-05,-16.600000381469727,-0.6164129295713119,0.008342291098647323,0.0057004950111000105,0.004233668757616287,-0.007656006451501602,-0.0006244614184256669,-3.556549798472176e-05,-0.48999977111816406,-0.10229640397086893,0.0018305080211851365,0.0002576496784219787,0.00011378302039707387,-0.0016890133183490898,-0.0001600921743854693,-1.4030369604681988e-05,-81.77000045776367,-0.7782430826616981,0.04950929561500215,0.022207585839546504,0.017309292823807238,-0.10417271119439969,-0.010398974378754708,-0.00029123434164164956,-36.15999984741211,-0.7021359193672254,0.018621395084548395,0.010152833663486372,0.007775703733863676,-0.026792271665544234,-0.0026637000699587933,-5.1033155686411704e-05,-42.1800012588501,-0.7670485537622217,0.020810646418075583,0.010813265108756204,0.00848205124028098,-0.027109735287768923,-0.0025978582597068964,-6.999969482421876e-05,-1.239999771118164,-0.15214721830156097,0.002445843414131617,0.0004082365624817478,0.00021270502092846295,-0.0022451887653026294,-0.0001716855080421462,-9.999752044677734e-06
2,GMe,Methane,90,1,-26.15000057220459,-0.6403036355166996,0.018818942675786952,0.00957381515175086,0.007038840619029083,-0.023401976896007776,-0.0022831375842313852,-0.00016534374863577607,-13.8100004196167,-0.5730290539843761,0.00805120991059323,0.005026310140341756,0.0037353084766382893,-0.008871393694720765,-0.0009924839847078302,-9.739529190640955e-05,-14.789999961853027,-0.6361290306173345,0.0072325835884718154,0.005090879160969475,0.0037554509904680067,-0.005060685625120416,-0.0005046110406431532,-1.7669469930955616e-05,-0.37999987602233887,-0.13427557818613162,0.0015222974171327246,0.00023977137249207734,9.897311660860105e-05,-0.0013036122729684014,-9.582401333331263e-05,-8.443326955914754e-06,-76.46000289916992,-0.778139642142116,0.0381674028435455,0.019534314658479976,0.015601669893186633,-0.06830365118243507,-0.006970651186905899,-0.0003242635851394964,-34.989999771118164,-0.7035994388337106,0.018845081213035332,0.00984514326830645,0.0076739022196619724,-0.025921937487277065,-0.0024419023967719015,-8.799151434837199e-05,-39.359999656677246,-0.7621998474416559,0.01963759211155154,0.009907678094580404,0.007979745289078721,-0.024588267517726574,-0.0020692585673794846,-1.7981274310302178e-07,-2.0299997329711914,-0.3227344587094649,0.0017868406297510916,0.0005013130774866965,0.000304585626858239,-0.0015735699006935952,-0.00011736846780858463,-1.0000228881835938e-05
2,GMe,Methane,90,2,-28.309999465942383,-0.6239806068420889,0.017837599322222397,0.01102819460212495,0.007957187457001124,-0.0233007330040061,-0.0020148907249571794,-0.00015674910906715597,-13.640000343322754,-0.5469125922710473,0.008307030657644796,0.005214418689461548,0.0038154370676989732,-0.008891041657343526,-0.0008133529751924583,-6.24252121855768e-05,-16.039999961853027,-0.6270523850544694,0.008739181204909487,0.005806381771979938,0.0042358559256868555,-0.007182364937686129,-0.0007619506487161581,-6.964948000701776e-05,-0.3900001049041748,-0.11111114130023168,0.0016642014183864719,0.00022753132785639964,9.698269828985113e-05,-0.0015653068990795433,-0.00011980116131790944,-1.4648409449641306e-05,-81.75,-0.7717360498865746,0.03687923062718684,0.022584941957696218,0.017708878041497577,-0.07462910515321246,-0.006388447374849624,-0.0001858220390148699,-34.970001220703125,-0.6870334022077279,0.01823239942759787,0.010387627127580384,0.007832072421731607,-0.02963810502363084,-0.0028249504953127835,-0.00011270618683806645,-41.47999858856201,-0.7562442979489378,0.017677034134359327,0.011263273643827416,0.008826335896603121,-0.033100673437276254,-0.002991636871606692,-8.900617829878094e-05,-1.5999999046325684,-0.22408962668792176,0.0019094004477894701,0.00044374597684625254,0.0002764608484999997,-0.0019910150894309232,-0.00017045994194950833,-1.5720312508497265e-05
2,GMe,Methane,90,3,-22.880001068115234,-0.6329183984054882,0.013364880888685475,0.008831157850834437,0.006361268962783927,-0.01372522146627516,-0.0013947644330059108,-0.00014306841841174435,-11.25999927520752,-0.5431741207840279,0.006949551074696789,0.004379763520349389,0.003153201245256133,-0.006344881150257083,-0.0005666299678912058,-3.746425864977335e-05,-12.78000020980835,-0.6231106809941312,0.007670479295839094,0.004661847539143947,0.0033666883410238078,-0.004373654462705916,-0.0004951937658191938,-6.715426868264245e-05,-0.5,-0.15105740442404048,0.0016736999719082451,0.0002615578511211822,0.00011313101789423876,-0.0016297184855825317,-0.0001075834637322479,-7.1865216995606864e-06,-70.97000122070312,-0.7894327031826965,0.033514516318707825,0.01858841438947795,0.014161016274044154,-0.048067726304603264,-0.0037826671739055896,-9.52956461654289e-05,-31.000000953674316,-0.7010402554932674,0.014674168430839534,0.008670724277847416,0.006592296320931546,-0.025735486562503535,-0.00239229364685474,-4.39482249360061e-05,-35.55000114440918,-0.7679844554179825,0.014725188458044486,0.009048334217839786,0.007183974388563452,-0.019022554655830415,-0.0017360892843100426,-3.919615267465259e-05,-2.2899999618530273,-0.3234463257810768,0.001987173881838653,0.0005582934280133494,0.00033322165512497583,-0.0015125242995819186,-0.0001275567925004383,-6.969933856228702e-08
2,GMe,Methane,90,4,-29.799997329711914,-0.6454407301613426,0.02335471989087168,0.011238041958128194,0.008182808087570964,-0.02736170126388311,-0.002845536105623131,-0.0002820314405993613,-15.330000877380371,-0.5673575358129054,0.009440274751510517,0.00566674299601802,0.004122327647516323,-0.010632836249160272,-0.0010761665810803686,-7.496925122666348e-05,-17.690000534057617,-0.6335960059354613,0.009711133962110487,0.006026523089187629,0.004459259073430881,-0.008858475501590265,-0.0008705844451999602,-7.666612635496245e-05,-0.6099996566772461,-0.12423618648354047,0.0018547611386552556,0.0003086490270902135,0.0001343942195433372,-0.001506669613760678,-0.0001320342999527795,-1.253525071378478e-05,-85.9900016784668,-0.7886096932912056,0.05109011353868364,0.02244209333398494,0.018141089630416822,-0.0906477015307563,-0.008294652494951623,-0.0004997502500000001,-37.9399995803833,-0.7158490486864774,0.02083838370029356,0.010683632312334287,0.00815523900940815,-0.029486526230436298,-0.0027487980070720524,-0.000129322261623018,-44.44000053405762,-0.7803336249115067,0.025681930029317245,0.010866636275397037,0.008829298258778718,-0.03273958990050746,-0.002758624218293527,-8.809845057150301e-05,-1.6500000953674316,-0.1950354713862197,0.0020833034472118586,0.0004902901246822131,0.00027144977294495256,-0.002794317488618441,-0.00024586090180432174,-1.2603652984936153e-05
2,GMe,Methane,100,1,-28.54999828338623,-0.6807343638109827,0.01543397137758787,0.00970793462623518,0.007271832233841452,-0.01993320020805904,-0.0020223037813514493,-0.00021426412626771846,-15.220000267028809,-0.6129681962865312,0.0091632184793415,0.005342424782927932,0.003914218769198812,-0.00787186423379046,-0.0008402693449990683,-8.76033581121575e-05,-16.130000114440918,-0.6768778919883593,0.007283378436893381,0.005225888908283602,0.003909629447561603,-0.00595375974493698,-0.0005503009593147303,-8.083678661080995e-05,-0.440000057220459,-0.15172415267272973,0.001681562555772479,0.00026466603972336304,9.615025627784955e-05,-0.0012137431903899323,-0.00010485580959062495,-1.0341937131188815e-05,-81.60000038146973,-0.8050513012046705,0.034409963247025575,0.019232561134063512,0.015890417313366097,-0.06537050335389502,-0.006481549794612726,-0.0001295575579619604,-37.750000953674316,-0.7347216848755721,0.01854799665722084,0.009749133229972732,0.007799136241393946,-0.029225958236897463,-0.002782040799831611,-7.41327458101636e-05,-42.09000015258789,-0.7901257704317067,0.019795704049289667,0.00998240205397098,0.00814083044234401,-0.022448939588849786,-0.0019004377407740056,-6.000137329101563e-05,-2.2800002098083496,-0.3480916249488765,0.002125753909876379,0.0005133227221754116,0.00029769216758464517,-0.0018411281765229569,-0.00016159030770446112,-1.0000228881835938e-05
2,GMe,Methane,100,2,-28.73000144958496,-0.6457631010495176,0.01631442683839659,0.010950501416464167,0.007951224106678,-0.020788402180215635,-0.0017666923690135756,-0.0001499687796324464,-14.40999984741211,-0.5731901430890854,0.008579619442648491,0.005465017450125322,0.0039163811735987855,-0.00908275319287301,-0.0009708884692771419,-8.944071987395804e-05,-16.249999046325684,-0.6463802482436308,0.008170705330119028,0.005760682189839464,0.004231502608599623,-0.0050557302243922925,-0.0006086892022222328,-6.228380703462775e-05,-0.46000003814697266,-0.13218391828326567,0.0018543407448396907,0.00024216284007467554,0.00010046451321860903,-0.0016958163716581326,-0.00016909166612582752,-1.815867580711199e-05,-82.67000007629395,-0.7868087971486527,0.042243354040427526,0.022095149309638455,0.01743869077471305,-0.07314120784952385,-0.0071581638472192005,-0.0003369513910885484,-36.51999855041504,-0.7074777083704525,0.018639738672142973,0.010246051613504486,0.00794166525657626,-0.03166893901146667,-0.00290130497252179,-0.00018740871252936214,-42.13000011444092,-0.7717530682667292,0.01832529201780396,0.011101271275012547,0.008750713595018705,-0.027070359230298685,-0.0024793882111899227,-3.7034543108627757e-06,-1.8600001335144043,-0.26160338939333105,0.0016398973093981798,0.00046618976260935614,0.0002916088058061458,-0.002051542558527486,-0.00019750626977702815,-4.462296222477851e-06
2,GMe,Methane,100,3,-23.570000648498535,-0.6469942479014976,0.014007332417903124,0.009032138517459211,0.006519409078319017,-0.01550437564933062,-0.0013594728673990506,-0.00011312425676073048,-11.529999732971191,-0.5578132409488833,0.007165430052916732,0.004427479027281114,0.003224834638693092,-0.006552470116269758,-0.0007666566587230995,-5.501581282081708e-05,-13.190000534057617,-0.6375060509227962,0.00656555129715097,0.004703743429824182,0.0034680468625553594,-0.004659486433319987,-0.00042371435054084174,-2.0000457763671876e-05,-0.309999942779541,-0.0930930780426364,0.0014252538283813006,0.00021392082462510858,7.649183133800931e-05,-0.001543553115044107,-0.00010328126397604128,-1.220642247612283e-05,-72.55999755859375,-0.7984154902234528,0.029641777769793674,0.01855843737803999,0.014571833319109839,-0.05599216640135206,-0.0051266306884196694,-0.00013000106811523438,-31.25,-0.7113589752540512,0.014410621240177952,0.008730667924508089,0.0066618377146955236,-0.021269553450457175,-0.0020443510293676496,-9.219841198745808e-05,-36.679999351501465,-0.7784380344431874,0.015328798256989221,0.009293736027193321,0.007430376045687362,-0.018138961518691113,-0.001723661847176908,-1.9615110684634724e-05,-1.5099997520446777,-0.20488463710880103,0.001993179632032449,0.00043599613076089833,0.00023432361200718417,-0.0019520710678299427,-0.0001691292919524612,-1.1610499795489724e-05
2,GMe,Methane,100,4,-29.709999084472656,-0.6634658306022213,0.018645857233465797,0.011058808524356157,0.008029140627425994,-0.02049270618794876,-0.0020435349328563114,-0.00014603292627172562,-15.420000076293945,-0.5856437569682879,0.010481758812371306,0.005580620241178534,0.004110257432390843,-0.010748167408632367,-0.0010317736791456526,-4.8037173288840906e-05,-17.570000648498535,-0.6481003413105673,0.008144577637169085,0.005939962755498617,0.004427574231801219,-0.00771133692955148,-0.0008077974323188764,-3.4214674792051346e-05,-0.6200003623962402,-0.12863077599902575,0.0018927428195368596,0.0003020736570365557,0.0001477100297627888,-0.0017900219111736636,-0.0001545589948962975,-1.0000228881835938e-05,-84.80000114440918,-0.8005286594931296,0.042131037502050696,0.02236673684175344,0.01761704326477257,-0.08605660706231578,-0.008003369411944855,-0.00042044509738346124,-37.8199987411499,-0.7291305093492444,0.017351397077647976,0.010276404899903871,0.008022001458174234,-0.03417452660389786,-0.003472164615943702,-2.4713886280587188e-05,-43.83000183105469,-0.7911552459178265,0.018757897101942214,0.010658896739965182,0.00863593628704118,-0.03995793077135867,-0.0037638758470250376,-5.999755859375e-05,-1.5899996757507324,-0.19296113105777069,0.002024820987654338,0.0004914305714435759,0.00027850393994858824,-0.0024477675516201823,-0.00022040157284203453,-9.999752044677734e-06
3,GCO,CO,10,1,-0.970001220703125,-0.02622333540654575,0.014764990338119037,0.0022875184225152915,0.0003793048547138117,-0.020077621746870052,-0.0020003327644614924,-0.00025807918724059665,-0.7299995422363281,-0.030240246921852117,0.006565880733120935,0.0008718939501638622,0.00021831512626199585,-0.007086589487252836,-0.0007414808202492263,-0.0001070054234089499,-1.6999988555908203,-0.07166943106249213,0.0063821631903885736,0.0011204961658560668,0.000468599195710974,-0.006529499650756477,-0.0006809259768726923,-9.65405080113659e-05,-0.4200000762939453,-0.05147059854751659,0.002966494709442605,0.0004766411972697945,0.00011982906768099572,-0.002788771691925042,-0.0004492020799645514,-0.00012920113888759244,-5.8000030517578125,-0.056546778483128786,0.08942273513042888,0.007929883887489837,0.0016664089047345593,-0.07939755655641491,-0.0072504331728148064,-0.0007749768954216211,-2.6200027465820312,-0.03710000912891267,0.05658334907818898,0.005667690917586323,0.0008616821612310731,-0.056999002588403964,-0.005097863370917352,-0.0005055348017438645,-3.950000762939453,-0.06918901300371427,0.032013590157797714,0.00413779752214712,0.0011827533653725078,-0.03419741668677737,-0.0033976241220537336,-0.00034459993728567015,-1.200000286102295,-0.15810280131458787,0.0021553846242775066,0.0004245435933173066,0.00018908287122924497,-0.0015868410344488909,-0.00012855865321906784,-1.0105735059138193e-05
3,GCO,CO,10,2,-0.75,-0.02066684985061818,0.02057174919824768,0.0020841322787597556,0.0002431409892607827,-0.025036914888470294,-0.00234157558656551,-0.0002444224263401825,-0.6000003814697266,-0.026869699217184143,0.00665783645576491,0.0007887540781672634,0.00018948866811385962,-0.009707006998706708,-0.0009264137052016531,-0.0001030994669604517,-1.3599987030029297,-0.05983276420555194,0.005244266675014691,0.0009441058379535956,0.00041157723437996687,-0.006583114560802476,-0.0006867618232370521,-8.804566374600507e-05,-0.1700000762939453,-0.041769058752779156,0.0019388606010184474,0.0002136651557415426,5.512161375126736e-05,-0.001436723583116407,-0.0001489308870864564,-1.8340902493950615e-05,-4.540000915527344,-0.043033184033434535,0.0786955280042956,0.007983341928334288,0.001387098259349451,-0.08259161027995685,-0.007929636062223896,-0.0008053711500826525,-2.5400009155273438,-0.038218491581664425,0.04427560691995318,0.005088015667934036,0.0010260389265102162,-0.039762140462070925,-0.003995376915365881,-0.00045055989471471026,-3.200000762939453,-0.05705118121294587,0.030987746911665573,0.0035056450027253524,0.00099967059003568,-0.038962977754822534,-0.004009920230622829,-0.0003374225187284554,-1.260000228881836,-0.15107916137038194,0.0021801638114007397,0.0005151243488405218,0.00028778792971038844,-0.0028453457805556782,-0.0002293427557746623,-2.0781234356691303e-05
3,GCO,CO,10,3,-0.6500015258789062,-0.018492218994652046,0.01547963029121415,0.0016991701832090298,0.00028895686012520114,-0.01724001539574735,-0.0018764371710758166,-0.00022300305742554733,-0.46000099182128906,-0.021957087115482627,0.009705284542982544,0.000989345773100105,0.00013539650494724393,-0.00693204173664821,-0.0006868742954107418,-8.417737626260777e-05,-1.4100017547607422,-0.06325714207479134,0.00544240933094397,0.0010486634162500928,0.0003866601915064463,-0.006692053643955739,-0.0006490998051004746,-7.123545106006817e-05,-0.3600001335144043,-0.08181821038900267,0.0019833526434493627,0.00028684131930780483,9.418316793080068e-05,-0.001536050043400249,-0.00014723834016574708,-1.8373024242537236e-05,-4.25,-0.041764936230153996,0.07695277059578007,0.00823438515059901,0.0012878091237295834,-0.06795399813327094,-0.007061124805498897,-0.0006459664381292014,-2.1100006103515625,-0.034010325261350415,0.04450023089398605,0.004118040807840953,0.0006666587192139777,-0.04427854796989114,-0.004633438467219534,-0.0004194522620693161,-3.25,-0.0601295105619829,0.035466540502244584,0.0037000457373387147,0.0008804327063628615,-0.03031723734184549,-0.0034241991052575893,-0.0003457313482612429,-2.3199996948242188,-0.25921784852135193,0.0022944303011072417,0.0007008264554280033,0.000401605470820332,-0.0029906615527561698,-0.0002910137925087239,-1.513439216655483e-05
3,GCO,CO,10,4,-0.720001220703125,-0.020258897078096534,0.014740727615341467,0.0013933680808257457,0.000178772142281802,-0.017722485279774526,-0.0017840031498652666,-0.00030325452143229055,-0.5300006866455078,-0.024754819730163174,0.006396215218162793,0.0007377892018277273,0.0001486201943433579,-0.0066875476397105765,-0.0007123311619762023,-8.834086086733198e-05,-1.4400005340576172,-0.06354812637927149,0.004993207826938282,0.0009118337352034343,0.00035290759094442443,-0.006910186602484304,-0.0006834271524941133,-0.00013420047954404367,-0.19000005722045898,-0.048593363951318955,0.001997493663040242,0.00021081561489667464,5.3545983918908455e-05,-0.0013977214592514465,-0.00014116091881352498,-1.4589680782892145e-05,-3.9899978637695312,-0.03859171957949557,0.07808426313691141,0.007905259468773214,0.0010201444189078365,-0.07986641735912349,-0.0072929563214683135,-0.0008069541510770698,-2.6800003051757812,-0.0421582557502196,0.041423609894340394,0.0040435290934352575,0.0006828409957767977,-0.05478828066982836,-0.0053948879510092715,-0.0004177821347366628,-3.2600021362304688,-0.058844802282318164,0.04555516124242166,0.0049808461173539344,0.0009850192207041702,-0.029525154291202352,-0.0030860854765775705,-0.00036510290907355045,-1.2200002670288086,-0.13540513163563078,0.0026555477971284196,0.0005393600836426235,0.000268471767006734,-0.002048551218576316,-0.00019450510006139386,-2.746904106597921e-05
3,GCO,CO,20,1,-1.4199981689453125,-0.0375859770996991,0.0142581482492472,0.001806835472353706,0.0004258056894319666,-0.022535197356319793,-0.002646586005606074,-0.0002650682934398643,-0.9600009918212891,-0.03952247655979337,0.007597903730909805,0.0010053602114334927,0.0003329330382008073,-0.00767316495023441,-0.0007507930260794155,-0.00010654934393102713,-2.3499984741210938,-0.09706726819449946,0.0058224540422635,0.0013618408428879847,0.0006684432335093715,-0.007704932134022218,-0.0007513394445139677,-9.260914831667709e-05,-0.940000057220459,-0.11449452531703282,0.002481276112829177,0.0006483933156617697,0.0001544778443763428,-0.0025657552147810648,-0.0007696063111346093,-0.000197826984491135,-7.930000305175781,-0.07547349698494779,0.07149901006862988,0.0067857207337583495,0.001999552530837039,-0.08360295717225322,-0.007603398795096846,-0.0006006058583382083,-3.5900039672851562,-0.05083551157832418,0.05157504975266916,0.0053130451993590525,0.0012972375845613203,-0.05015500992825688,-0.004838148998754111,-0.000537984656995686,-5.529998779296875,-0.0946593453033775,0.029778687847494135,0.0038859626639077506,0.0015381962720068787,-0.04555142920389877,-0.004563146808023074,-0.0003765692766995024,-2.2799997329711914,-0.275362295471118,0.0024134224489309824,0.0007348465353806309,0.00036902473211756343,-0.0020486445140578276,-0.00022361080870224754,-2.1707696695662916e-05
3,GCO,CO,20,2,-0.9099998474121094,-0.02450847889130702,0.016723819437845316,0.002011755057133034,0.0004027383911820367,-0.02331929400351318,-0.0022153055951043862,-0.0003138844603467119,-0.7399997711181641,-0.03249889135886483,0.009069171707975113,0.001376575345370648,0.00036191165460047764,-0.006964250432626305,-0.0007056138125492098,-0.00011152227614044041,-2.030000686645508,-0.08731185749012937,0.00483973797091592,0.0014437787399055033,0.0007011497607775938,-0.006391267100533249,-0.0006837742235038578,-9.814945077056588e-05,-0.26999998092651367,-0.06553397777336947,0.001971442198732397,0.00023659722581642812,8.5568040743756e-05,-0.0014666780096682997,-0.00013238905644750027,-1.2752167414358505e-05,-5.970001220703125,-0.05520622576658342,0.09348753910850607,0.010778740806235863,0.0025453455036366784,-0.0832465287770209,-0.00833689904775472,-0.0008461726148766015,-3.160003662109375,-0.04673870187224279,0.045144185803781475,0.005441472218741934,0.0013210030835952666,-0.05570531954494886,-0.005486579815901594,-0.0005540041216769986,-4.770000457763672,-0.08291327236183144,0.03692693353451261,0.004680534511307177,0.0016958321635108142,-0.041702004334767895,-0.0037158466195792005,-0.0003447471148770698,-2.0799999237060547,-0.24384525074088645,0.0026194227867108707,0.0007859384436817389,0.00047555166981555274,-0.0022058250482349722,-0.0002010060299977829,-1.3103944956211207e-05
3,GCO,CO,20,3,-0.8799972534179688,-0.025551605357368144,0.016087768734005664,0.0019333565235348097,0.0003404290783602661,-0.01857237275006647,-0.002023218644602037,-0.00027451625985535044,-0.6999988555908203,-0.03406320591625226,0.006058781828113793,0.0008453773346117771,0.00029206035317244514,-0.006313213359771494,-0.0006465214898790495,-8.496513123469443e-05,-1.9400005340576172,-0.08874659102886535,0.005808796413228573,0.0013478070302369004,0.0006259244819193284,-0.004990775357746742,-0.0006823429468041434,-0.00010510921761218419,-0.5099997520446777,-0.12085302782005973,0.001918527743525367,0.0003369238030090785,0.00015236972413748467,-0.001448007451460748,-0.00010232747742020553,-7.494237575503364e-06,-5.489997863769531,-0.05523136599087681,0.07403479241605324,0.008467472760543203,0.0022282936736754974,-0.07371747807397164,-0.005889779130449364,-0.0006646323760514884,-2.9399986267089844,-0.04828376837213102,0.04863904695927419,0.005285732276925983,0.0013573310385473036,-0.03425567070626647,-0.00340044320996158,-0.0004224226803785944,-4.590000152587891,-0.08678389498121718,0.023634572342174455,0.003614892835883665,0.001414023430131549,-0.03313142437886926,-0.00348385501202767,-0.00046073535965169524,-3.2400002479553223,-0.36986303234022744,0.0028323923253492506,0.0009566259276254831,0.0006282794908974745,-0.002062713485819894,-0.00019425294928947326,-1.1958677895450375e-05
3,GCO,CO,20,4,-0.8199996948242188,-0.023509164842709908,0.01441280683944513,0.0015707130825524792,0.0003036740013070162,-0.01763047064304102,-0.0016912841485942694,-0.0001884520004607048,-0.5500011444091797,-0.026140737665238573,0.006514871292986241,0.0007970221748084334,0.00022534580869574514,-0.006445642273289167,-0.0006640388782241368,-8.249401765092257e-05,-1.8899993896484375,-0.0849437927931882,0.00501670522964368,0.0013500869201875044,0.0005945110053540921,-0.005294999571496238,-0.0005532640882670533,-6.590720802652463e-05,-0.3000001907348633,-0.07692312394843655,0.0019373407078812353,0.0002708297008329005,9.117118085355031e-05,-0.0013270831995193949,-0.0001140980749344838,-1.0981842046271176e-05,-4.959999084472656,-0.048934481596343914,0.07560725279411308,0.007284993541623011,0.0017735803584804136,-0.08211633852027413,-0.009133246057147848,-0.0008628747125634775,-2.9300003051757812,-0.046723016232689846,0.03766084335306887,0.004693292354820253,0.0011299550753358502,-0.03861325542815695,-0.0037078400017244665,-0.00040619516867037284,-4.470001220703125,-0.08209368518036021,0.02689774311509659,0.0038677674729903286,0.0012928089430051372,-0.03582616113255837,-0.003793549923286333,-0.00024773515967200106,-2.0,-0.2222222222222222,0.002515122561854734,0.0007909896386042326,0.000494676411661945,-0.002970556413435366,-0.0002546217858772948,-3.0074698009474016e-05
3,GCO,CO,30,1,-1.7599983215332031,-0.04675872343444376,0.018511093341164374,0.0022485689902391618,0.0005344151499610635,-0.02135948041379716,-0.0020225527315826455,-0.0002817447229705464,-1.239999771118164,-0.050903109197429054,0.008782630546152678,0.0012750373915394026,0.00041830437749210234,-0.007964640775780537,-0.0007829954916729598,-9.430227170750707e-05,-2.9099998474121094,-0.12059676538006393,0.005305211369848759,0.0015334595621716812,0.0008262147488757613,-0.004824574305420798,-0.0006114418582672824,-9.713626812519509e-05,-0.8400001525878906,-0.1044776314146015,0.002243640567987944,0.0006033250219317445,0.00020190117275737193,-0.002760429506296085,-0.0006305564243323454,-0.0001804160505719369,-10.040000915527344,-0.09593885111453679,0.07418908464125121,0.009414223117916398,0.0026325391085070204,-0.08198206732992598,-0.008417957617393862,-0.0007811443555065447,-4.930000305175781,-0.0696032779574809,0.040774544260224456,0.005544012402060347,0.001522810978495348,-0.05969127106223484,-0.006152860355271734,-0.0005621227987210082,-6.840000152587891,-0.11768754780267986,0.024512046099829377,0.004209168062498011,0.0017390466607823418,-0.04552214940605634,-0.004481287256067335,-0.0003256547042709726,-2.2899999618530273,-0.30131578823536054,0.0025599043030856456,0.0007540556264845424,0.0003950754417069101,-0.0020055216585611736,-0.00017204231548445124,-1.1372107091113008e-05
3,GCO,CO,30,2,-1.3300018310546875,-0.03679119709310583,0.022180322254086123,0.0025097845503740768,0.0005264912488730431,-0.01798309770656935,-0.0018832967804087437,-0.00021861056479397344,-1.039999008178711,-0.04678358207802678,0.009902852073447113,0.0010544046811628658,0.0004132227191500927,-0.007629681694717987,-0.0007774769301594136,-0.00012238303310821083,-2.6800003051757812,-0.11827009369913351,0.005028177207006287,0.001650750982731353,0.000823067202669603,-0.006334441753377728,-0.0006875820403275663,-7.23334613968393e-05,-0.36999988555908203,-0.09203977296383119,0.001936521510258788,0.0002781838733741346,0.00012134014164505768,-0.0015773972803655753,-0.00016065077229893333,-1.731449164255542e-05,-8.300003051757812,-0.07899498501822755,0.07896058823193795,0.010411890103256383,0.002786126849188654,-0.08671896476991875,-0.008743594806568033,-0.0005549197856514642,-4.389995574951172,-0.06642450927833242,0.04474005721599344,0.006199875897256193,0.001599407624631005,-0.05253606100361187,-0.005261717310162875,-0.00048973625361393,-6.200000762939453,-0.1108132382197616,0.03301427563034884,0.005632065202471307,0.0018568002251954467,-0.0352599602870689,-0.0039035915104335237,-0.0004009998636973203,-2.4800004959106445,-0.30170321354588747,0.0025987079545971873,0.0009467190978487677,0.0006057600024786677,-0.001983870175503248,-0.00015848612421573283,-1.5015977287643262e-05
3,GCO,CO,30,3,-1.4000015258789062,-0.03982934466868135,0.01788348406429621,0.0017929951919926396,0.00036418564536826875,-0.016316924263632016,-0.0016583989704932237,-0.0002318396940313438,-1.0300006866455078,-0.049258761078995614,0.006125587724870681,0.0009209511955977026,0.00031956079558682107,-0.007777551540396693,-0.0007286909965259917,-7.018321786742583e-05,-2.6800003051757812,-0.12023329722292105,0.0046845331320949455,0.0015353097534026334,0.0007684606909622975,-0.004967954144504038,-0.000537461871798478,-6.957927123490862e-05,-0.8100001811981201,-0.18663597988933864,0.0020373121437212375,0.0004437722625862888,0.0002214915193019757,-0.0016517590993337082,-0.00013488228347004796,-8.946968698647534e-06,-8.540000915527344,-0.08392296320998971,0.07804211645103248,0.007229127036644887,0.0021593360313299816,-0.06928760143898449,-0.007307678205907327,-0.0007532861781474351,-4.530002593994141,-0.07301744885790892,0.0473680002640782,0.005324014513300848,0.0014811352779369132,-0.03549851923971099,-0.00338020182203237,-0.00027374918130915546,-6.6100006103515625,-0.1222941850814916,0.026787953545867604,0.005211800331990879,0.0017567972431726607,-0.026600120669400512,-0.0025239433808331288,-0.0002748961545829504,-4.25,-0.48131370744295826,0.0028860164865836713,0.0011185188156560561,0.0007448881127251018,-0.0021821687095028254,-0.0002078304932980778,-2.2694696771461048e-06
3,GCO,CO,30,4,-0.8899993896484375,-0.025604126370083816,0.015496336804323373,0.0017677959585830779,0.0002933817818061428,-0.016578260139265708,-0.0016339746240014224,-0.0002109667851577079,-0.8800010681152344,-0.04182514400300244,0.007390016988734928,0.0009619739539772194,0.00030821094178264195,-0.00865066126929183,-0.0007470329525568725,-0.00011393493121903176,-2.309999465942383,-0.10428891673704051,0.0058895035682027756,0.001423211049599539,0.0006934754451217554,-0.005939468899362444,-0.0006434033234541897,-9.113371411442202e-05,-0.4200000762939453,-0.10824743915103326,0.001990146107208137,0.0003071164190918924,0.00012679494312723213,-0.0017548977409512583,-0.0001761988441094523,-1.6571197685066028e-05,-5.989997863769531,-0.05933040727107906,0.07092627889761771,0.007201855351627789,0.0018824653653459443,-0.06713456259134676,-0.007131782229859281,-0.0008578476623649172,-4.1399993896484375,-0.06619762278610015,0.03554640400618214,0.005045456286011855,0.0013585414531121546,-0.03849378124566872,-0.0036427768631822296,-0.00044312829712451227,-5.340000152587891,-0.09854217176443937,0.030175703879601886,0.0043025112079711995,0.001498541392482321,-0.03752352325371365,-0.00380968176031548,-0.0003802533268171566,-2.5399999618530273,-0.28475335651659983,0.0024912401169387274,0.0009357887774517804,0.0006435860558927703,-0.002825754369266757,-0.00027908598772665257,-2.7271360955607055e-05
3,GCO,CO,40,1,-1.9099998474121094,-0.051635570714882895,0.014463881855559062,0.002331208293771667,0.0005874559440648579,-0.020018324209272565,-0.002028428099332996,-0.00028060415795498346,-1.4799995422363281,-0.061207589890705294,0.006955102917598469,0.0013140578800271752,0.0005244399189751678,-0.008713434743793921,-0.0009358785649063842,-0.0001294082954021743,-3.25,-0.1376535330784816,0.006201871485088072,0.0017895708535569411,0.0008967007320952667,-0.006398352557688549,-0.0006657982353184052,-8.99296490798771e-05,-1.0300002098083496,-0.127317699676293,0.002772397838295564,0.000592077507949655,0.00024264841679419504,-0.0019489229664714888,-0.0005533954345631103,-0.00026386708764484916,-10.8800048828125,-0.10691828473280662,0.07349204407014838,0.01021625061443664,0.0030361813703539938,-0.07659716802877235,-0.007506189337117716,-0.0007228338827300488,-5.010002136230469,-0.0715714590890067,0.05131360004236059,0.007087601680158267,0.0017252331652893912,-0.05382655109566267,-0.005019591317524235,-0.000481063555834078,-7.220001220703125,-0.1277424126367178,0.028830109114583953,0.004719096964499965,0.0019163015705727653,-0.030745200622974676,-0.003030206782766116,-0.00031359538029438345,-2.4200000762939453,-0.3356449463925252,0.002282240757804212,0.0007314897588230363,0.00039977911246453,-0.001741581148055914,-0.0001629495760739577,-6.982597466320774e-06
3,GCO,CO,40,2,-1.279998779296875,-0.03388032876269715,0.016397414319877266,0.0018643332422169801,0.0005121430672807271,-0.02151876821147476,-0.0021890447843948375,-0.00027094429490469394,-1.2299995422363281,-0.05326979359497629,0.006904139971493678,0.0011827722976721817,0.0004964179127928714,-0.008125648676369727,-0.0009329347438395293,-9.993563792431943e-05,-2.979999542236328,-0.12637826767931404,0.006305202513714218,0.0018787965051078096,0.0009807654364569034,-0.007135516175320038,-0.0007048921463033006,-0.00010499140117787597,-0.5,-0.1193317406137907,0.0020026889406595,0.00034196549539898297,0.00015537507740122215,-0.0013244736726442036,-0.00013792266871839003,-1.0120844846765874e-05,-8.139999389648438,-0.07433789396939212,0.08998860839308183,0.010341056125831288,0.0031281831646524155,-0.09002147093849847,-0.009648713854030062,-0.0011373166272629386,-5.119998931884766,-0.07529410193948184,0.04007056950447982,0.005665925538775724,0.001996056370854028,-0.04885307103602911,-0.004838695045958413,-0.0005747965003251949,-6.959999084472656,-0.11975222319996266,0.030907161890790673,0.005380736218409664,0.002304449771729982,-0.030185220054653357,-0.0030804645690915163,-0.0003910362179189646,-2.960000514984131,-0.34579443573399665,0.0030772259995011405,0.001041118319547299,0.0007160613955609028,-0.0026030688986396363,-0.0002489649794988702,-3.595874730971393e-05
3,GCO,CO,40,3,-1.1699981689453125,-0.034041262883482803,0.01439698675153619,0.0017477433798937059,0.0003668233596180662,-0.01724902161505372,-0.0016293262788623834,-0.00022828214756068782,-1.039999008178711,-0.05060822612115442,0.00681319811090777,0.0011473678404060887,0.00038487936690001154,-0.00582912696179706,-0.0005622665530957834,-5.9405678774613276e-05,-2.789999008178711,-0.12786430097157647,0.0058107111162430435,0.001729233234769261,0.0008578266948898646,-0.006353580158096497,-0.000685809436094753,-6.005308988006956e-05,-0.7599999904632568,-0.18138424345688953,0.0020164609094450122,0.00043861812589085275,0.0002233852638939807,-0.001550133320295828,-0.0001264792784725725,-9.999990463256835e-06,-8.200004577636719,-0.08249501460522451,0.0657910728007109,0.006978508854304281,0.0023972139693857445,-0.0748723087330697,-0.007458498954511976,-0.0006437953417161321,-4.540000915527344,-0.07456069898235479,0.040607172201736,0.004885154805085174,0.0015398594486249312,-0.0403640914179991,-0.003906259457010138,-0.00032637312266539165,-6.6699981689453125,-0.1264215007797499,0.02265076574287657,0.004507264713024256,0.0019411180094616183,-0.031300408573175204,-0.0029248579018813625,-0.00020652023341699225,-4.110000133514404,-0.4691780851744364,0.0034670145374781263,0.0012162392707137024,0.000790433080067919,-0.002468633693743911,-0.0001625513982813669,-2.995072549201307e-08
3,GCO,CO,40,4,-1.1100006103515625,-0.03128524872245808,0.01606026070235934,0.0015770877733165935,0.0004264839942393542,-0.019489290582717353,-0.0017761168395845097,-0.0002283844487558821,-0.9200000762939453,-0.04309133769816883,0.006675564576942656,0.0010710353662458435,0.0004004309637844306,-0.007612786272195283,-0.0007781787449156517,-9.102344698752998e-05,-2.739999771118164,-0.12107820913526474,0.005732831081045064,0.0016660652235162567,0.0008697043698036471,-0.00644017278038716,-0.0006305472311234723,-7.799608890184563e-05,-0.49000000953674316,-0.12468193415097356,0.0020007363718049487,0.00036141144218228684,0.0001508681624191295,-0.001649925516910104,-0.00017220564236114093,-1.4506655491976764e-05,-6.989997863769531,-0.06760806562563323,0.0761124768746529,0.009034042153204858,0.002426318833507305,-0.07767968116035782,-0.007390480035394124,-0.000779337414533325,-4.400001525878906,-0.06940065331201756,0.04067344692134306,0.004996114967422951,0.00160128188630025,-0.04401048932757485,-0.004106364279528391,-0.0003853835425161574,-6.220001220703125,-0.11227438717303259,0.02769614876867814,0.0048077206485881395,0.0019763853586866843,-0.03245604309151608,-0.0029298713486170906,-0.0003754779103183483,-2.9900002479553223,-0.3257080771848699,0.002853791105065802,0.0011023007850197739,0.0007552466598651962,-0.002613908049614422,-0.0002548198559113941,-3.053030015173723e-05
3,GCO,CO,50,1,-2.270000457763672,-0.06195416199720228,0.017582642552944564,0.0022298601424252957,0.0006968826250971264,-0.022316754364911928,-0.0023736577184078358,-0.00020402864717596037,-1.75,-0.07319113388406862,0.00743800632130129,0.001409540272749736,0.0006344560660377874,-0.007342637377783533,-0.0007178389284051572,-7.597988679755946e-05,-3.6599998474121094,-0.1559437560498589,0.0061206838004101635,0.0019211416606947965,0.0009950315106248132,-0.00724818740090003,-0.0007086746252149778,-5.8513596536040875e-05,-1.320000171661377,-0.16000002080743964,0.00259735239279528,0.0005164187416511819,0.00024379803270214152,-0.0024309749203554505,-0.0007512581196292952,-0.00024523733841199513,-13.120002746582031,-0.12893084189422208,0.06291489928918371,0.007930824042710885,0.003099782216360474,-0.06938609924350374,-0.006284456876607202,-0.0005592881925759226,-6.4900054931640625,-0.09217448026716424,0.03943006304168666,0.006006616856199253,0.0021641395266431378,-0.05297692644340396,-0.0050779655673458025,-0.0006383432440609396,-8.439998626708984,-0.1493276461138042,0.025866115114893774,0.0048146368081747925,0.002179965801954145,-0.02880545311457272,-0.0031862273256985482,-0.0003058779946601527,-3.059999942779541,-0.3984375014551916,0.002458942249066534,0.0008430803658976948,0.00046615360960343156,-0.0017306719281698266,-0.00016881175982103996,-2.589490002682696e-05
3,GCO,CO,50,2,-1.6199989318847656,-0.041958013630552356,0.017210514741130375,0.001809852505737781,0.00041205045791602206,-0.02053708533749394,-0.002007523043868844,-0.00024094410344775672,-1.5,-0.06457167583119103,0.007892261407610127,0.0012711856225570094,0.0004958392157995435,-0.00927640970711107,-0.0009712303777058102,-0.00011194000902992843,-3.6300010681152344,-0.15112410486828098,0.006799364735574563,0.001884777005568158,0.0009787492474077916,-0.006862820590066365,-0.0007710242061152053,-7.132534902458689e-05,-0.6100001335144043,-0.14420806873849967,0.002003969469017128,0.0003527088591386177,0.00017236740089868674,-0.0018256459271481736,-0.0001650174291556965,-8.844368259282107e-06,-10.410003662109375,-0.0934722403284565,0.08663733690742592,0.009106002989274132,0.002789929594268098,-0.0960971513739041,-0.009596143225802123,-0.0009969332387247442,-5.740001678466797,-0.08489870768597453,0.05754790575838186,0.0069873236995627724,0.0019926229564436707,-0.05719152609688763,-0.005519755606799699,-0.0004242733008723022,-8.189998626708984,-0.13912007432147538,0.029663641049679196,0.006077173156738425,0.0022201265520037437,-0.03318134267017357,-0.003131520755753907,-0.00030946656536297415,-3.4600000381469727,-0.39140271249136405,0.0031869223717728287,0.0012278112575747537,0.0008090811089962389,-0.0022711805777336077,-0.00017762561699113784,-2.133375084787302e-05
3,GCO,CO,50,3,-1.5200004577636719,-0.04332954328463251,0.017570182769851964,0.0019210766707826205,0.0004035006194197314,-0.01738667778410703,-0.0017773909722121756,-0.00016922677685760103,-1.2299995422363281,-0.058908026421164335,0.009031042279027509,0.0010690209441347328,0.00041046845041569307,-0.006119571702782631,-0.0006173272859889887,-6.87774424123043e-05,-3.3799991607666016,-0.15191007464119557,0.005811292630133627,0.001938989454065431,0.0009860483209332192,-0.005287901630379976,-0.00065964503430195,-7.737345432326661e-05,-1.0900001525878906,-0.25231484010999483,0.0020549554946088194,0.0005133793814646486,0.0002906808907993936,-0.0014025844518780754,-0.00012118483470754173,-9.487415417292189e-06,-10.480003356933594,-0.10339387622165529,0.06839049940633773,0.009381003865350537,0.003038501538941862,-0.07264948932015802,-0.0072694094939731455,-0.0007114145342691346,-5.060001373291016,-0.08200974571673493,0.0454701546088993,0.0059364750805683715,0.0017519627171328695,-0.03566618649598548,-0.0034384100245990748,-0.00040064427559013656,-8.229999542236328,-0.15263352785082834,0.03092682044170793,0.005550289974901999,0.002288862763081054,-0.031347947399216876,-0.0031356809838669277,-0.00038316844327310553,-4.990000486373901,-0.5638418385633118,0.0026305283910720663,0.0012411476200173688,0.0008107662239777407,-0.002204934889531713,-0.0002121937418998793,-2.997069595909099e-08
3,GCO,CO,50,4,-1.3800010681152344,-0.03956424959449704,0.022011530402673642,0.002550735873284606,0.0005333542259325016,-0.017787385939438526,-0.0017728198518242263,-0.00022441800698429497,-1.2000007629394531,-0.056872073044762037,0.007304307700149814,0.0009915179941234274,0.0003691972875872761,-0.008926630748112908,-0.0008607645297467486,-0.00011034706689917924,-3.0900001525878906,-0.13887641135226475,0.005185392058807938,0.0017918513170101977,0.0009246873584596847,-0.00680295754711807,-0.0006569010520975407,-0.00010700207341873033,-0.6100001335144043,-0.15641028681998898,0.0019401772671128101,0.0003764095593853008,0.00017654191860932695,-0.0013207938819411137,-0.00011189850873290005,-1.2927178441172825e-05,-8.480003356933594,-0.0836622267745681,0.06991239436332158,0.008289323891638929,0.0025540198633593873,-0.07418638455363423,-0.007191860024255042,-0.0008926433282856188,-5.349998474121094,-0.08531332406678001,0.04032627181528785,0.004790593136044235,0.0016205699091872937,-0.04117295511874698,-0.0042049232644768555,-0.0005527466392828915,-6.989997863769531,-0.12868184652135703,0.026698112640703923,0.004321348562123133,0.002025803865622014,-0.04092068421758739,-0.0035808537484933933,-0.0003721918353624123,-3.239999771118164,-0.3636363441756079,0.00307752718974674,0.0011566281205940396,0.0008243960552885896,-0.0023726634423937307,-0.00023685235875821667,-3.236996483313078e-05
3,GCO,CO,60,1,-2.3999977111816406,-0.06537722067655335,0.01684293670813819,0.0022733135760106904,0.0007606050538960228,-0.021034572971754872,-0.002217389408648411,-0.00021267092055603516,-1.8000011444091797,-0.07490641252496996,0.009283994477012747,0.0014087790981899143,0.0006285681282963433,-0.00886303052832494,-0.0008358032959858393,-0.00010490591909820164,-3.9000015258789062,-0.1656755044264423,0.005964873016965355,0.0019030225353660923,0.0010906100499972664,-0.008014885572356937,-0.0007302751538933608,-8.78137229882757e-05,-1.239999771118164,-0.15214721830156097,0.0032762219230964024,0.0008085406891655869,0.0003317013907862171,-0.0030164393159101536,-0.0010487286739677645,-0.00027457631746678567,-13.849998474121094,-0.13555837058173517,0.0706617333162711,0.010876817027999523,0.0034254528668270765,-0.07375470767421512,-0.007166894360570569,-0.0005665797799503197,-6.4900054931640625,-0.09217448026716424,0.05538369240219749,0.007636092794330739,0.002349973888140024,-0.04731613902425544,-0.0049681110207329396,-0.0005543780164683421,-8.689998626708984,-0.15337096099737973,0.023844781297718574,0.005071162892501719,0.0023068417369048006,-0.036761861617137924,-0.0034039980241950198,-0.0003306744424844171,-3.1599998474121094,-0.4125326253733149,0.0023243183724721873,0.0008624329970911196,0.00047368578665395747,-0.001957050709853646,-0.00019435207019708663,-1.4783036540899188e-05
3,GCO,CO,60,2,-1.7099990844726562,-0.04631633719611058,0.01934259383474001,0.002648493983719077,0.0005981300621029416,-0.018418014202167057,-0.0018884988379732578,-0.00025722577302315604,-1.5400009155273438,-0.0678414477431025,0.00706498987277724,0.001511147465758204,0.000597018737540029,-0.007130382798611979,-0.0007678880802133691,-0.00014311392076551515,-3.700000762939453,-0.16010387993162267,0.006152148708627407,0.002143419989004317,0.0011019701198794274,-0.006424252698770916,-0.0006915403021874015,-0.00010713621702950954,-0.6299998760223389,-0.15594056484430677,0.001996725666884195,0.00039331365232410343,0.00019842222722270885,-0.0015981432699203745,-0.00017673230068698966,-1.8365988414889725e-05,-11.209999084472656,-0.10452213598575903,0.07292763355570175,0.009261549109494258,0.003317794424584867,-0.08560898836917337,-0.007910648961606185,-0.0008903293545380406,-6.3300018310546875,-0.0941684277908806,0.05276743782729679,0.0062770561596862924,0.002042176268889921,-0.0439688287815267,-0.004214231120730955,-0.0006068263389093666,-8.680000305175781,-0.1520406425289231,0.04081508138622088,0.005283994502484273,0.0025117903360082814,-0.030655303556220745,-0.003052565949906815,-0.00035219564226552063,-3.369999408721924,-0.4094774721951197,0.003192170006888915,0.0011699427798047477,0.0007736827960468258,-0.002563896072090992,-0.00024129422313245113,-3.294824409269894e-05
3,GCO,CO,60,3,-1.5600013732910156,-0.04480187785650384,0.016140527463936016,0.0019643912297191615,0.000532720084359502,-0.01724538361485706,-0.0018502091296758534,-0.00023489741902577808,-1.3400001525878906,-0.06464062625074872,0.006123118011787699,0.0011640621879380653,0.00048232245029526986,-0.00860622186187158,-0.000726390516920647,-9.292252482002568e-05,-3.6500015258789062,-0.16500910431273755,0.005493282162407718,0.002106653183700557,0.0011107104227450456,-0.005497687875738131,-0.0005150870314178822,-6.808998003488657e-05,-1.2800002098083496,-0.29767445419336125,0.002052247196701258,0.0005705805374917539,0.00034517103394220573,-0.0013672779830350326,-0.00013452744850329904,-1.0429974734249374e-05,-11.300003051757812,-0.1123595812473624,0.07282622726110267,0.008230725646930228,0.0033336378396648775,-0.0761484844248072,-0.007623328903732142,-0.0007897432016574061,-5.450000762939453,-0.08879114806289141,0.03630808256110892,0.005022798155339604,0.0018329481120745337,-0.047744297701862795,-0.004729974936062348,-0.0004934576288183474,-8.919998168945312,-0.16663550107150737,0.02496559210973649,0.0056132743178021706,0.0026461700482390167,-0.03001182667450228,-0.0029569475351643305,-0.00031851139864483074,-5.369999885559082,-0.614416478968862,0.0024660085914861045,0.0012389153633237632,0.0008581514873564552,-0.0023857795413906625,-0.00018688275308456945,0.0
3,GCO,CO,60,4,-1.4799995422363281,-0.042824059126922234,0.01852100030170264,0.0030305076860631004,0.0006603870336415403,-0.018640103853419045,-0.0018098902727661454,-0.00016321244842234424,-1.2299995422363281,-0.058908026421164335,0.01538175077337675,0.0028527155013340676,0.0006381022744656616,-0.008965190835837366,-0.0010271984867713593,-0.00011612127354347995,-3.2900009155273438,-0.14940966608233544,0.035518626694324346,0.0056870585696690975,0.0014161917099895474,-0.00530999960327946,-0.0006149228396771989,-5.1493628485809466e-05,-0.6699998378753662,-0.17357509224977152,0.005248218549762327,0.0011240908072195589,0.0002234397959429181,-0.0011245919517247254,-0.00010558863115198315,-9.840676540923045e-06,-8.639999389648438,-0.08624475307774633,0.10027671509264187,0.01754372159599505,0.0038652004631643303,-0.06994402192884164,-0.0061994009524951425,-0.0005481378844399169,-5.700000762939453,-0.09163988252449794,0.05749682628708396,0.010913286271513781,0.002399224327841731,-0.03592713590516733,-0.0036958550422275605,-0.0003670531303891794,-7.3899993896484375,-0.1373861175658615,0.07636527505552948,0.012808623990823982,0.00315700883812576,-0.02912888490672386,-0.0031685274837144717,-0.00024044087522955444,-3.460000514984131,-0.389201392729183,0.01882045066778334,0.0031898613660613358,0.0006470788415919573,-0.002775797819961707,-0.00025945467956075673,-3.528105640104459e-05
3,GCO,CO,70,1,-2.4300003051757812,-0.06569343592623764,0.014488020815957552,0.0020341636643109676,0.0007560878936224496,-0.018421078243832135,-0.0019307682034275166,-0.00022137227716916426,-1.989999771118164,-0.08206184623167687,0.008825872245032208,0.001927503612547177,0.0006958108937350338,-0.008028642890675411,-0.0008544924986191838,-9.447865171674088e-05,-4.209999084472656,-0.17801264914922169,0.00702637648046511,0.0020972474354126903,0.0011524968299852715,-0.006733581158083739,-0.0006422181620321376,-8.573053316157185e-05,-1.390000343322754,-0.17160497257538912,0.00276064376223474,0.000677239628531247,0.0003100905357888884,-0.002818685842932926,-0.0006289025790139202,-0.00017991254510125014,-14.769996643066406,-0.14456295299764196,0.07257798362850404,0.0106538135720992,0.003954710208084361,-0.07081608429374034,-0.006184483856854406,-0.0006015527429262582,-6.989997863769531,-0.09955843832670565,0.043995848743984066,0.006970818357662254,0.002458258489268084,-0.0617471255929873,-0.0060762618600544265,-0.0005888628713126577,-9.46999740600586,-0.1667253086832249,0.024662167196809772,0.004757111443601132,0.002443761482932159,-0.042307670358208586,-0.004168998341572475,-0.00040019633555578375,-3.190000057220459,-0.43224932354382783,0.002158425347474485,0.0008268458753809667,0.00045633964132505583,-0.0018746841668179127,-0.00016694425726150548,-1.5532929089913013e-05
3,GCO,CO,70,2,-2.1699981689453125,-0.05743775116621903,0.017665362676447017,0.0026094907066309273,0.0006533656293770907,-0.019860568906878567,-0.00226377755239805,-0.000224357549163137,-1.989999771118164,-0.08618448497043982,0.006729111226906102,0.0014017213708096448,0.0006402590106579087,-0.009419897768280566,-0.0008788520185012997,-8.288190187906517e-05,-4.1399993896484375,-0.17557249376775044,0.006106354770974235,0.0023234880210410893,0.0012351750558100593,-0.006609908869606378,-0.0007359469776186175,-9.010205885624748e-05,-0.7400000095367432,-0.1791767527921528,0.002202973538368233,0.00045450902639550977,0.00021793094903193607,-0.0018519998847846182,-0.00011071071630185996,-2.4649866516457043e-06,-11.900001525878906,-0.1091342757333409,0.09322107820472839,0.013314780314487651,0.0037407587960919704,-0.08843660063841517,-0.008481091353432278,-0.0008597808429678196,-7.390003204345703,-0.10899709250314121,0.03552782764666788,0.006088036973899647,0.0022364724200560266,-0.05839197719551381,-0.005768350995018715,-0.0004849135068981847,-9.450000762939453,-0.16301536249691376,0.03606264587757118,0.006800433832147387,0.0027385259612126996,-0.03213444763307112,-0.0031412913631778585,-0.0003236803179813625,-3.499999523162842,-0.4206730350411135,0.003314841809559677,0.00124109914453826,0.0008232719158285407,-0.003004118163672331,-0.00031569337258887943,-3.844448168252283e-05
3,GCO,CO,70,3,-1.470001220703125,-0.04284468556878179,0.014238542429205095,0.0015708143553555265,0.0005130435371029419,-0.023244479900504027,-0.002448149086558594,-0.00021811141902132724,-1.3999996185302734,-0.06822610074555766,0.005956335132349458,0.0011975302949397617,0.0005131285979441292,-0.00584886117454344,-0.0005781294658331854,-7.074329770187899e-05,-3.6000003814697266,-0.16544119226117843,0.005972763269107711,0.0020800050294408337,0.001092885424029302,-0.00513215980141257,-0.0006074226677874979,-8.098114338556429e-05,-1.1800000667572021,-0.2816229237810523,0.0019675396948210582,0.0005400963840127323,0.00032857710666579304,-0.0013055993053735838,-0.00011558255971048588,-7.935664883076506e-06,-10.699996948242188,-0.10805895082800353,0.05930666391727377,0.007444383343880574,0.003206486007395612,-0.06804002683495182,-0.006388443077721613,-0.0006064203961715724,-5.630001068115234,-0.0927054357080918,0.04254613630428466,0.00578423161977699,0.0020436406268464127,-0.046036463594540514,-0.0044161585536758065,-0.000455935741963033,-8.80999755859375,-0.16698252158582957,0.02446812751756503,0.0051707907684028585,0.0024949929343142502,-0.029605766870986927,-0.0028081742477532577,-0.0002809436290665256,-5.150000095367432,-0.5940023125776992,0.0027252944876108394,0.0013131643916049365,0.0008719898442504161,-0.002172092456645433,-0.00020665067764572782,-4.951960950133857e-06
3,GCO,CO,70,4,-1.6200027465820312,-0.04532743901794711,0.014990734153497784,0.0018291056267048388,0.0005734411894084462,-0.021143635053680606,-0.0018767988235637622,-0.00025067481856007036,-1.3899993896484375,-0.06492290516370325,0.009174779422113252,0.0014434688399476024,0.0005669727372147855,-0.006374090364064722,-0.0006556374353334664,-9.374913820325497e-05,-3.6399993896484375,-0.1596491013794314,0.0068666358775554175,0.0021097248755009824,0.0011143886586111825,-0.006627971920771549,-0.0006681594261571579,-9.460552572267494e-05,-0.7400000095367432,-0.18734177230470667,0.002005038206675757,0.0004328332601379499,0.0002262653555566032,-0.0013432052808168122,-0.00011202498188583646,-1.0123000636877596e-05,-9.199996948242188,-0.08862341936815295,0.07722225442617635,0.009968421189780976,0.0033056457521275125,-0.0872673017817666,-0.008177751967386777,-0.0008416694394491444,-6.010002136230469,-0.0950648848494854,0.04428599218589854,0.005906955970201994,0.002206796934417289,-0.04924422237852402,-0.004975350589923066,-0.00039183030753610435,-8.339996337890625,-0.14981132768463012,0.030241282200579624,0.005245198672894921,0.0025081079546322035,-0.03016990660442409,-0.0029664723009802663,-0.0003269689841876314,-3.869999885559082,-0.41883116682055505,0.0030630538017033682,0.0013663601001411185,0.0009580130428884045,-0.00279982315743602,-0.00028445126385339596,-4.9865337410867906e-05
3,GCO,CO,80,1,-2.7300033569335938,-0.07281950479350421,0.01787791271725389,0.0025800243371427232,0.0007822742091798107,-0.021011104417668215,-0.001991599408634596,-0.00025041299017608803,-2.0900001525878906,-0.0860436423965658,0.008905703119115442,0.001583813003361341,0.0006952259747259823,-0.007640596637019121,-0.0008097518391267845,-8.888652732191895e-05,-4.409999847412109,-0.18359699264646445,0.005837671991235584,0.0021581836282471975,0.0011609776917763483,-0.006359423631982166,-0.0006995958782875804,-9.8520872347484e-05,-1.4699997901916504,-0.1821561147188705,0.0028857372162645937,0.0009098659656671777,0.00038989153902250205,-0.002525513923516911,-0.0006519718973660604,-0.00018836954656157077,-14.960006713867188,-0.14352879432073834,0.07883446105248464,0.010822664633068873,0.0037009036963258136,-0.07525870629124111,-0.00767129983945527,-0.0007573488710183738,-7.680000305175781,-0.10778947796737938,0.041367748431156794,0.007282575876161688,0.0023676482193992886,-0.05357209874422159,-0.004428406319167288,-0.0005264128693805718,-9.849998474121094,-0.1703562526134503,0.027554294856000538,0.005161756579260821,0.0024294251224321528,-0.04189119594268003,-0.0040863802458067705,-0.00046980655301933597,-3.3600001335144043,-0.4426877557266948,0.002259643884373494,0.0008588037327665222,0.00047546067765339095,-0.0019166142502929939,-0.00019473898699671577,-1.3648589605614727e-05
3,GCO,CO,80,2,-1.8800010681152344,-0.05249932968495886,0.014906475962467771,0.002125020580550309,0.0007779838296528643,-0.018477093085184002,-0.0019346872515595163,-0.00026089548781830943,-1.7000007629394531,-0.07671483640095705,0.006843556172526466,0.0014840887023672244,0.0006752790666088972,-0.006871034011052204,-0.0006919399970728535,-9.483222894517176e-05,-4.069999694824219,-0.18096930796997804,0.005968849770652443,0.0024150480275264706,0.0012658750438518224,-0.005468263538848036,-0.0006847268319274932,-0.00010920657218064793,-0.7800002098083496,-0.19451375692959696,0.0020117570026558645,0.00046951705956156165,0.00024396709857692604,-0.0014809733413013156,-0.00012729512893453414,-1.834086660224956e-05,-13.030006408691406,-0.12501205016822656,0.06795925087974479,0.009874781781501932,0.004067838760228302,-0.08733472088598077,-0.007985466194867093,-0.0009508286023118503,-6.720001220703125,-0.10225199476390437,0.05086709313403212,0.005865574632253268,0.002458190529288018,-0.053085604126290695,-0.0057637402635467155,-0.000583505226491087,-9.650001525878906,-0.17374867423131515,0.02616270732470067,0.005762854873984079,0.002850961041076793,-0.02896840543039821,-0.0031235829916325467,-0.00046570667955865097,-3.7800002098083496,-0.4598540251841943,0.003456596243049719,0.0012632855768886057,0.0008297749765663945,-0.002109993209011396,-0.00019134242175422494,-3.7354004947219726e-05
3,GCO,CO,80,3,-1.8599967956542969,-0.053509691756862425,0.015732682765018196,0.0017443030414869129,0.0006691348352323564,-0.020834021623087125,-0.002398552963944144,-0.0003217527962390259,-1.5599994659423828,-0.07525323204971436,0.008439423361503516,0.0014178771393014967,0.000587309228647448,-0.006983230704330537,-0.0007815018445394709,-8.237421253506016e-05,-4.309999465942383,-0.19511088438980645,0.006005956909837788,0.002333327354055178,0.0012878209369356654,-0.006393241590394222,-0.0006472161490899677,-0.00013457233475479527,-1.630000114440918,-0.3808411295647825,0.0022120122358581774,0.0006298830523971872,0.00040909507276140936,-0.0015830012345094176,-0.00013672068877260382,-1.0000228881835938e-05,-14.080001831054688,-0.1400020072962107,0.07330516061794738,0.012092629451036294,0.0044060243860002905,-0.07658520333194911,-0.007863277470302356,-0.0009547578813872791,-5.969997406005859,-0.09753304190981908,0.031374817515789986,0.005010538556240811,0.002083252309268676,-0.032722192644961845,-0.0031902101687542334,-0.00028974198669072835,-10.860000610351562,-0.2028769074912019,0.029747738908092902,0.0058081386549206256,0.0030133834533706163,-0.027612276375414045,-0.0030105425320592957,-0.0004356811897780733,-6.080000400543213,-0.6901248707100218,0.002850821648424582,0.0012995687958881827,0.0008712936069285291,-0.0020585385819052167,-0.00012722221914271555,0.0
3,GCO,CO,80,4,-1.7100028991699219,-0.04864872901672411,0.015411650378474162,0.002177097107124692,0.0006106696697241363,-0.018868965548180582,-0.0018416277691587542,-0.0002315034387512597,-1.5,-0.07065473539063453,0.006846253025030444,0.0012248937011370585,0.0005423027560771138,-0.006320993540278726,-0.0006100516978271534,-6.960851806259643e-05,-3.7900009155273438,-0.16904553535371067,0.006858428317163008,0.002117017317241485,0.0011896829336133002,-0.0060646941171097184,-0.0006234407528722458,-0.00011033191982420512,-0.820000171661377,-0.2097187093762342,0.001955372673441541,0.00047566023674119103,0.00024465660218355237,-0.0014414830226627839,-0.0001668646211328612,-1.791426959220111e-05,-9.970001220703125,-0.09758247430147765,0.060191806735215556,0.007759265200919587,0.0031970353876458585,-0.07904581471053979,-0.007905967701889305,-0.000706930128407984,-6.5800018310546875,-0.104081013982959,0.04568934581286422,0.00512835031635539,0.0021595854606777883,-0.03762558784481054,-0.0034452536309922547,-0.0003192195085943738,-8.630001068115234,-0.15771200430547694,0.03117068719711452,0.005160862669073271,0.0026201769786129156,-0.030030834269829047,-0.0028022483298513097,-0.00029201431759889786,-3.820000171661377,-0.42969629067906223,0.003112092509562077,0.0013117556836472423,0.0009538071661959851,-0.0026440778412820903,-0.00028108181973348484,-4.2018877016013946e-05
3,GCO,CO,90,1,-2.94000244140625,-0.07933087783221447,0.015598723136124622,0.0022102464811784147,0.0008690592413287396,-0.01896537929575467,-0.001799436729654383,-0.00021508771462516737,-2.279998779296875,-0.09444899904490345,0.007932884779274573,0.0016040616070070292,0.0007534444758206056,-0.00983100618967601,-0.0008822332025973129,-0.0001359275401594941,-4.670000076293945,-0.19688027873022362,0.0053994725497489,0.0021736617919231403,0.0012686067644222206,-0.0066022697750990796,-0.0006666729606070813,-9.933878674172582e-05,-1.6800003051757812,-0.20740743531557082,0.002522952648760659,0.0007302352356955101,0.0003958955263258796,-0.002723837395736805,-0.0007020331586491471,-0.0002027860067603899,-17.090003967285156,-0.16595458739742305,0.06240918621333831,0.008848524763840727,0.004079013702008499,-0.08147815353787558,-0.007857907862064653,-0.000814386553385925,-8.5,-0.11965089935890104,0.04123249218525457,0.006616175373214428,0.0025124691709276946,-0.05718356894637946,-0.005641597509377654,-0.0005144326759900553,-10.689998626708984,-0.18724818003393204,0.029709532448281582,0.00552180563726292,0.002834314399562621,-0.0389581377804663,-0.003138416577827363,-0.00035996662947143643,-3.569999933242798,-0.4747340348800041,0.0025421857732920656,0.0008916578951113576,0.00047608873573394187,-0.0016474681402812957,-0.00014945786581805183,-4.520310350696784e-06
3,GCO,CO,90,2,-2.2600021362304688,-0.062865148491465,0.014992874865854228,0.0022133906334220184,0.0007981426594313543,-0.01794657527411153,-0.0018447962953806619,-0.00024625585382118234,-2.0400009155273438,-0.09189192997384527,0.007805798065611193,0.0015946855007580307,0.0007043803619762856,-0.006645329537638954,-0.0007406748685199209,-7.833068215289754e-05,-4.340000152587891,-0.19271758722774335,0.006655784772623399,0.002255105334017784,0.001304176968523772,-0.006721743260677226,-0.0007197700226430215,-9.43354386104299e-05,-0.809999942779541,-0.20249998569488525,0.002075282164985221,0.0004836879808259735,0.00025330048240758873,-0.00159262378712707,-0.00017518634155734092,-2.2169456522332325e-05,-13.680000305175781,-0.13124819979453412,0.06475682508747495,0.010633830996641148,0.004129657125154798,-0.07899307097653693,-0.008501456457897249,-0.0008929220650546764,-7.470001220703125,-0.11366404567792254,0.03308159406857663,0.005856655913662842,0.00236916842567413,-0.05051852946558381,-0.005111396017337889,-0.0005908277290250387,-10.279998779296875,-0.1846595853676787,0.021392506702921983,0.005469019395065297,0.002909020740192586,-0.029328638985001626,-0.002989904905534682,-0.0004162709229875957,-3.789999485015869,-0.4673242472822339,0.0029790712401625234,0.0012637014136066475,0.000830430571990452,-0.0022475617485781052,-0.00025816209080385536,-3.655277891713202e-05
3,GCO,CO,90,3,-1.6599998474121094,-0.047052151497982364,0.014977325535014435,0.0019474491952602019,0.0006694671406621821,-0.02359283600411595,-0.0023616016264565542,-0.00023947911804225966,-1.760000228881836,-0.0836501973525567,0.0064310994842860115,0.0014083854420198008,0.0006223439293355235,-0.006250002782139684,-0.0006343876759744509,-6.632897915978397e-05,-4.224998474121094,-0.18857392119231728,0.005766901990511938,0.002258239575161212,0.001282975558402609,-0.005497513042724124,-0.0006806562835697861,-0.00010385756630080478,-1.5300002098083496,-0.347727312874202,0.00232349435126569,0.0006773506953160625,0.0004002052390510216,-0.0014972192099055098,-0.00015428718908393977,-8.03474942629063e-06,-12.269996643066406,-0.12009393034124459,0.06860147336293825,0.010305655204624665,0.003769644825514849,-0.07150704772209666,-0.007145301081709852,-0.0007532878052140435,-6.659999847412109,-0.10735009266811998,0.04379351159647194,0.006967566008856483,0.0022270218635350404,-0.043577565848381294,-0.004636594086445079,-0.0004776200061405339,-10.180000305175781,-0.18740795954285994,0.02142985618154591,0.005834123594827866,0.0028776322548369577,-0.03419215789715437,-0.003495635600284641,-0.00030367763570396107,-6.020000457763672,-0.6644591808990622,0.002717424602893109,0.0013153135646324905,0.0009001171569152516,-0.0023850735581319536,-0.0001715838516379433,0.0
3,GCO,CO,90,4,-1.7999992370605469,-0.051694407031488455,0.013535251354349105,0.001890522333608896,0.0007712721022235424,-0.017011421315128856,-0.00171105374778002,-0.0002009216206247258,-1.4400005340576172,-0.06873510652109273,0.005956148363304214,0.0012625879752259468,0.0005625710204293724,-0.006660100137541566,-0.0006649522296163815,-8.127781106622746e-05,-4.010000228881836,-0.18046806268224214,0.005734425143484797,0.0022031904047452007,0.00129666826358602,-0.0063070658991241065,-0.0006497733283337163,-8.224218885840084e-05,-0.8599998950958252,-0.22279790633892635,0.0019238877700800915,0.0004825033217962215,0.00026684033106216045,-0.0013697693631549597,-0.00011435017412673632,-1.0509537136119488e-05,-11.459999084472656,-0.11306234229937726,0.07300708902022436,0.008692524839540175,0.0037628338311704746,-0.07482451736246135,-0.006709825634498924,-0.0006939248899037827,-6.439998626708984,-0.10325474967126752,0.03187227376288525,0.005550632346554296,0.00217674440075457,-0.04414924714243881,-0.004008491886942997,-0.00039970760511727846,-9.419998168945312,-0.1734167566617803,0.024988811966437614,0.005481564104387361,0.0027891750911337907,-0.03495442895663878,-0.003189439198624356,-0.0002860990330245144,-4.130000114440918,-0.4645669240657505,0.0029860559076405058,0.0013697284619846857,0.0009937431576771626,-0.002649892417955053,-0.0002928881231825492,-4.1563944688836104e-05
3,GCO,CO,100,1,-3.270000457763672,-0.0879032363091082,0.013148802735483297,0.0025258512354857307,0.0009783547876611191,-0.020015544645970235,-0.0020806581671288914,-0.00025340081951865344,-2.479999542236328,-0.1025640823381412,0.007794349268597996,0.0018576172022487947,0.0008308644742158913,-0.007024800676089973,-0.0007162138676000425,-0.00010622685112761952,-5.079999923706055,-0.21281942794725106,0.0060466602424354265,0.00229176082177043,0.001379426386299544,-0.00620521681078207,-0.0006276018611685273,-6.589001413992412e-05,-1.7300004959106445,-0.2135802980785465,0.002512354749133098,0.0007491961281208064,0.00035648283894890474,-0.002606867125975544,-0.0006860687877932523,-0.0001592192011956984,-18.949996948242188,-0.18328655634114926,0.05730773327918781,0.01154523117923435,0.004739849949593583,-0.08141843087083442,-0.008344768357856731,-0.000924234238478879,-10.310001373291016,-0.14512952196538528,0.0558362252028569,0.009441888138528934,0.00315375955632009,-0.054817165227450476,-0.005194418878959288,-0.00047005746596634295,-12.239997863769531,-0.21275852813287904,0.021210183559588126,0.005828708117907953,0.0031710296220799406,-0.043619126125240305,-0.0042164980195259156,-0.00039287875888262193,-3.820000171661377,-0.4967490433338321,0.0022800973036437213,0.000890029386811901,0.00048615886175802105,-0.0018345475561970844,-0.00016592839657538476,-1.53299912906949e-05
3,GCO,CO,100,2,-2.329998016357422,-0.06359164997736586,0.015564736394176494,0.002215964905722847,0.0007210154422396255,-0.02622018907296526,-0.002668379070320531,-0.0002528982668760897,-2.1700000762939453,-0.09614533033385785,0.006361957044616755,0.0015742700945386573,0.0006984221944603984,-0.009804852157773427,-0.0008939436390595545,-7.96521592010956e-05,-4.679998397827148,-0.20374395027109346,0.006963094876885345,0.0024346909403486585,0.0013373948135824876,-0.00642015323173837,-0.0005591305398615946,-5.7592828267627004e-05,-0.9199998378753662,-0.2266009484831469,0.002009536252600522,0.0004929310361909822,0.0002740179810510434,-0.0015906138486640792,-0.00016878222250636985,-9.942991848312763e-06,-14.830001831054688,-0.13941902273318516,0.069133829916229,0.009914226683858544,0.004058119414837749,-0.08435288785645516,-0.007899506089953958,-0.0008241450009932305,-7.989997863769531,-0.11953917267407325,0.04824542277718064,0.0068486808860436545,0.00260448148031727,-0.04297932459567651,-0.004182737537976513,-0.0004382957683761161,-11.069999694824219,-0.195375921719665,0.02822204515446455,0.007173443131829231,0.0030086949998339102,-0.04167637132567053,-0.004007513940956989,-0.0003288213977615386,-4.109999656677246,-0.4963767861381821,0.0026345601821275116,0.0012615004395267633,0.0008658316192753316,-0.0019984299534589797,-0.00018104399509609817,-2.6751405224163122e-05
3,GCO,CO,100,3,-2.1399993896484375,-0.061796110991714406,0.013744084240468114,0.0019675464540379567,0.0008078578314620672,-0.015394781897400824,-0.001504869503981832,-0.0002517507945244069,-1.989999771118164,-0.09585740602977577,0.005487952484931925,0.001365330807921351,0.0006316679134767087,-0.006063982320355659,-0.0005855242326017197,-6.824966834582248e-05,-4.549999237060547,-0.20691220029190502,0.005285700619570677,0.002211914549813963,0.0013909002875751508,-0.00565573681816745,-0.0005871655435503734,-9.524711483197062e-05,-1.619999885559082,-0.3811764436609605,0.0022179554097896278,0.0006666401189683965,0.0004169493169219418,-0.0015677280076162475,-0.00016019129985237623,-9.999990463256835e-06,-14.480003356933594,-0.14510475222052535,0.07002217259368558,0.010921642464588495,0.0047082317342053304,-0.07970494944860254,-0.007766950309701331,-0.0007397345299194414,-7.279998779296875,-0.1192465007416009,0.03075493969395379,0.005343232712672344,0.0024145387173442646,-0.05026395010992426,-0.004719453849581466,-0.00034662444174882797,-11.169998168945312,-0.2101994410470619,0.02295824125090731,0.005631702162857206,0.00309418617154756,-0.02376649466776823,-0.0023864611491706497,-0.00028753349442441653,-5.900000333786011,-0.6797235168606977,0.002786416756430434,0.0013345957066669336,0.0008820843085742756,-0.002249065960562924,-0.00020781795345389681,0.0
3,GCO,CO,100,4,-2.1800003051757812,-0.0621436770634923,0.01914380735710746,0.002179191440690206,0.000711290991722755,-0.018008195584500866,-0.0020000196853172353,-0.00023522706204224083,-1.8599987030029297,-0.08761181079173028,0.006447285115511309,0.0014049842558162581,0.0005948540423005647,-0.006003162532053911,-0.0006235353551850643,-7.795232401039016e-05,-4.290000915527344,-0.1919463464118847,0.005910151651309602,0.0022055006794014925,0.0012897516727195504,-0.006972050825534189,-0.0007534539537407612,-9.884098276320444e-05,-0.9700000286102295,-0.2487179499719583,0.0019165455522785445,0.00048813447495145337,0.0002788388007145356,-0.001307788034394976,-0.00010831431938615222,-8.56654973639276e-06,-12.180000305175781,-0.1196933967126877,0.06846898302023675,0.009142361895901986,0.0038477458262001873,-0.07474828108485491,-0.007731233770937825,-0.0008954690026768298,-7.5,-0.11927480713423602,0.03608937446726372,0.005359185061220182,0.002227118779311988,-0.03174662874132434,-0.0032589207765539524,-0.00033996619626204023,-9.979999542236328,-0.18281735692142542,0.02138372850236739,0.005501032574599694,0.0027994087250490015,-0.027229335043836463,-0.002671704517618133,-0.0002941724008573462,-4.350000381469727,-0.4849498608666826,0.002865975379115217,0.0013462852332190856,0.0010052938694166689,-0.002906594631382652,-0.00031369857069653176,-4.2615064222974884e-05
3,GEa,Ethanol,10,1,-6.600000381469727,-0.18323154629630709,0.014598307528777084,0.0033154896171922257,0.001652875348531954,-0.01730975219444535,-0.0018792404588248003,-0.0002112879943089885,-0.21000099182128906,-0.009028417444318499,0.006957865498248366,0.0007110741460033402,9.532587475244164e-05,-0.009710008163128508,-0.0009496013827711496,-8.571883481502083e-05,-6.030000686645508,-0.26285965764007435,0.005871599877293739,0.0022341619429693165,0.00133524712783962,-0.006613268456503378,-0.0006061668824521484,-4.571675280925446e-05,-3.260000228881836,-0.41581634763179803,0.0027656811614946483,0.0010099650985054764,0.0005247594625413545,-0.0020630229362681675,-0.00038351569903724813,-6.470951668432523e-05,-50.5,-0.5060627270937542,0.04585449147436852,0.016259301866452112,0.010283456409054951,-0.07068503103561778,-0.006681779282341099,-0.00036270800775766116,-0.9799957275390625,-0.014329518003876388,0.046139074562613305,0.004533356296647286,0.0005030550744906232,-0.053767717367100794,-0.005296836271044712,-0.0004960791994186079,-19.210002899169922,-0.3493362850121943,0.0202500935592919,0.006616892353765738,0.003964856946640187,-0.031156790323120766,-0.002996817154871633,-8.661858070728012e-05,-5.379999756813049,-0.7472222082408855,0.0015647265601673238,0.0006289146507755701,0.0003959384443149079,-0.0014496217009989897,-9.999990463256836e-05,-9.999990463256835e-06
3,GEa,Ethanol,10,2,-2.670001983642578,-0.07781993228718054,0.013010892936189991,0.002166861786727939,0.0008355011860487932,-0.01788643051615888,-0.0016890534265864283,-0.00016629723773471406,-0.11999893188476562,-0.005679078876045352,0.007469378335301222,0.0007012912565951671,8.916025714379655e-05,-0.006896198339800398,-0.0007563092250668042,-0.00011141551647420303,-4.55000114440918,-0.2122201973447466,0.005618744321598988,0.001972166074737056,0.0011607386354182821,-0.00617340640976285,-0.0005905786898395605,-4.7674690047085286e-05,-1.7300000190734863,-0.45888594902547514,0.0019502680077971683,0.0005517100374472555,0.00034866123314472727,-0.0016286971881083576,-0.00011650111206064737,-9.999990463257645e-09,-25.719993591308594,-0.2597454500429895,0.05102448187504245,0.01288894975291379,0.0066725919285925694,-0.08040301344641995,-0.007272116082271828,-0.0005858955418147777,-0.5,-0.007994883157666548,0.038444562695878266,0.004221977926997414,0.0004252945766244162,-0.0475236280165401,-0.004969617443248969,-0.00047306806832091614,-13.639999389648438,-0.25976004238520367,0.023657710277604667,0.006038412626833724,0.003458972692934923,-0.03200956718172028,-0.003303717254236185,-0.0002582087404522548,-5.2200000286102295,-0.7260083431248538,0.0019450857865558017,0.0007480666935961967,0.0004969667844258797,-0.001350927076416833,-5.703207878550925e-05,-9.999990463257645e-09
3,GEa,Ethanol,10,3,-1.9900016784667969,-0.05473051829103244,0.017265877458264543,0.0020938963786834774,0.000614961112753228,-0.01872373756264634,-0.0017844582798111643,-0.00016157025889958478,0.26000022888183594,0.01205378917757814,0.007469171035118328,0.0007449984614786891,0.00010077913924666885,-0.006926087788257068,-0.0007090849110824824,-7.445658954101746e-05,-3.960000991821289,-0.17209912874536828,0.0056007722217937565,0.0017888089407596263,0.0009630504686581751,-0.006174535003904859,-0.0006554560159788879,-5.6751241886126023e-05,-2.3500001430511475,-0.5097614045532879,0.002099924719162618,0.0006578002621093443,0.0004456969945045326,-0.001610785923498401,-0.00013194437323297957,-1.0932274711104304e-07,-20.050003051757812,-0.19082519377551194,0.07225058024143914,0.013188306253333573,0.005146755291208917,-0.08801477524325624,-0.008507617491577378,-0.0006991039101318085,1.0699996948242188,0.01673967029842726,0.053046852091058604,0.005219768629060976,0.0005815076371675929,-0.04074892907087645,-0.0038941386789387153,-0.0004574167588455902,-12.40999984741211,-0.22236157573992035,0.025428595679854706,0.005751756679461972,0.0029056668003092988,-0.031418099400787894,-0.002976112991913335,-0.00028336835365456536,-6.480000019073486,-0.7552447641834603,0.002299402412667259,0.0008661552983353579,0.0006277115171697547,-0.0015988959629996938,-4.243633758448104e-05,-2.9969981418371576e-08
3,GEa,Ethanol,10,4,-1.720001220703125,-0.05087255696067139,0.013254775198847381,0.0018523501708545918,0.0005736484401998735,-0.018472697171846963,-0.0019197853323775702,-0.00022750189950825118,0.18000030517578125,0.008823544536357666,0.006690231543303257,0.0007052475205751364,9.805940702161542e-05,-0.007093792717652931,-0.0007571163673634777,-0.00011381387209798822,-2.950000762939453,-0.13657410698335953,0.006376262132623004,0.0016390746301798097,0.000791651598420164,-0.005267130392708362,-0.0006420689832864493,-0.00011591241935168396,-1.8799999952316284,-0.4947368470585578,0.002142112704697466,0.000620632680339824,0.00035644053814697693,-0.0014776817830451303,-0.00010975852673284613,0.0,-15.790000915527344,-0.16069611817874416,0.06479683991541163,0.01030478798787426,0.004499133863408608,-0.06320081076658578,-0.0070315698792592606,-0.0008128417901210309,0.4900016784667969,0.008047326053185989,0.040456131328859446,0.0038065374292439672,0.0004304739001543266,-0.04401209833933831,-0.004240874321424426,-0.0005234829220420761,-9.220001220703125,-0.17432409391382317,0.025085406395584785,0.005259847433141026,0.002420657744681421,-0.025395994097205974,-0.0025170569660798972,-0.0003112260609696922,-6.159999847412109,-0.7439613582211624,0.002595532656285395,0.0008702824737487862,0.0005351545337561381,-0.0015844473109732674,-5.272015170073243e-05,-9.999990463257645e-09
3,GEa,Ethanol,20,1,-8.340002059936523,-0.23025957423682886,0.014283530443609686,0.0044504118997340785,0.002498682591129428,-0.02167852481905259,-0.002360425332845147,-0.00021286231641709708,-0.10000038146972656,-0.004299242497235943,0.006790427116906274,0.0006966807690087891,7.240933229583235e-05,-0.0087025735048443,-0.0008496270332761188,-0.00014011534866435244,-7.280000686645508,-0.31638420748504603,0.006526896289587421,0.003014670154451277,0.0018713616174699588,-0.006563359591668418,-0.0006168465237767167,-7.009353109364142e-05,-3.8600001335144043,-0.493606144345434,0.0026869366426504645,0.0010672641976779765,0.0006694766448182948,-0.0017767880954586849,-0.00043571826283861023,-5.62882726130927e-05,-57.130001068115234,-0.5725022601861285,0.03797793792077657,0.018138798969452342,0.012740509201951609,-0.07539937272972064,-0.007674868407527874,-0.0005106139869516373,0.589996337890625,0.008676416733685662,0.04212597324264189,0.003990672274610475,0.00047264751849747166,-0.05248779537018479,-0.005119930551105409,-0.00045756896740266405,-22.640003204345703,-0.4117112659265687,0.024458299915840143,0.008331936864783333,0.00532437969716481,-0.03379547403178509,-0.002702081074298795,-0.0001836156441110939,-5.879999756813049,-0.8121546882183018,0.0016988638674486655,0.0006701895243926871,0.00040944386234466394,-0.0013587401093112044,-1.8261970569798325e-05,-4.990005236156694e-08
3,GEa,Ethanol,20,2,-4.039999008178711,-0.11646005096893204,0.012283722007178243,0.0025880428035328475,0.0013195939767727334,-0.015645814938401136,-0.001679952275147514,-0.00018060604799542907,-0.1600017547607422,-0.007515347481457777,0.008158931880640392,0.0007638128732687985,7.921422749455133e-05,-0.006886372652422238,-0.0007878388772148756,-0.00011099458840556291,-6.0199995040893555,-0.2783171399751454,0.0056241563438927025,0.0027774488838987837,0.0016523915506628736,-0.005162629999213331,-0.0005748050322108364,-6.45316919106404e-05,-2.3300000429153442,-0.5883838435531015,0.0020114654472547324,0.0006538311188906303,0.0004308165362206609,-0.0014659643929733138,-0.0001291315346772352,-6.967129868003893e-08,-34.55999755859375,-0.3463272596605038,0.05864502756121651,0.015924162386106253,0.00948762554829566,-0.07112068075287145,-0.006910211326605993,-0.0005777905128861156,-0.8400001525878906,-0.013394995452900259,0.0403065198773862,0.004269662221698164,0.00042669985162604356,-0.045352446389613346,-0.00443757039395458,-0.0004328162923204708,-18.279998779296875,-0.34399697006503505,0.023392823900642512,0.0078731713579396,0.004801037921876156,-0.03032542121378687,-0.0024711943866421618,-0.00018486321735683485,-5.789999842643738,-0.8019390596810594,0.0017209512797994667,0.0007377824719736893,0.0004927881231683177,-0.001695414171747003,-4.14020009464743e-05,-3.99400019002105e-08
3,GEa,Ethanol,20,3,-3.1399993896484375,-0.08440858401209136,0.019620669336315334,0.0024138119356985244,0.001066613316640749,-0.016048741777378445,-0.001670551612550371,-0.00025592639728752234,-0.18999862670898438,-0.008652032542356865,0.00717161174914847,0.0007816489268933116,0.00010112742644704552,-0.006464374521215589,-0.0007183005794358871,-0.00012217253368651732,-5.270000457763672,-0.22492532604020102,0.006561341347710855,0.002643507202693174,0.0015436146630000128,-0.005261386150067677,-0.0005924787887916569,-9.65124117313073e-05,-2.8299999237060547,-0.6125541112137034,0.002109402696936254,0.0007392765531038841,0.0005315644891370147,-0.0012185629694921216,-0.00010817758358018292,-9.999990463257645e-09,-28.480003356933594,-0.26554781684786566,0.06338164743027278,0.014664097441321109,0.008039318989245195,-0.085163207118981,-0.00875441850732897,-0.0010836809241195492,-0.8899993896484375,-0.01373243979594047,0.049772351195627354,0.004993677624954101,0.0005472323846820561,-0.04611961171190475,-0.004445454797186632,-0.0005144845659764683,-16.529998779296875,-0.291740183971283,0.036642205556516226,0.0086591224189293,0.004582433985113082,-0.03959152962965329,-0.0038982171811407793,-0.0003662326579058989,-7.059999942779541,-0.8190255262772128,0.002004119913479952,0.0008697885945029392,0.0006223366211767641,-0.0015248026895737232,-1.9625034466156765e-05,-1.9989980936050488e-08
3,GEa,Ethanol,20,4,-2.8899993896484375,-0.08207893964197532,0.015682499745861382,0.0020825438596357186,0.000820088350871614,-0.019879030264606676,-0.002056698282325692,-0.00034570352402536514,-0.20999908447265625,-0.010086411505801382,0.00827257628718232,0.0006907194124184397,9.865142506798504e-05,-0.006695574696868859,-0.0008342000414525133,-0.00011341129898631497,-4.05000114440918,-0.18169587160438047,0.0059938067154351096,0.002192173296066274,0.0011484197313175275,-0.005781860664308794,-0.0007168124334918228,-0.00012862256443013474,-2.2100000381469727,-0.5862069096360696,0.0020899117546535713,0.00066971468908911,0.00044878831892420994,-0.0013593284573221848,-0.00010895927882168986,-9.999990463256835e-06,-22.330001831054688,-0.22030388414159302,0.053989090395215066,0.013702338422894991,0.00626803670667748,-0.08524183889670633,-0.008873740062921364,-0.0010406036867770386,0.6500015258789062,0.010647035773987713,0.04409745966535661,0.0045803471822104605,0.000542050801599465,-0.05264674806480069,-0.0057649796239785025,-0.0006797499223416368,-12.479999542236328,-0.22920109030982136,0.024926405414219786,0.006867642958210751,0.0034713776820316728,-0.029794876187671876,-0.0027439908930032304,-0.0003821888519442358,-6.419999718666077,-0.8035043682820565,0.0020563952670702547,0.0008608137487757485,0.000596888008559356,-0.0017315772347285114,-3.4521772914983023e-05,0.0
3,GEa,Ethanol,30,1,-9.979999542236328,-0.2812852218432493,0.01544458959723866,0.005095405248534498,0.0029706378241464745,-0.016185932923189254,-0.0017847430615256618,-0.00014314106379100699,-0.20999908447265625,-0.009178282000672073,0.007204747181576309,0.0008076919224237698,0.00011706745669572732,-0.008585756281214819,-0.0009135632680428597,-9.050337344506281e-05,-8.380000114440918,-0.37096060459658353,0.007967465021943208,0.0033427289771706405,0.0021485454846147016,-0.006769831401289953,-0.0005627177521988447,-2.2367492671581758e-05,-4.370000123977661,-0.5517676871062029,0.002483880147064246,0.0011881583465003555,0.0007335723193704106,-0.0018491950575281757,-0.0006306985033157706,-0.00012196024158957777,-61.470001220703125,-0.625585180992357,0.03456487313588319,0.018509911888189623,0.013438732268588247,-0.06473559912085826,-0.00654765971291849,-0.0002176766574652092,-1.1300048828125,-0.01676316305331499,0.049257185469485,0.004966608505870713,0.0005476492622117838,-0.049104956350433965,-0.005383510145388882,-0.0005662693990454951,-25.249998092651367,-0.4682863306771003,0.021097769840045147,0.008889453842033037,0.0058021755709826055,-0.028507990442112104,-0.0025312837386193177,-4.1606011161894604e-05,-6.089999794960022,-0.8434903008215139,0.001522191104380927,0.0005997431661473335,0.0003648355981452591,-0.001398778816927659,0.0,0.0
3,GEa,Ethanol,30,2,-5.090002059936523,-0.14728014634485018,0.012184637049239123,0.0031342348941638476,0.001586026226140827,-0.01687555031735565,-0.0017869504404535988,-0.00019275660118583254,-0.15999984741210938,-0.007525862920488055,0.007487051958891556,0.0007283044909921396,0.00010926232464864034,-0.008844957558115365,-0.0009216575168871735,-8.370625679485383e-05,-7.189999580383301,-0.3333333185956679,0.006046866902148411,0.0031856296717975015,0.001918081930574421,-0.005982309742585152,-0.0005554371365258261,-4.2319683868648795e-05,-2.4899998903274536,-0.6434108434005119,0.0018914671729842974,0.0006614308078045915,0.00044047924859520835,-0.0014497433124596526,-0.00012728399293571556,-2.996000141788941e-08,-41.79999923706055,-0.4188796357707665,0.05377190807397497,0.01880955463084539,0.011003933869716773,-0.09005061477268143,-0.008442338070890969,-0.0007229421565882602,-1.0100021362304688,-0.016062374667207405,0.04553664185807854,0.004579877717251257,0.00048234959486780256,-0.04959748051970822,-0.004111103221303239,-0.0004650903946750159,-21.549999237060547,-0.40744941360839354,0.027940744173836962,0.009144705492071907,0.005478988358113097,-0.025674573998703865,-0.0025737606523244393,-0.00024284540425306413,-6.0299999713897705,-0.8340248901081616,0.001824209377551277,0.0007412116974050493,0.00047122257846325514,-0.0017042379098472099,-4.5054214726526964e-05,-9.999990463257645e-09
3,GEa,Ethanol,30,3,-4.020000457763672,-0.10660303779797581,0.018744803956625426,0.0030805222393923927,0.0012932055527162204,-0.022815786401461452,-0.0023612076549040096,-0.0002449280676645472,-0.1700000762939453,-0.007716753109181637,0.00831654955853687,0.0007446309035206874,9.046198531088708e-05,-0.006731058788997942,-0.0006128189511509913,-7.552480984287538e-05,-6.489999771118164,-0.2739552395445454,0.007421222964227649,0.0030857096836862026,0.0018604999796422393,-0.007916808382165567,-0.000733367234575464,-5.5738804735109104e-05,-3.18999981880188,-0.6729957748604195,0.0021786901812668683,0.0007864073183500803,0.0005687595824407544,-0.0013264151271719401,-0.00010470852690331144,-9.999990463257645e-09,-34.839996337890625,-0.32083983343623895,0.052040887526336115,0.017057315787357665,0.009769688159310468,-0.08026589816258733,-0.008045755850583033,-0.0008138911143492684,-1.0499954223632812,-0.016337256530362013,0.04689235596155361,0.004858401092041348,0.000594638750301538,-0.04705382140087006,-0.0048854516781044,-0.00037408706400128566,-19.98999786376953,-0.3492922946647362,0.03062539347057854,0.009523572212358094,0.005448970027414729,-0.028323200641592293,-0.002916917080064284,-0.00019216484114512175,-7.589999794960022,-0.8518518434278674,0.0021608296871913693,0.0008805467443118096,0.0006195856134346851,-0.0014667849279580223,-5.823734150476944e-06,-5.982032234155128e-08
3,GEa,Ethanol,30,4,-3.200000762939453,-0.09362202265559623,0.014703418008618355,0.0030151314726124946,0.0011831869250710453,-0.017295730339678437,-0.0016068354489404343,-0.0001842553248374835,0.12000083923339844,0.005839457113798086,0.006146054343463882,0.0006315649321715617,9.555606695836273e-05,-0.007578386689637011,-0.0007718816181432363,-0.00011387240733399926,-4.730001449584961,-0.21707210880447497,0.006850308396952708,0.0026290365883813865,0.0014824837710803959,-0.0058924316947357325,-0.0006222466721594311,-5.7892955237647514e-05,-2.459999918937683,-0.6473684078438459,0.0019198427112019601,0.0006752753772875565,0.0004674778404070108,-0.001351102082831117,-0.00010000228881835937,-1.0000228881835938e-05,-26.770004272460938,-0.2693159342204973,0.056642710762097835,0.014399365129357905,0.007983730169927013,-0.07794027717411806,-0.006940905596591046,-0.00069000244140625,-0.8100013732910156,-0.013196503082366074,0.037140099113153136,0.0036762546950827348,0.0005107948180211409,-0.04909357609613663,-0.004314872759192867,-0.0005250207577189671,-15.119998931884766,-0.282458421010324,0.030948931315888474,0.008094446456440516,0.0044009884378755255,-0.03470490297904173,-0.00335265851178642,-0.0002631787266029377,-6.980000019073486,-0.8419782932680832,0.002128067985567125,0.0008732357008249044,0.0005672306297206416,-0.0018741075939070408,-2.0062007058474545e-05,-3.992007182926717e-08
3,GEa,Ethanol,40,1,-11.319999694824219,-0.32031691131714024,0.01329655671686852,0.005712867071491643,0.0033647821025834597,-0.01890433460778061,-0.0018092444216045631,-0.00011953954350273842,-0.279998779296875,-0.012237709334229432,0.007921192944958442,0.0007998935636801233,9.539368693912171e-05,-0.008014900017664955,-0.0007443751557451764,-8.857951551529077e-05,-9.3100004196167,-0.4134103121835025,0.006618440289694385,0.0035584934680819684,0.002375219113293883,-0.005486285447570598,-0.0005064920924231894,-2.3817030633470335e-05,-4.779999732971191,-0.5923172135975291,0.002526494507996002,0.001234010874733927,0.0007910688821194504,-0.0023382104985080914,-0.0007705594799399439,-0.00011257107526673347,-65.70000076293945,-0.6686342289291944,0.041253547791072494,0.018692666886861827,0.014121702380596334,-0.06431276437107585,-0.006283756464119586,-0.0003270303969954676,-1.3199996948242188,-0.01963700789725174,0.055383969302128966,0.005604491231093891,0.0006910125022138545,-0.056806357864690654,-0.005710716642360939,-0.0005280968911019189,-27.71999740600586,-0.5140949248394248,0.018624272858789637,0.009120603568208551,0.0062903855211205225,-0.026555064963609758,-0.0024818549195372453,-0.00012465614799016147,-6.240000009536743,-0.8630705384612696,0.001424187099925805,0.0005953027423721707,0.000346769857993224,-0.0015169720263708518,-6.774534046602703e-06,-6.977039286221423e-08
3,GEa,Ethanol,40,2,-5.94000244140625,-0.1734813712097993,0.015081810309645522,0.0037900453444525135,0.0020157190329264173,-0.019251354751504617,-0.001988385443659251,-0.00021876470582041623,-0.1900005340576172,-0.009004764484482092,0.005934805171796841,0.0006249841471506861,0.000100372949327864,-0.008098567911382009,-0.0008662130607720894,-9.298629392210628e-05,-7.930000305175781,-0.37038768620702744,0.0068663882675055726,0.003492234431237476,0.002166351365746493,-0.005401342227130392,-0.0005357097924567881,-7.295673557584016e-05,-2.5299999713897705,-0.6782841711668972,0.0017785102466962876,0.0006636746122040183,0.0004351636540958295,-0.0015088037229971435,-0.00011254858966186843,-2.996000141788941e-08,-46.0,-0.46634225754899356,0.04548902834153518,0.019587956563608632,0.012207090431030255,-0.07241492984386026,-0.006993268938743354,-0.00040199227494741986,-1.1599998474121094,-0.018598683137368063,0.04510438606703591,0.003929191410250118,0.00047928780369015317,-0.03713523648873954,-0.0038448009092783113,-0.00043629526281564626,-23.560001373291016,-0.4497900132276336,0.02392341544102928,0.00920379222642525,0.005960928171582355,-0.03242580609874523,-0.00307082989125125,-0.0002392234352613227,-6.079999923706055,-0.8515406214844529,0.0014806473924226292,0.0006770157153223084,0.0004467844860182243,-0.0016188594521790564,-1.4105728096482846e-05,0.0
3,GEa,Ethanol,40,3,-4.5800018310546875,-0.12644952171997131,0.013029488147780134,0.003041591223706226,0.0014007788333425554,-0.019448947267285667,-0.0018708159024432244,-0.00026213499748960515,-0.1900005340576172,-0.008820822933236425,0.007680730369217098,0.000700337375321666,0.00010206318104227784,-0.00713671554845893,-0.0007389893779551853,-0.00010680803330237882,-7.059999465942383,-0.30829692504577844,0.006432732351284394,0.0033459389750337297,0.0019621436887909227,-0.005441111289749393,-0.000658253129317274,-8.167031630093698e-05,-3.1999999284744263,-0.707964588933137,0.0016077988038912924,0.0007044347187077568,0.00045888752536618957,-0.001378793727866587,-0.00010544162158070488,0.0,-39.05000305175781,-0.37314861426066137,0.04525037852343555,0.018028728413385976,0.01044246799654924,-0.07757335391362681,-0.007688068498734634,-0.0006488507715023799,-1.529998779296875,-0.02406793749633202,0.03872674974081515,0.0038322777851218055,0.0005780421189343675,-0.046817188654055666,-0.00457162823323424,-0.00046695713481624567,-21.800003051757812,-0.3935018493018347,0.03308790255252025,0.009897588024519014,0.0057231648471739865,-0.030320206476894103,-0.00311806885382027,-0.00019450010936581345,-7.380000472068787,-0.8661971919665704,0.001771728180502082,0.0007120632901881709,0.00045122015650514647,-0.0016667618770708492,-9.999990463256832e-07,-9.999990463257645e-09
3,GEa,Ethanol,40,4,-3.940000534057617,-0.1165335810122182,0.015288733623630537,0.003125255804439042,0.0013485253526011537,-0.015344262569594213,-0.0015466070062976416,-0.00020583515730067148,-0.15000152587890625,-0.00736384485512625,0.007959237632605242,0.000832315599812873,0.00011479755324041174,-0.008264275041439045,-0.0008880797902883255,-9.071420706200368e-05,-5.65000057220459,-0.26157409594546255,0.006607125886085467,0.003029420355266876,0.001706943841017124,-0.005949235581082133,-0.0006151120954259583,-8.348796389791278e-05,-2.6299999952316284,-0.6939314041432746,0.002482546980306731,0.0007921912412630794,0.00041907752458753613,-0.0012769609134976171,-9.824802981996022e-05,-4.9900647217113663e-08,-31.730003356933594,-0.32291881403525935,0.05811111092029352,0.015897310392690156,0.00919755417138242,-0.06984738288076194,-0.006354597990510436,-0.0006898598160313515,-0.7900009155273438,-0.013042775623372676,0.034132059774436424,0.003931532793402122,0.0005820732893694401,-0.04673142593392685,-0.004758269078216102,-0.00047786307774936606,-17.89999771118164,-0.3384382287341263,0.02273092562813249,0.00877604646136343,0.004968960675679578,-0.026773203030686244,-0.002537073416280552,-0.0002904318740187306,-7.1900001764297485,-0.8662650615906988,0.0027072630844660953,0.0008274501184243798,0.00044965634142015554,-0.0017719123176573794,-1.1996564372487558e-05,-9.999990463257645e-09
3,GEa,Ethanol,50,1,-12.269998550415039,-0.3477890865919009,0.012759884998621261,0.005857886767870253,0.003550226747992684,-0.019240926252583036,-0.0019199616321506326,-0.00011952201478344768,-0.3099994659423828,-0.01359050737398057,0.0069664970488065026,0.0007538382270411173,7.809814232569547e-05,-0.007421828485620077,-0.0006826359850927576,-8.817452616016256e-05,-9.939998626708984,-0.44256451611259573,0.00717298094566874,0.00377302201428151,0.0024885125065244114,-0.005422546566041882,-0.0005287500888519321,-1.5407395160510715e-05,-4.759999990463257,-0.6126126128890496,0.002688606206392061,0.0013640734400449683,0.0008377455164147396,-0.0018912662458828921,-0.00024239214110148235,-1.0000228881836145e-08,-67.21000289916992,-0.6892626543610505,0.032224009782125335,0.018944688398305244,0.01422684670327219,-0.06738275911888324,-0.0067551107090786135,-0.00033863399959361304,-1.4899978637695312,-0.02229200995519614,0.05638346960157401,0.005524206901023848,0.00043321157072483964,-0.04838236895270583,-0.004778296278322568,-0.000547614202367213,-29.030000686645508,-0.5409988961832909,0.02146382479266084,0.009874331161226626,0.0065238910030852105,-0.031411902523739425,-0.002954562251780874,-0.0001202912800496893,-6.2500001192092896,-0.8741258791393216,0.001505651089502698,0.0005754434040164838,0.00032399613370260525,-0.0012663665203614704,-3.921086310457118e-06,-3.992007182926717e-08
3,GEa,Ethanol,50,2,-6.680002212524414,-0.19612454325274048,0.011179211371953171,0.003820777664969169,0.00213218748448103,-0.017167302765844317,-0.0017298721220357792,-0.00017467190100081377,-0.1900005340576172,-0.009069237572235706,0.007191078810480399,0.0007860767403306036,8.819534392414366e-05,-0.008563142697486804,-0.0008924550670073023,-9.608925741619016e-05,-8.600000381469727,-0.40470590030445774,0.006547907438467269,0.0035456398131002214,0.002308644377765444,-0.00598125681298114,-0.0006296240093823526,-6.932488317333053e-05,-2.6799999475479126,-0.7146666526794434,0.0018763458162257528,0.0006753386394776859,0.0004195399805417757,-0.0014424711805145097,-0.0001291306111089748,0.0,-49.47999572753906,-0.5055169300774701,0.04514391170042224,0.020772217709012396,0.013052596242876973,-0.07023091354826086,-0.006802272019930509,-0.0006916912800814972,-1.2999992370605469,-0.021011786964660686,0.04314849038217801,0.0042835599702716835,0.00044126108961871054,-0.04377038430104699,-0.00426341783370106,-0.000499996376888244,-25.219999313354492,-0.486028128926624,0.020880278910061906,0.009740423274048601,0.0063189719377757915,-0.03041754453491674,-0.0029582801287722288,-0.00026484934253452467,-6.169999897480011,-0.8665730332375596,0.0016720057293193324,0.0006620869461822235,0.0004163571552133237,-0.001699404739914479,-4.029848959715119e-05,0.0
3,GEa,Ethanol,50,3,-5.559999465942383,-0.15262144988652243,0.013587010180703874,0.0037358226763449564,0.001843192442621781,-0.019902607022495487,-0.0017916640703224424,-0.00023412168264046694,-0.37999916076660156,-0.017535724939027778,0.007034434903272174,0.0007319282150069423,0.00011097876294822751,-0.006440555849151328,-0.0006353543761934042,-7.557643026074792e-05,-7.9900007247924805,-0.34678821212232597,0.006825523425108814,0.0037205958147324605,0.0022605595416550295,-0.006983657765231009,-0.0006592372452016458,-6.738121928178607e-05,-3.350000262260437,-0.7395143724291715,0.001660456378407098,0.0007521666113085266,0.0005310797577289688,-0.0013410459156739407,-0.00010093574667721467,-1.0000228881835938e-05,-43.810001373291016,-0.41696013610485533,0.057425431815175204,0.019595803119295145,0.012069288726137873,-0.07836864727132589,-0.006245766936201361,-0.0006490081306587717,-2.5499954223632812,-0.03978772925683098,0.04153451580810746,0.004829198437330855,0.000701523602349621,-0.03643536967868055,-0.003512177698931914,-0.0003447148160961001,-24.520000457763672,-0.4393477845262732,0.034033442417936814,0.010115208329045968,0.006359495029216255,-0.028766458240884064,-0.003307829210592966,-0.0003044741224974302,-7.559999942779541,-0.8811188822847992,0.001786149674106337,0.0007558831238200089,0.0005172109832808306,-0.0014681796137853526,0.0,0.0
3,GEa,Ethanol,50,4,-4.470001220703125,-0.1315092968511073,0.011431787662521665,0.0029982496457025137,0.0014814314972251676,-0.018332106032408042,-0.0018848535398313382,-0.0002528867432745115,-0.20999908447265625,-0.01024885733618514,0.00695142191737579,0.0006367900738740264,8.569464273764796e-05,-0.007457154406096669,-0.0007733956596928048,-7.760022472465271e-05,-6.309999465942383,-0.2903819419635843,0.00623432704331835,0.003193288312231814,0.00183940418599985,-0.006313586300259638,-0.0006850631904181603,-9.399822037490705e-05,-2.75,-0.723684219607356,0.0015847907651742965,0.00065451143251382,0.00039948004201782305,-0.0014171165724801336,-0.00010962109213194819,0.0,-35.38999557495117,-0.3574025123684879,0.05969829345742597,0.01768299665014963,0.01012453044541499,-0.07346041134549632,-0.007179007324517007,-0.0008006441406271356,-1.1199989318847656,-0.018345601079137568,0.03853078042514985,0.003850409162698615,0.00038008105972658126,-0.04597356698548724,-0.00483360834871152,-0.00041794877120205015,-19.729999542236328,-0.37037731129512014,0.023802135360591423,0.009542474676721823,0.00539725009825186,-0.030079776516937523,-0.0027413140929183344,-0.00021312379023044514,-7.330000162124634,-0.8788968858531909,0.001827227879503672,0.0006955049448304347,0.0004226515463885752,-0.001979932769741538,-6.45331921439339e-05,-1.9979990945578733e-08
3,GEa,Ethanol,60,1,-13.35000228881836,-0.3735311041370678,0.012963273989523624,0.00628465242548539,0.003850532928248364,-0.015713456956291182,-0.00145023539027871,-0.00017751956199519954,-0.2800006866455078,-0.012110755903190181,0.007234895105653375,0.0007235086376794441,0.0001034255188010418,-0.008390666260305997,-0.0009039257116788107,-0.00010616830559756733,-10.6899995803833,-0.4688596464076677,0.006349112865741403,0.003877784786261937,0.002637668139681795,-0.0072709477039269175,-0.0006644904840880918,-3.4151310097070017e-05,-5.099999666213989,-0.6382978488496587,0.0029418975680599677,0.001539940282546279,0.0009469263491576025,-0.0017762350672359598,-0.00027510188167246256,-2.9340244100893573e-06,-70.9899959564209,-0.7169258570298263,0.03800048828125,0.019413669573397827,0.014619222239573494,-0.05778145505015137,-0.0050753777883496085,-0.00028053764928323403,-1.910003662109375,-0.028010024838327104,0.04416983066242107,0.004546931462963404,0.0005573358258210079,-0.050388686955062496,-0.0051693554431535,-0.00047583698968260506,-31.149999618530273,-0.5706173205982961,0.01958386111969301,0.009686218250410541,0.00689777519765198,-0.03600704712283738,-0.003489868306698821,-0.00026734484733820745,-6.360000014305115,-0.8821081803960275,0.001395842896942458,0.0005460983864884656,0.0003311037432582461,-0.0014651131292189,-3.920891270743138e-06,-3.992005187924585e-08
3,GEa,Ethanol,60,2,-7.35999870300293,-0.21570923017014199,0.0131879274800561,0.004401469817293636,0.0023614235152871303,-0.017137051462587646,-0.001725539114920242,-0.000245391633493874,-0.15999984741210938,-0.007637223942022431,0.007194000048148658,0.0007523716624778151,0.00011010288902187292,-0.006692680716671107,-0.0006816225996949444,-9.380586333961154e-05,-9.15999984741211,-0.4298451467374089,0.009467077514921679,0.0038118890044871612,0.0024302382490978477,-0.0053809824530754585,-0.0005491005967986376,-6.578101481537191e-05,-2.759999990463257,-0.7359999974568685,0.0016841917494561857,0.0006508675943318894,0.0004169500348430907,-0.0014883344850312094,-0.00010213888964270834,-2.996000141788941e-08,-52.78000259399414,-0.5371463611492542,0.05583565246800687,0.021355690992345907,0.013719562917957213,-0.07195301751719288,-0.007090533990028092,-0.0007223301821956245,-1.3100013732910156,-0.021115431237254366,0.04210098927396137,0.004090173342292773,0.0005183065174027232,-0.037845239654692615,-0.003685501484256937,-0.0004401355260670323,-26.889999389648438,-0.5157268834757028,0.028106517697492873,0.01012544280571598,0.0066393679552192815,-0.028658285160180194,-0.0027813192843068155,-0.0002103894513057081,-6.300000071525574,-0.878661088492197,0.0016668683884227846,0.0006544140935745511,0.000406813223493588,-0.0012538359271947904,-1.580809499663409e-05,-9.999990463257645e-09
3,GEa,Ethanol,60,3,-6.010000228881836,-0.16844170901001979,0.01338149440070027,0.0035543175558972314,0.0018873921545533813,-0.01778974913027611,-0.0017538622487516323,-0.00019057220342612975,-0.2800006866455078,-0.01323254672328139,0.009250923846095917,0.0009122037427171736,8.283581733537277e-05,-0.0067761271317356925,-0.0007358815691687825,-8.649884694628677e-05,-8.369999885559082,-0.371010642007985,0.006912376366174768,0.003777659687418664,0.002314647262531557,-0.006327426501663385,-0.0006459308205310718,-5.9713463587826034e-05,-3.369999885559082,-0.7607223512744308,0.0020329918486777783,0.0006937804140566639,0.0004325843657839318,-0.0015020935055624868,-0.0001138391607343923,-9.999990463256835e-06,-45.730003356933594,-0.4440668272114075,0.04894348786877273,0.019850949235099745,0.012469464715588591,-0.07586819369990307,-0.007720616773095909,-0.0007326265959173825,-1.6500015258789062,-0.02638313881874674,0.04285114070836778,0.004212135150976001,0.000494696077608463,-0.03423574873074449,-0.003390326311598604,-0.0004049632238307119,-25.229999542236328,-0.46217254939942104,0.029992920719524446,0.010288007728013578,0.006566991932295693,-0.028123857029675705,-0.002939967274588488,-0.00022867849174368633,-7.370000183582306,-0.8879518089420408,0.0015308529705251104,0.0006512733532652104,0.0003994551950204077,-0.0014226179293949097,-9.999990463256836e-05,-9.999990463256835e-06
3,GEa,Ethanol,60,4,-5.070001602172852,-0.1480724694403659,0.015984919399563754,0.003549670592115402,0.0016290527383233061,-0.017081825341629758,-0.0017742360139851995,-0.000208623574925008,-0.2700004577636719,-0.013100458504016815,0.006017782581278029,0.0007046744156075004,8.736417878555431e-05,-0.00709874835425608,-0.0006827455353395622,-0.00010126021574605624,-6.830000877380371,-0.31244284934494004,0.006259763046093437,0.003221118409576287,0.0019606848714376593,-0.00470041636042503,-0.0005573738364101704,-8.128822870210796e-05,-2.819999933242798,-0.7401574739094352,0.0016475839217481502,0.0006774769239354238,0.00045150074782491795,-0.0014466446317616434,-0.00011194493235787347,-9.999990463256835e-06,-38.37000274658203,-0.3845074896738642,0.062325833180084673,0.017693902656350877,0.010720910835318884,-0.0714193492892802,-0.007239949808706242,-0.0007178597046389325,-1.4500007629394531,-0.02350082244748377,0.03502602795033728,0.0034471484656775457,0.0003750886050302973,-0.03731675692204318,-0.004258717487125544,-0.0005467059772487435,-21.310001373291016,-0.39713010499232687,0.029392139233827125,0.010143886218351526,0.005788661968335262,-0.030298292954570937,-0.002900971081144816,-0.00031143124689131103,-7.5200002789497375,-0.8878394382374297,0.001860546988542297,0.0007440978131964482,0.00048034525887241826,-0.0019647567276337126,-3.7545360899731426e-05,0.0
3,GEa,Ethanol,70,1,-14.079999923706055,-0.3953945431726026,0.013394687025416487,0.0063678483271418064,0.004105477591267626,-0.018057097088814825,-0.001701797368724829,-0.0001621531729280372,-0.2800006866455078,-0.012126491329369948,0.009151258123437504,0.0008473296262150191,7.531670863567553e-05,-0.0079727799932751,-0.0007620181468366111,-8.699800239947959e-05,-11.120000839233398,-0.48986786191602993,0.00697352076753184,0.0039834314856150655,0.002751499972964892,-0.005629655993805502,-0.0005683822087858597,-2.9344326953980832e-05,-5.490000009536743,-0.6862500011920929,0.0027486812776111144,0.0013167113046239414,0.0008066399440473242,-0.0016346791391120344,-0.00019803134825843326,-2.134136175910799e-05,-72.26000022888184,-0.7325628616788598,0.03600006103515625,0.01956310063926874,0.014789999731171085,-0.06898983689383457,-0.0067762022313171116,-0.00032708174863567066,-1.720001220703125,-0.02529413559857537,0.04957349870955198,0.004879611833468083,0.0005139821713651708,-0.05547697969762358,-0.005498506600495745,-0.0005871065260282295,-31.92999839782715,-0.5892230892600465,0.018783522843415158,0.009930251530682615,0.0070443945401389655,-0.02552100699628606,-0.0023301503792337256,-0.0001532611430941917,-6.4900001883506775,-0.8914835166634605,0.0015081650442599363,0.0005673441901580029,0.00031844973851775314,-0.0013311940917243906,-1.9605941402299362e-06,-1.9960040924614085e-08
3,GEa,Ethanol,70,2,-7.999998092651367,-0.2327610806304051,0.013450662486324419,0.004605550191804001,0.002584963201813391,-0.016796097213392112,-0.0015187074997726527,-0.0002060609288328574,-0.279998779296875,-0.013251244222326632,0.007089443989321293,0.0006968044236488904,0.0001153586568509402,-0.007858177283582493,-0.000702008889199836,-8.540957273969779e-05,-9.699999809265137,-0.45116278182628544,0.006588598249059935,0.003926697137440939,0.0025509632779078056,-0.0052179140804558466,-0.0005401767905140257,-7.58773372108704e-05,-2.919999897480011,-0.7584415506001646,0.001726061204209555,0.00065608322019502,0.0004066000851911061,-0.001274333053004557,-0.00010891554109933753,0.0,-55.44999694824219,-0.5599878694009723,0.04225229724022132,0.021867158250103522,0.014360591663504344,-0.07258105504662973,-0.007128606992872778,-0.0006324787402528274,-1.8300018310546875,-0.02910308206057955,0.03392423474634971,0.0033103361049411665,0.0005548949207870946,-0.034928215676172436,-0.0035698653242168025,-0.0004414868310181402,-28.239999771118164,-0.5364741660060032,0.020111674012875322,0.010221888666252687,0.006899742598864026,-0.033562333705485926,-0.003046939081977366,-0.00025166394485421923,-6.449999988079071,-0.8872077035765082,0.0017491105112947148,0.0006430042186670153,0.00039587962509715044,-0.001541126316912196,0.0,0.0
3,GEa,Ethanol,70,3,-6.549997329711914,-0.1750400227209986,0.017208659991005557,0.004269740692659988,0.0022167917643862727,-0.018834621284534524,-0.0018705014001348318,-0.0001505779872679891,-0.3600006103515625,-0.016245515019423798,0.0073772398899524085,0.0008302707517546488,9.58683144049877e-05,-0.007608235486918619,-0.0008115359440851489,-8.503931056793232e-05,-9.279999732971191,-0.39355384915169495,0.008075175090420288,0.004123770181865674,0.002614285150215853,-0.005313718808393899,-0.0005379045657492767,-2.4788559171914257e-05,-3.619999885559082,-0.7768240352130951,0.0017877228943634035,0.000772414259718132,0.0005401963541984772,-0.0015061189649216195,-0.0001439806514472007,0.0,-50.73999786376953,-0.4692065669516413,0.07655262075800924,0.02277006652650782,0.014137492019407921,-0.08069488925589419,-0.007130147032220566,-0.0007192833769675194,-2.289997100830078,-0.03513882407812163,0.05241329379182086,0.005188329564522176,0.0006275769190893567,-0.04086165739418932,-0.003911577612681973,-0.0003849245085276284,-27.93000030517578,-0.4892275395082428,0.02775089355648446,0.012001551891359945,0.007285879345403096,-0.02796508866132416,-0.0026013324168359664,-0.00016725584785751688,-7.880000472068787,-0.8985176808164235,0.0017480919933273724,0.0007496697836543421,0.0005076830775194289,-0.0013837675150775149,-9.681631363406412e-06,-3.992005187924585e-08
3,GEa,Ethanol,70,4,-5.719999313354492,-0.16488900374157048,0.013691342919063569,0.003495992383161375,0.0018470128854479269,-0.018953444369729552,-0.0021046500787934024,-0.00025694372321578656,-0.3299999237060547,-0.01589594990692488,0.00767659906648501,0.0007686875568150143,0.00010281055410383111,-0.008713079885843066,-0.0009029412503467247,-0.00012953168956352093,-7.460000038146973,-0.3377093701501409,0.006429821006524274,0.0036076441808323514,0.0021479124901017306,-0.006225273781840419,-0.0005501240937548455,-7.581817623611575e-05,-2.8899999260902405,-0.7585301757201274,0.0018357373468715545,0.0006851049660315146,0.00045065891534909713,-0.0015024256353135318,-0.00012797668183947645,-1.9989980936050488e-08,-41.7599983215332,-0.4136291471892036,0.06456083076095628,0.020104465449661,0.011533912388871137,-0.0614401774724363,-0.006315732487258028,-0.0006480356568928695,-1.7900009155273438,-0.028778149414330517,0.040791801753063794,0.003558006749612632,0.0005396589016257863,-0.047904298293322656,-0.004540180603398051,-0.0004339806042143686,-23.09000015258789,-0.4250736428996699,0.02427734837150728,0.010317467301966456,0.006169336049665466,-0.027377082217095325,-0.002570537780622161,-0.00023685281425850604,-7.460000157356262,-0.8944844149722748,0.0017130505185720749,0.0007178541808058012,0.0004632646929643355,-0.0018161549761344458,0.0,0.0
3,GEa,Ethanol,80,1,-15.170000076293945,-0.41802148508084447,0.013356949523211935,0.00669597763159655,0.004382775261566295,-0.01827085437190893,-0.0016042887633614753,-0.00019254966573758241,-0.279998779296875,-0.012147452866145166,0.007981996009122187,0.000784615178479095,0.00012820889745391087,-0.007475392972589277,-0.0007875257470391042,-8.640749315545721e-05,-11.75,-0.5106475394664083,0.00670465112151989,0.004151706329696013,0.002897204936082057,-0.006576016250765226,-0.0006532295891278832,-6.248593763243953e-05,-5.139999866485596,-0.6692708309080141,0.0033291811546896635,0.0017201004700170125,0.0010741450005611675,-0.0017709793609855637,-0.0003112047654879318,-4.8439362063794244e-05,-73.82999610900879,-0.7456069340735382,0.03871643772705078,0.020051829986713936,0.01522965928697688,-0.061586540640090386,-0.006311656140213007,-0.0003892991210017134,-1.69000244140625,-0.025070499178094348,0.049545793358001064,0.004538652624089443,0.0005529051199468797,-0.05466946508884042,-0.00552700639285014,-0.000625608428134824,-33.369998931884766,-0.6083865061113747,0.017872243095171252,0.01024197145513272,0.007323911948516401,-0.03533806960894816,-0.0031870443555411087,-0.0002505215697018849,-7.070000171661377,-0.904092073716584,0.001659254813267734,0.0005819638203850286,0.00033220094427066253,-0.001440134291746335,-2.379952874607654e-06,-1.9989980936050488e-08
3,GEa,Ethanol,80,2,-8.459999084472656,-0.24794839827989795,0.015774352006195733,0.00489801993321819,0.002764619283174399,-0.016990921949630422,-0.0015630122674492914,-0.0001702131367269284,-0.15999984741210938,-0.007615413882393121,0.006953060936390685,0.0007113767174316612,9.286831556812017e-05,-0.006618262651123773,-0.0007048388362923934,-0.00010662102306141958,-10.039999961853027,-0.4704779704809647,0.006455474304279422,0.003990400464933799,0.002637111647099143,-0.005482369297265454,-0.000602150446221757,-6.854074324322806e-05,-2.909999966621399,-0.7657894745097596,0.001860089418144933,0.000663755239867377,0.000402292425298567,-0.0019450887689941767,-0.00017320523809229442,-2.995001142741596e-08,-57.160003662109375,-0.5817219867638627,0.03961974183464468,0.021236723576748506,0.014621752396056197,-0.07254377575938122,-0.0068425094169579795,-0.0003318857558428345,-1.470001220703125,-0.023633459850035787,0.051032660928446834,0.004874133068782966,0.0006289425903463711,-0.03699047380859443,-0.0036415858095003536,-0.00041457594008610806,-29.10999870300293,-0.5570225724827176,0.016177814712106255,0.010138576805432903,0.007025301918509944,-0.036466027672311656,-0.003519312093342837,-0.00023774566371259618,-6.4900001883506775,-0.8914835166634605,0.0016686991149667853,0.000612536360983564,0.00038130058442790993,-0.0011884449919094147,-1.9793355405031175e-05,-3.986031138691952e-08
3,GEa,Ethanol,80,3,-7.200000762939453,-0.1998889692236964,0.0109508746364235,0.004202951240201838,0.0023007894588910915,-0.019337220452768027,-0.001993818596895373,-0.00023975779199065172,-0.470001220703125,-0.022014108304703003,0.008706843554839964,0.0008747910731521756,0.00012536505040702507,-0.006182915567734909,-0.0006255988634797667,-7.229069594555215e-05,-9.420000076293945,-0.4138840062198337,0.007000254548300294,0.004044694303457355,0.002621215701347606,-0.005646466528756583,-0.000607789322943195,-5.5743548836229236e-05,-3.540000021457672,-0.7901785728540651,0.001863271990431228,0.0006683141076921746,0.00040675860516776026,-0.0011874803503783297,-8.687475674172997e-05,-1.9989980936050488e-08,-51.66999816894531,-0.49773624298354385,0.06373839889919918,0.02179978928983397,0.014035875271936282,-0.0792473497261317,-0.008144790414243241,-0.0007731989903118821,-3.1300010681152344,-0.049509664784540205,0.042165710283809284,0.004165312828269909,0.00085493885730483,-0.0374367025032324,-0.003900619834617305,-0.00043449185314858407,-28.290000915527344,-0.513150741291914,0.021814197058527798,0.010980307714031901,0.007275541360926938,-0.032235162878507764,-0.002798190616791118,-0.00023962509482406224,-7.709999978542328,-0.9028103059697667,0.0015511274317322452,0.0006277493882136626,0.0003763960774894072,-0.0015691909108980706,-1.9899981021881088e-06,-1.9989980936050488e-08
3,GEa,Ethanol,80,4,-5.959999084472656,-0.17659256546585647,0.01383974325492826,0.003976164072005102,0.0019381607401524957,-0.018196655885042105,-0.0018257872198732352,-0.0002169723806941643,-0.31999969482421875,-0.01568625984353196,0.007307305288947206,0.0006912673667326271,8.745275532725074e-05,-0.006842226842702578,-0.0006864836787496107,-8.695435618557551e-05,-7.699999809265137,-0.35697727947176433,0.0071002870496339795,0.0036964952726046356,0.0022140840258235385,-0.005652245717745603,-0.0006152467179073851,-9.077379091243185e-05,-2.9199999570846558,-0.7704485452440463,0.0015851153018822187,0.0005957864372567467,0.00036691439822214957,-0.0015088484670673819,-9.68962483981052e-05,-3.9930031879728016e-08,-42.85000228881836,-0.43608794379436194,0.04804881987806455,0.019910588978354477,0.011815176092222726,-0.0709423017129367,-0.007333503562568502,-0.0007964226897692662,-1.8800010681152344,-0.030956711382942405,0.03830669223018793,0.003833658126259734,0.0004740525350806217,-0.04882437840946829,-0.004198329047648883,-0.0005203208845078611,-23.779998779296875,-0.4496123852092739,0.021293611912895343,0.010085166941819167,0.006325688952572262,-0.02586956309587998,-0.003133000224379739,-0.00041502142748722754,-7.5399996638298035,-0.9019138724255212,0.0016458497425817006,0.0006078314345426678,0.00036333041548434244,-0.0013135019358376347,-1.9899981021881088e-06,-1.9989980936050488e-08
3,GEa,Ethanol,90,1,-15.180000305175781,-0.42784668830407135,0.012991900206921187,0.006734117215143893,0.004381143996806516,-0.01626718291597841,-0.0016751877915767157,-0.0002403108125625848,-0.23999977111816406,-0.010443854477762455,0.006815794594119651,0.0007046648047785071,0.00010286771371687837,-0.007787711000440491,-0.0008113911657795249,-0.0001114363290896777,-11.770000457763672,-0.5210270198433492,0.006676503396904758,0.004152059384320563,0.002877659264327191,-0.005964676298035379,-0.000643237795115954,-7.463535445335396e-05,-5.3399999141693115,-0.6854942157020335,0.0031390525067324796,0.001677686765806542,0.001048497443356473,-0.0022558439124049138,-0.00033601490753253245,-2.296273224858398e-05,-74.19000244140625,-0.7550376636319132,0.0334772033742369,0.01935436840989945,0.014853418635279374,-0.06468236235391006,-0.005815570383253394,-0.00020632490906248265,-1.9000015258789062,-0.028023620064271455,0.04277722321980013,0.004289765834509166,0.0005194281439303345,-0.04996528577403874,-0.005340611331500971,-0.00045519874000096017,-33.55999946594238,-0.620906566876161,0.01582622979557293,0.009939083973400646,0.007285305506950317,-0.027095759935157296,-0.0026377104838022766,-0.00015505964017454964,-6.56000018119812,-0.9010989000192372,0.0017270285741622874,0.0005471251506986705,0.00029830435124848396,-0.0015150373825224862,-2.9700971674919145e-06,-2.9969981418371576e-08
3,GEa,Ethanol,90,2,-9.040000915527344,-0.2654139915160509,0.01352135222367479,0.004845654699297486,0.0028403702082304945,-0.017855458334407902,-0.0016828603009217096,-0.00017590985991946558,-0.279998779296875,-0.013345985958349979,0.0070560634755236435,0.0007618817108958374,8.59574024090943e-05,-0.007386710090111775,-0.0006891777664666356,-7.633017618241268e-05,-10.360000610351562,-0.4868421182360719,0.006654118046418135,0.003981471446783216,0.0026586066742765317,-0.006001860548073773,-0.0005040405408440277,-3.1279077347525543e-05,-3.070000112056732,-0.7871794966629347,0.001801441757580842,0.0006155437091507411,0.00038729276007735963,-0.0013204326790775538,-0.00012287238340891074,-1.9989980936050488e-08,-58.63999557495117,-0.5991009115287186,0.04228354485272545,0.02207456848821287,0.014749468137779432,-0.06815088082829734,-0.005843852086044114,-0.0005618400020272502,-1.779998779296875,-0.028769982382843565,0.03980723469704449,0.003780421496605414,0.0005539371567602232,-0.04460901542917507,-0.004591097321618626,-0.00038604805686875574,-29.8799991607666,-0.5745049053077103,0.021226648148842085,0.010185065120194296,0.007169430682803996,-0.025252589485111183,-0.002472072878035849,-0.00015204805273066798,-6.420000076293945,-0.8953974906527947,0.0016343174387133327,0.0006191144275086091,0.0003727962783216047,-0.0016400548779808995,-2.950396186280252e-06,-2.995001142741596e-08
3,GEa,Ethanol,90,3,-7.879999160766602,-0.21383987753216716,0.01594514944889036,0.004725165829180301,0.002481629909336695,-0.015487583660305322,-0.001866999687179931,-0.0002172827532481106,-0.7399997711181641,-0.03374371914365701,0.009071416695011178,0.0009402373484472768,0.00016042928821849596,-0.007938181327462837,-0.0007914084790393316,-9.353934325471377e-05,-10.130001068115234,-0.4349506513484766,0.007727976921039357,0.004390818877512819,0.0027672134739300325,-0.005959303766730888,-0.0006262051492965848,-6.364900144652148e-05,-3.659999907016754,-0.7991266305644711,0.001951595159492881,0.0007576083821934015,0.000502698697774202,-0.0012747625256468382,-9.172143887459138e-05,-1.9989980936050488e-08,-55.33000183105469,-0.5201654639689534,0.05332909823009576,0.02423472949014239,0.014832780025137052,-0.07403464704456893,-0.006280229527580717,-0.0005895042275074854,-5.529998779296875,-0.08508999786226683,0.050800581653142794,0.0056179253439685205,0.0013003151852104666,-0.05368454293710969,-0.005329118335408391,-0.0005745703310801819,-30.310001373291016,-0.5376020006929785,0.026532231174002642,0.011770394870963777,0.007693902981178215,-0.03645963864377846,-0.0037007586230391417,-0.00028101513551401805,-7.889999806880951,-0.9068965494089357,0.0017952730701561001,0.0007267055172592509,0.0004717784662769475,-0.0015399492475674926,0.0,0.0
3,GEa,Ethanol,90,4,-6.349998474121094,-0.18475410740354292,0.012313129654768457,0.0035119698169780948,0.0020255950936976064,-0.018208195380061496,-0.002073670831084369,-0.00026028306814602933,-0.21000099182128906,-0.010189276351394872,0.006651146913607725,0.0007032686150299733,9.929934972983107e-05,-0.007286106906815932,-0.0007764532605668343,-0.0001323381757020334,-8.119999885559082,-0.3704379496942021,0.006479694835947481,0.0036860234327979313,0.002315113585394086,-0.006291906375412422,-0.0006277004898962451,-0.00012045339689953263,-2.959999978542328,-0.7789473725487982,0.0017453345908028195,0.0006689634592273992,0.0004366855024036341,-0.0012841318773464641,-9.541986254779349e-05,-3.99400019002105e-08,-44.93000030517578,-0.45024551451010825,0.05495939562506412,0.021089823425770787,0.01251040208738956,-0.07766006711638228,-0.007772631217831523,-0.000996502065880763,-1.6100006103515625,-0.026161855482607545,0.04341414922722119,0.004161196048058358,0.0005759192726981938,-0.05421829160822835,-0.005130039459387389,-0.00044789864650417215,-24.780000686645508,-0.4606804287949429,0.023394898859427384,0.010697855730686427,0.0065938846846196365,-0.03324622556180065,-0.0032108318239154397,-0.00032999445142602537,-7.4799997210502625,-0.9033816379564233,0.0015806414345820113,0.0006986185180988349,0.0004422979613259779,-0.0015705436477556952,-2.9989964318391998e-05,-1.9979990945578733e-08
3,GEa,Ethanol,100,1,-16.029998779296875,-0.45436506048587655,0.011553087378525005,0.006681375078432591,0.004482244605216716,-0.0183043962872463,-0.0017742059521217086,-0.00014828934592322408,-0.37999916076660156,-0.01671060530304994,0.006877234235405576,0.0007033724855036118,0.00011839927885812343,-0.007029763074531544,-0.0006832731265792362,-7.857134166826065e-05,-12.25999927520752,-0.5458592954121385,0.006859152794208768,0.004197339066243734,0.0029405040890216117,-0.0059852144265710346,-0.0006201745001826488,-8.517350853677312e-06,-5.770000219345093,-0.7359694014088105,0.002658203503634958,0.0011439122707221712,0.0006779801537909617,-0.0018583603922892233,-0.00016999604408194147,-9.999990463257645e-09,-75.4799976348877,-0.7711483423877183,0.02940390094629869,0.019162793449615925,0.014529636839741953,-0.06850666560393857,-0.006539018000107234,-0.00014658140297723352,-2.2099990844726562,-0.033064021627120285,0.05269105809293845,0.005146425450725094,0.0005181469501404077,-0.05544735131968826,-0.005576768522601608,-0.0005779798987850142,-34.47999954223633,-0.6425642869974628,0.016965800500772205,0.009813481007642642,0.007356390256743972,-0.026488649369988924,-0.0023495911774207593,-2.684396407939981e-05,-6.559999763965607,-0.906077344109151,0.001456737034659314,0.0004907238725071433,0.000267134415011783,-0.0017559018696750074,-0.00010000109672546387,-1.0000109672546387e-05
3,GEa,Ethanol,100,2,-9.84000015258789,-0.2825962159342163,0.017453770978237755,0.005142658612374495,0.0031094475072252587,-0.01660774849768014,-0.0017557703470114966,-0.00019074402866637013,-0.37000083923339844,-0.01746110570590665,0.007419007041100477,0.0007260498325801321,0.00010705056026283508,-0.007299621290778282,-0.0007750869425644319,-0.00010852094739924873,-11.030000686645508,-0.5085292953002104,0.006615992319661323,0.004145756390344891,0.002816920940178432,-0.005335232024654139,-0.0006145441341655587,-6.017098550436558e-05,-3.210000216960907,-0.8004987615314915,0.0019757827658743628,0.0006414770440398441,0.0003897422162736093,-0.0014015053376137208,-8.524807611663008e-05,-1.9989980936050488e-08,-62.01000213623047,-0.6189858449523955,0.041928068353932355,0.02258788756049221,0.015755442100253276,-0.07341724677333648,-0.006572711807398592,-0.0003427288760702014,-2.2600021362304688,-0.0364281447917393,0.03956016589599378,0.004001191639560917,0.0006347587670928651,-0.049530421197430285,-0.004860428222685779,-0.00039702370496110044,-31.600000381469727,-0.5932044323244281,0.02031677537651884,0.01066364141637086,0.007533865481689943,-0.03233217900290917,-0.0032211936580386277,-0.0002050427218563757,-6.840000212192535,-0.9059602701184539,0.0015698947077411745,0.0006040216974233295,0.0003697011663037803,-0.0014298261959513007,0.0,0.0
3,GEa,Ethanol,100,3,-7.870000839233398,-0.22100535535923713,0.014308494222236293,0.004595276558451568,0.0025172243627078345,-0.017621208891556238,-0.0017408888379328636,-0.00021508332641293667,-0.37000083923339844,-0.01746110570590665,0.008535311780112532,0.0008115283182860698,0.00018506368413135564,-0.007159300017150943,-0.0006786670250687074,-9.006868957745519e-05,-10.049999237060547,-0.4454787001317305,0.0103563551956683,0.004199989584480785,0.00279640068726088,-0.005141771590971449,-0.000633212335976517,-9.109590148394455e-05,-3.5100001096725464,-0.8050458720613134,0.001969032773883577,0.0006743869996031707,0.0003953855045618477,-0.0013187575677658285,-0.00010614955323673453,0.0,-54.69000244140625,-0.5310740013461458,0.05239354095468673,0.023667485265954954,0.015000695443299001,-0.08472732813468625,-0.007844882098255379,-0.0007617642203639239,-2.6199989318847656,-0.04177960405254562,0.04509357923025334,0.005320418191959247,0.0010953939744038548,-0.04118005774778284,-0.004143791073319565,-0.0005336232298206629,-29.809999465942383,-0.546070697611625,0.03183341505662503,0.011822058379967018,0.007731679556237096,-0.029570995123498145,-0.002895544302410826,-0.0002159690503890183,-7.679999589920044,-0.9099526032880748,0.0018780984962226258,0.0006012213505728945,0.00035700131987190616,-0.0013706637617602684,-9.999990463256832e-07,-9.999990463257645e-09
3,GEa,Ethanol,100,4,-6.820001602172852,-0.20023491859048845,0.014593699146022682,0.004044347873853013,0.002223079799993034,-0.017634645671276983,-0.0019198421941989466,-0.00020249242369101475,-0.26999855041503906,-0.013138616079757063,0.006244700677502821,0.0006183368607951058,5.9616094163041486e-05,-0.00871416584769282,-0.0007161266131549754,-9.025675438035419e-05,-8.519999504089355,-0.3920846610019084,0.00659329337218062,0.003827946394092081,0.00241886690858014,-0.006122653690943283,-0.0005719416871919991,-4.9824178613410537e-05,-3.019999921321869,-0.7926509098891648,0.0016424949537038182,0.0006111631517764801,0.00035240645590309694,-0.0014246507469790313,-0.00011722762430004586,0.0,-47.12999725341797,-0.4759644400242273,0.048581162178934906,0.02083173983375772,0.012948854684124891,-0.07547963466190809,-0.006857121717771992,-0.0005875993069188685,-2.049999237060547,-0.03349124763474432,0.03641317109071293,0.0033769148201470054,0.00047743858424902834,-0.04085051217865415,-0.0042746124075020205,-0.00040001012422709,-26.030000686645508,-0.4886427719722658,0.02292407455952286,0.011065874185922841,0.006834450871391209,-0.025981827892518645,-0.0027307842058238822,-0.0002041285166577628,-7.680000305175781,-0.9110320316904946,0.0016486470716201873,0.0006068706525505943,0.0003425054071451899,-0.001361589714738692,-2.912162570649693e-06,-2.991019112574261e-08
3,GEy,Ethylene,10,1,-6.599998474121094,-0.18707479315430495,0.013921937799470081,0.0032653244665010904,0.0015355045233156504,-0.019750001180941303,-0.0019530696750156586,-0.00022599942477306191,-1.7800006866455078,-0.07876109100002371,0.006427584881022007,0.0010638078499111425,0.0004741126562227578,-0.007185614303088002,-0.0006926630511585538,-7.369027133579724e-05,-6.659999847412109,-0.29521276618230213,0.006074272158751986,0.0023831825548596974,0.0014173417594508762,-0.005578124964487594,-0.0005762499189837999,-3.300895924436988e-05,-1.440000057220459,-0.1912350620315732,0.0027017528475777384,0.0006926543465566347,0.0003088715254102867,-0.0021000200524369994,-0.0006226568526198733,-0.00012692036716436655,-36.34000015258789,-0.3641647441545757,0.03903906771139255,0.012417432988275946,0.007299697668436035,-0.07895234524354441,-0.007769439407710791,-0.0007160842313704872,-8.69000244140625,-0.13186649833374722,0.04437788923568649,0.0065533880348857395,0.002249838520577433,-0.044309958601652356,-0.004071039754713291,-0.00037675780592400236,-19.60000228881836,-0.3581871683402442,0.02473371682906343,0.007583994076097108,0.003960340432268132,-0.02704146289426699,-0.0025673522891653377,-0.00014910501162526972,-2.690000057220459,-0.34443022751970737,0.0024703767289866066,0.0006015327372196172,0.00037304509180110715,-0.00198610795038211,-0.00010291272169426956,-1.0000228881835938e-05
3,GEy,Ethylene,10,2,-2.8800010681152344,-0.08209808773629265,0.0140297774322176,0.0023224031561804278,0.0008435784082239491,-0.015688716864888083,-0.0016379248011390978,-0.0002311724205245266,-1.3600006103515625,-0.06275960339471087,0.006801083776636057,0.0010406482746748071,0.0004157976807290176,-0.006555170554439068,-0.0006637486042653133,-9.653878608213213e-05,-4.430000305175781,-0.2014552228870042,0.006766955983233791,0.0022552669293132606,0.0011747628486772758,-0.00674407202485656,-0.0006738439103430284,-6.864608353230911e-05,-0.559999942779541,-0.14213196310829565,0.0020017781749908,0.0003169723672035093,0.0001463572547000512,-0.001249884189219168,-0.00012864968405249818,-1.1336757244154855e-05,-21.959999084472656,-0.2158018732652331,0.07296488694681581,0.01202987730604546,0.005714967345646584,-0.0780117328427104,-0.008738745598976857,-0.0008803914179632436,-7.4199981689453125,-0.11608257793333637,0.04149231769831315,0.005048676870290963,0.0021124394006450274,-0.049953732307147614,-0.0050359382232115085,-0.0005153709325477357,-13.319999694824219,-0.24580180904930124,0.02678233820308694,0.006471607818436996,0.00341439002903475,-0.02607653980090701,-0.0026709187057480095,-0.00022614625934502081,-2.25,-0.2840909063542404,0.002278214072253386,0.0006220088104258675,0.0004083141564468411,-0.001861869986395617,-0.0001854869397442349,-9.999752044677734e-06
3,GEy,Ethylene,10,3,-2.950000762939453,-0.08694372933705666,0.014671764926969167,0.0021701898594917836,0.0007616398039936625,-0.019170123346690746,-0.001804390811343226,-0.00016777680803856134,-1.510000228881836,-0.07434762523819555,0.006561793540640176,0.0010179280582517831,0.00036681203114786917,-0.0069216941285678985,-0.0006178784269552021,-5.3335249339604434e-05,-4.69999885559082,-0.21789517487654847,0.005838848767280876,0.0020292204891797453,0.0010645216357683576,-0.00548175282238144,-0.000527078044932607,-5.285180439959321e-05,-0.7200000286102295,-0.1764705985475166,0.002000928858544376,0.0003182774539484439,0.00016132774962293164,-0.001261136582414904,-0.00011946781253700673,-1.0801823764960556e-05,-22.43000030517578,-0.2282719297530463,0.060115027128251286,0.01031541637802199,0.004936347734730563,-0.06844900496368128,-0.0068439907914177025,-0.0006521569200450721,-8.470001220703125,-0.1409552537725921,0.028562979373580183,0.005095389224915525,0.001924058505904881,-0.04187279490317365,-0.0039791781855390805,-0.0003823847651966397,-14.439998626708984,-0.276310736519085,0.01976906387484146,0.006455000340153812,0.0030299073285200997,-0.02372128593870753,-0.0024499493467158686,-0.00023733817987426682,-2.799999713897705,-0.32332560776365793,0.0025398545708455377,0.00073328541754903,0.00041721786222824085,-0.0025851540794565968,-0.00018652307619710832,-3.992100364835744e-08
3,GEy,Ethylene,10,4,-2.7600021362304688,-0.07433347850346748,0.016049613897356818,0.002522552989343463,0.0007175234973869416,-0.019900436337572606,-0.002110343084969692,-0.00026709537198314363,-1.5,-0.0673854440510645,0.007159794074212421,0.0009771623153311342,0.00035267487734352235,-0.007490835625151921,-0.0007243363541078323,-7.965000711707711e-05,-4.870000839233398,-0.2065309946984929,0.005784766791004929,0.002261683715056586,0.0010772560401038362,-0.00537603805212354,-0.0005815689955942433,-9.82863744970972e-05,-0.7899999618530273,-0.19651740437843268,0.0020018280821959555,0.0003884553917300747,0.0001802529544993193,-0.0012991845403565174,-0.00011683407033983274,-8.738359201460187e-06,-22.3800048828125,-0.20781877960295694,0.07824450214511292,0.011900661507429555,0.005324195245731057,-0.07664430633817422,-0.00714206422367218,-0.0007771600786100512,-8.510002136230469,-0.1294887702094206,0.03909899262802585,0.005125966832201989,0.0020255747156645815,-0.04157189130488595,-0.004049257042481109,-0.00036094953854513064,-15.209999084472656,-0.26438378945257734,0.026112452929537962,0.006821388382960722,0.0032177359339441505,-0.03794099643014877,-0.003345105566415235,-0.0002533190506274506,-2.799999713897705,-0.3128491367116137,0.0023931169014269416,0.0007886555501495211,0.00047828937925261354,-0.0021562372114677744,-0.00017076531808516286,-1.0000228881835938e-05
3,GEy,Ethylene,20,1,-7.600000381469727,-0.21420519953565628,0.011385783594299885,0.003766511979279208,0.0020719782384871397,-0.01854578363129555,-0.001911643139051719,-0.0001859145400753677,-2.1599998474121094,-0.09778179413724725,0.006174129162236412,0.0014529424518994894,0.000686398621824406,-0.009637696292728667,-0.0009772753162993373,-7.975803432311701e-05,-7.489999771118164,-0.33053838577027006,0.0059139144589492945,0.0030684440981604173,0.0018559322173877651,-0.00559456388764206,-0.0005940964865916979,-3.884306397906614e-05,-2.1700000762939453,-0.2746835506453267,0.0025605854484365095,0.0007759260959518973,0.00043618002763392373,-0.001976068586975347,-0.0006440326555948286,-0.00017225803247468115,-42.4900016784668,-0.42413656966490904,0.05555247079305409,0.01531692269783701,0.009631003738743177,-0.0687052872053412,-0.006926500103403738,-0.00039205173144954094,-10.230003356933594,-0.16049581248112177,0.02956390366518021,0.006415251160389969,0.003106199043190868,-0.043797341625769495,-0.004161683076891171,-0.00035591381510805545,-21.96999740600586,-0.40054691006730975,0.028030564452925795,0.008813101299989181,0.005108110373874141,-0.033914188030981035,-0.0035919523924655286,-0.0002796247362803179,-3.8600001335144043,-0.4771322695562173,0.0024158702624058957,0.0007745319212865083,0.0005060807726483712,-0.002090505560573815,-0.00016018411111912124,-8.962914965491711e-08
3,GEy,Ethylene,20,2,-4.280000686645508,-0.12176388338118255,0.014684451467376616,0.002847660219041098,0.0014055056603069732,-0.017126470093197007,-0.001880096511777934,-0.0002750698226305191,-2.030000686645508,-0.09437474035540883,0.006665725174476582,0.00140332542337635,0.0006714051347134935,-0.007355081703378622,-0.0007163827644419498,-9.313275262866228e-05,-6.140000343322754,-0.2788374303215762,0.005992098436763248,0.0028863468701458535,0.0017133132819395621,-0.006393627453157585,-0.0006495262688531402,-8.076260219473755e-05,-0.8900001049041748,-0.22531647953423994,0.0019075954853995803,0.0004358161766058848,0.00023203931668680565,-0.0018836138748124086,-0.00016512664012406877,-6.765855763061476e-06,-30.6199951171875,-0.29969654170449506,0.05658431949679469,0.01498778200699039,0.00821079700904701,-0.07595406069233919,-0.007496575517750677,-0.0005655550195587543,-10.55999755859375,-0.16748608543022192,0.04643366128714476,0.006231498488250714,0.003196866767204043,-0.04220480063328671,-0.004037552750855681,-0.0003954848728667954,-18.330001831054688,-0.33577581571385534,0.022604920003344863,0.008422356109084619,0.0047958746482984855,-0.042150113333438925,-0.0039538346733601435,-0.0003096722442985135,-3.380000114440918,-0.41779975904693867,0.002540239852442992,0.0008093076939802724,0.0005871239993788652,-0.0017563572576550267,-0.00013829385640112428,-1.0000228881835938e-05
3,GEy,Ethylene,20,3,-3.739999771118164,-0.10942070619442992,0.011822478143588227,0.0024895995321880513,0.0011329209111288906,-0.014729707612478271,-0.0014596887910298061,-0.0002139698173956929,-1.9799995422363281,-0.09663248239891402,0.006044702733790773,0.001256912652144431,0.0006096795163162528,-0.0058871044533992025,-0.0005969945907592773,-8.792705026319554e-05,-5.44999885559082,-0.2508052908605785,0.006019511283884041,0.002699536270097491,0.0015453267528237216,-0.0054823836933840355,-0.0006737441721555156,-8.67964014339255e-05,-1.0499999523162842,-0.2548543644373912,0.0020168243275767686,0.00044944136004919615,0.00026451645803173094,-0.001582131802582957,-0.0001345670049348617,-3.41295065670301e-06,-26.60999298095703,-0.2687335273992894,0.05011473693404256,0.014296905815309999,0.007264882531919996,-0.07048405737918596,-0.006951991948449115,-0.0006769442321041062,-10.520000457763672,-0.174605816726368,0.030824701850943895,0.005938845579452163,0.003095241245645229,-0.035867001066619886,-0.003425633412189272,-0.00034016401473841037,-16.450000762939453,-0.3125000181169135,0.020684633523675198,0.007609374534713513,0.0043553005928579,-0.02543444642426505,-0.002528272624323825,-0.00025195113486969645,-3.7599997520446777,-0.43822841322597345,0.0028247917890068136,0.000923130324021996,0.0006005775017752393,-0.0023979368526560172,-0.00019677501628278588,-1.9990457534789735e-08
3,GEy,Ethylene,20,4,-3.9000015258789062,-0.10023134261559999,0.018333219913731214,0.002886646785977069,0.0011659534069239676,-0.021420841405157324,-0.0021614559890762303,-0.0002466434984628359,-2.049999237060547,-0.08975478210880271,0.009132060003999118,0.001529430650127484,0.0006742393383863613,-0.007052825421731136,-0.0006918486174455148,-6.590319204204082e-05,-5.930000305175781,-0.24047041126799085,0.008181072326241642,0.0031520755563841413,0.0016891726973541105,-0.007420825559166627,-0.0007483351105653949,-9.669683427302563e-05,-1.25,-0.29411764705882354,0.002096684335688847,0.0005525505502519563,0.0003122005967889676,-0.0013264491613482498,-0.00011580257116181874,-9.999990463256835e-06,-28.18000030517578,-0.24767094926620217,0.07374847825883529,0.017155487982274092,0.007990620299389493,-0.0870101520951952,-0.007929854164660043,-0.0008226258771105577,-11.049995422363281,-0.1653201081356014,0.03570373688521265,0.007409213600348651,0.0032309937372205924,-0.04548969617613527,-0.004232866260672996,-0.0004117479341960669,-18.5,-0.30372681080848846,0.03017170701571801,0.009988634100670397,0.004967407879753283,-0.044657626926909604,-0.0041206324124704406,-0.00028888994716487146,-5.110000133514404,-0.48852773564804497,0.00318153116785525,0.0012034677202684982,0.0007735622718982281,-0.0026120482151219364,-0.00022955292052737606,-1.5976966445162252e-06
3,GEy,Ethylene,30,1,-9.210000991821289,-0.26351933593052906,0.011051697279915961,0.0045098808914647995,0.0026500390805309134,-0.016625520825980383,-0.0015442106706313073,-0.00013122677929427404,-3.1100006103515625,-0.13822224934895833,0.0071892114347735575,0.001815051410227197,0.0008896483173126287,-0.007154286492756336,-0.0007067104946590254,-8.062441359516428e-05,-8.679999351501465,-0.38888886515147525,0.006147338816816995,0.0034184095861898417,0.0021816547632846454,-0.006467730084419235,-0.0006522648062380265,-1.9703450381461805e-05,-2.1500000953674316,-0.30069931002664485,0.002426055229230937,0.000791839848109047,0.00045838287465930865,-0.002618834065756975,-0.0004247561251474065,-5.557053774422396e-05,-48.30999755859375,-0.48976072442741253,0.03991834894662306,0.01589951268567998,0.010745519023473205,-0.0659988751974598,-0.005935225938040494,-0.00034335844762387383,-14.589996337890625,-0.22075952710449628,0.03222315524371436,0.00678502701653555,0.0038759197070200027,-0.04789403184763119,-0.0048226979526505755,-0.00043537990684217043,-25.009998321533203,-0.4638352961951223,0.019211226180743154,0.009082605176689296,0.0057700671506204695,-0.02469452934090751,-0.002350360648090429,-0.00010967263004357518,-4.130000114440918,-0.5294871812114427,0.002297982719585495,0.0007923321864233758,0.0005393685760325307,-0.0018174211262848706,-0.00012478869075459314,-9.999752044677734e-06
3,GEy,Ethylene,30,2,-5.569997787475586,-0.1605649469004896,0.015066392798170503,0.0032541028031166726,0.001747002585185512,-0.018437682602353973,-0.0018273030010631818,-0.00025410674626915014,-2.8400001525878906,-0.1312384580725272,0.005985867515989743,0.0015610017870050293,0.0008496587463684885,-0.006254788861967835,-0.0006687895613451405,-8.53814936478173e-05,-7.350001335144043,-0.33731074007924905,0.006358647631009246,0.003325527708733628,0.0020095660844871434,-0.005388066336037573,-0.0005778034271445411,-9.132817567341787e-05,-1.1500000953674316,-0.29262088443584733,0.0020861781607125697,0.0005118374365934538,0.00028569757931414425,-0.0012934872876908274,-0.00013551489094796622,-1.3470795534177448e-05,-36.41999816894531,-0.36213580868509887,0.06752724161517441,0.016702307327735394,0.009840754225001542,-0.07494455385014262,-0.008017697024678161,-0.0009118315126928052,-14.239997863769531,-0.2221875281236474,0.03253100853550603,0.0073690631886081815,0.0037744469025701305,-0.04671906408837315,-0.004622586901030753,-0.00042183443439034504,-21.479999542236328,-0.40029816629364484,0.029821490280661878,0.00892364000922467,0.005493799052395359,-0.028830872292258246,-0.0027440255151736466,-0.00025629394134275884,-3.8299999237060547,-0.4866581930622192,0.0025629352562372954,0.0008706559794920475,0.0006186112770482284,-0.002004415346601104,-0.00017342020167936695,-9.936020837710153e-08
3,GEy,Ethylene,30,3,-4.619998931884766,-0.13713265420622758,0.013612526659718013,0.0032902604056066456,0.0014227978698560097,-0.01817014500349233,-0.0019486059407464722,-0.00026634250917542397,-2.489999771118164,-0.12278104964551814,0.005995390122494941,0.0015045130923019882,0.0007985989929117777,-0.005582625135200871,-0.0005737104090882169,-6.115094076629705e-05,-6.439999580383301,-0.300794004029931,0.006025099156978282,0.003051363311718168,0.0017953175183356024,-0.006326745483898659,-0.0006826751846889836,-5.833767829212409e-05,-1.2899999618530273,-0.31930692426574747,0.00193765283798787,0.0005293082521114876,0.00032516913934206804,-0.0013631983770715653,-0.0001205594524919307,-7.054362427303882e-06,-31.540000915527344,-0.32345400702035726,0.050737862443119355,0.01699340932356365,0.008430942602014872,-0.06401160417038246,-0.0050398279889456755,-0.000495455981088377,-13.139999389648438,-0.2192557871306004,0.031181132006002622,0.007226694147973922,0.0037319693408935993,-0.03248273679214024,-0.0031650652573844786,-0.0002905877651737786,-19.18000030517578,-0.3704848393969728,0.025834951794010307,0.009539052827365078,0.004943830166586895,-0.023990878446199553,-0.002341366390642586,-0.00019999694824218752,-4.350000381469727,-0.5135773606056406,0.002454029572797348,0.0009960859170355736,0.0006737751550450854,-0.0021282645683783127,-0.00012697188755077582,-2.996926687765216e-08
3,GEy,Ethylene,30,4,-4.710002899169922,-0.12563357397434355,0.013864516590581553,0.0031015524440370173,0.0014730112129750436,-0.02128031650827316,-0.002035999482790322,-0.00021884927174398237,-2.549999237060547,-0.11383925359315963,0.0074117623316689125,0.0016770333350598415,0.0007866580706675121,-0.0077269917313777196,-0.0007485861094227607,-8.07525012493571e-05,-6.840000152587891,-0.2873949736072628,0.007544532370789003,0.0033992534007029197,0.0019628528910808274,-0.005887672660852773,-0.0006687223776608703,-6.984519339568862e-05,-1.4399998188018799,-0.3529411386591058,0.002135953926240648,0.0006137166582632768,0.00035587905618499055,-0.001347336496060878,-0.00012151641771447575,-8.629974364634806e-06,-32.970001220703125,-0.3023661128382124,0.05643520891550322,0.017429210624951796,0.009084257753877544,-0.08694407293166719,-0.00811813379832533,-0.0007123332325449491,-13.46999740600586,-0.20381295434091679,0.0415459833676296,0.007489342392521584,0.003838735872018709,-0.041875098804446245,-0.00418913711544036,-0.000407307619786921,-20.740001678466797,-0.35592932067161975,0.02788770905337728,0.00996703818747771,0.005559565270560946,-0.030190458133238948,-0.003225445013338772,-0.0002560901157331868,-4.789999961853027,-0.5223554985823845,0.0029941022948294788,0.0012181632689108155,0.0007701038679787647,-0.0025966047944054388,-0.0002119339001431891,-1.9980467306137398e-08
3,GEy,Ethylene,40,1,-9.930002212524414,-0.28732644149136555,0.011090589947652668,0.004579564556551142,0.002750588569268708,-0.02192853910553634,-0.002079349430911274,-0.00024480041085656577,-3.4300003051757812,-0.15429601330665277,0.006294015153023705,0.001975716584285458,0.001105801749850945,-0.00930060079841655,-0.0009175216060421089,-7.782205505185737e-05,-9.229999542236328,-0.418594098031668,0.006049339830781032,0.0035161121385381498,0.0023181266634107094,-0.005319007570605641,-0.0004587808864995917,-1.323134585534419e-05,-2.739999771118164,-0.3614775460022048,0.002551240845939153,0.0008887840538704014,0.000529034413755842,-0.0044072208715482605,-0.0024728220578198942,-0.00038984481827194535,-50.54999923706055,-0.5203829478554364,0.04074972567715471,0.017082406585569265,0.011465094564667678,-0.05902164187702347,-0.005849070137626264,-0.00029058434128229884,-16.189998626708984,-0.24774290749402694,0.03605196007005988,0.008257496902857066,0.004630467048363264,-0.047655780936388996,-0.004425874680257125,-0.00033440658476177994,-26.43000030517578,-0.49615168158542455,0.019507161111691672,0.009078657126868244,0.006134458011591365,-0.03242453204516127,-0.002670944027268614,-0.00012475644195543106,-4.369999885559082,-0.5645994851144249,0.0021249142402932227,0.0008317059909587557,0.0005233628212200709,-0.001848154503345887,-9.714446827672842e-05,-4.9878952984298055e-08
3,GEy,Ethylene,40,2,-6.539999008178711,-0.19028219992499354,0.014511585589286547,0.0037197355211136714,0.0019704648288460247,-0.01553650893432646,-0.0016037914097350213,-0.00017892167546402468,-3.1000003814697266,-0.14629543668426306,0.006651158501309701,0.0017514417360394332,0.0009802240927000436,-0.007092483740257196,-0.0007738200544544956,-0.00010150796074423692,-8.09000015258789,-0.37505796323813156,0.006403753666985866,0.0034352480679740874,0.002160031639302373,-0.00564736909337601,-0.0005539014635837339,-6.591831251742808e-05,-1.2899999618530273,-0.3333333333333333,0.002117998643104764,0.000537867356691777,0.0003205111616776289,-0.0013301163891621308,-0.00015485226917243217,-1.761095114099063e-05,-40.20000076293945,-0.4044265608232746,0.05988683989351862,0.017832463903588443,0.01048374839176236,-0.07147301827793723,-0.0066837973399492745,-0.0005385702287552304,-15.529998779296875,-0.24631243405580253,0.03472907048765654,0.007419527000800142,0.004308095269819397,-0.045061923896758775,-0.004204618338604022,-0.0004315695314375254,-23.360000610351562,-0.4405884648937414,0.027192995740307473,0.009305540084262369,0.005838125949216587,-0.03401352065825451,-0.003461798629621296,-0.0003161864303616493,-4.199999809265137,-0.5336721563327914,0.0026893131478586342,0.000939928116167485,0.0006886970960266447,-0.0018580868092049287,-0.00015629618415879116,-1.001972251175499e-05
3,GEy,Ethylene,40,3,-5.3899993896484375,-0.15797185106625375,0.012507013677874605,0.003648675019116818,0.00170022629748653,-0.01870977024999651,-0.0018845135815365338,-0.0001983994779477546,-2.9099998474121094,-0.14306783803253145,0.007698083885708747,0.001756912723367825,0.000949084265333975,-0.006169016365123909,-0.0006397282153702034,-9.821944252862296e-05,-7.250000953674316,-0.3342554529812193,0.006380334900956857,0.0033441281171390663,0.002047608612223866,-0.006517453150548173,-0.000608642896915663,-8.470911861772296e-05,-1.5200002193450928,-0.36982972505291906,0.0020609014550751967,0.0005917074697238058,0.00037316824540853237,-0.0012879096290802931,-0.00011256087688241403,-9.999990463256835e-06,-35.0099983215332,-0.35492699247935366,0.048677069294079424,0.016607271299310073,0.009710955255266792,-0.06412001771054998,-0.006560361382602546,-0.0006389314444858049,-14.75,-0.24612047263290493,0.03516806381794875,0.008129183583289927,0.004211225585157113,-0.04559114730993476,-0.004447335489325857,-0.00042784103251413324,-21.439998626708984,-0.4083031672449494,0.022823109204890366,0.009121526564089332,0.005566974347872432,-0.024851062067202667,-0.0023956741052793126,-0.00022409154222852127,-4.880000114440918,-0.565469298925619,0.002677739867357266,0.0010534122171275502,0.0007325476447377929,-0.0019871177577729655,-0.00013732992385292645,0.0
3,GEy,Ethylene,40,4,-5.569999694824219,-0.14569709028299904,0.014778674033074882,0.004005027955304178,0.001818849171909435,-0.020809615635417944,-0.0019994948693405857,-0.00022131022210245368,-3.0,-0.1321585858665639,0.00728987761648506,0.001905113944337105,0.0009557824520286151,-0.007111383728590213,-0.0007014221583802292,-7.308848097096634e-05,-7.909999847412109,-0.3261855607180251,0.01065785187676345,0.004148204567685123,0.0022639391987701748,-0.006685546110351722,-0.0007270056725961563,-6.466530380958528e-05,-1.6800000667572021,-0.4067796659091922,0.002097405556308466,0.0006542053202999675,0.0003972582505226338,-0.0014242893008745794,-0.00011802589487847145,-4.971159804670331e-06,-38.06999969482422,-0.3418335167096204,0.06643165109900094,0.02130369753816974,0.010875718407327222,-0.08571775853608765,-0.008510910064466234,-0.0006263712143952931,-15.429996490478516,-0.23346947110711536,0.033402610047486396,0.008466632107029633,0.00427533669364117,-0.049598906618003036,-0.005007422354817157,-0.0004209980493816305,-23.550003051757812,-0.3969324511200537,0.026952960239261352,0.011922924125720838,0.006321610966365476,-0.028898301549129018,-0.002945481291494364,-0.000208680119118322,-5.499999523162842,-0.5801687540868166,0.0028131716511137716,0.001264976430941322,0.0008359147463213733,-0.0023794332750253326,-0.00022912936834164257,-1.0000228881836145e-08
3,GEy,Ethylene,50,1,-11.430002212524414,-0.32582672793380435,0.012794218751597862,0.004965590518211262,0.003071147926018394,-0.017137674457546923,-0.0014486467868130186,-0.00015628556343730602,-4.25,-0.18830305970161867,0.005930432626378865,0.0020264086807146972,0.001152364766341516,-0.007708121397261614,-0.0008153608372913093,-6.274156000570144e-05,-10.280000686645508,-0.45995528014257236,0.006546215334917839,0.00365140142796103,0.002465580450030754,-0.0065125044158060195,-0.0006514616309713525,-4.5000667300822925e-05,-2.9800000190734863,-0.3921052705878367,0.0027110313150452655,0.0010212132870895925,0.0005538852147249079,-0.0030499251497189276,-0.001541734471014732,-0.00024781351247734094,-55.529998779296875,-0.5629561954876122,0.052429373478569026,0.017459986903092944,0.011803982395228717,-0.06710535329426885,-0.006784730931686553,-0.0003948261023817285,-18.77999496459961,-0.2841579059648501,0.03085255131094319,0.008105709369543742,0.004695400336101818,-0.054530926542198675,-0.004954712097274708,-0.00031127224360382214,-29.10999870300293,-0.5385753767604687,0.021104269327774806,0.009417328758631301,0.006374910762901016,-0.024610506334267177,-0.0024126628771213993,-0.00013788607790212365,-4.669999837875366,-0.6049222752322682,0.0022013402053768258,0.000816017462901578,0.00048676441367048994,-0.0019444794036255792,-0.00012263593682615927,-2.9969981418371576e-08
3,GEy,Ethylene,50,2,-7.480001449584961,-0.21322694011273582,0.014829750468659012,0.004137446571664547,0.002225828983864324,-0.018142029812802038,-0.0018231667801243646,-0.0002664028180458526,-3.780000686645508,-0.1741935739053621,0.006098533713724684,0.0019037788961164745,0.001089701832391736,-0.008461352890937565,-0.0006787558103616578,-7.113644904977071e-05,-9.0,-0.4087193375523676,0.006689002414393251,0.003675853288216426,0.002337321784109258,-0.006793277616002037,-0.0008029961451413305,-9.185812381899775e-05,-1.4900000095367432,-0.3781725857607955,0.0021030616398880356,0.0005550666211814165,0.00035951418943441055,-0.0014515515321886835,-0.00011055695282944293,-3.5927552564429754e-06,-44.94000244140625,-0.44162737321136397,0.06497072293223713,0.018397736950775113,0.011428735426462196,-0.07404465180079109,-0.007481984386067663,-0.0005731211839937018,-18.179996490478516,-0.2820790900126545,0.031737587497339355,0.008404315648961283,0.004707657643847112,-0.04543792514285538,-0.004423163753292982,-0.0004942496338798381,-25.93000030517578,-0.4773564147800699,0.027557077561088463,0.009871942450332757,0.00641344179726116,-0.027692194891364985,-0.0027852476171719193,-0.00023771993653112154,-4.599999904632568,-0.5786163540874062,0.002876526916597153,0.0009929646730081944,0.0007322825111513868,-0.001893807376491511,-0.00017653749376871997,-9.999752044677734e-06
3,GEy,Ethylene,50,3,-6.090002059936523,-0.17880216718699687,0.012956825142940755,0.003600308829802694,0.0019523466143971636,-0.016353512059696974,-0.0014005672161352112,-0.00015887327087658047,-3.3899993896484375,-0.16568912714278416,0.007304096270274272,0.002010631426943062,0.0010211749028300873,-0.008081100584202675,-0.0006837050019605598,-5.950949797780654e-05,-7.970000267028809,-0.3679593870348548,0.00617024568978904,0.003453581666482031,0.002213449541594736,-0.004461337027632737,-0.0005819087670645249,-2.9186863139227675e-05,-1.7100000381469727,-0.41605838992632227,0.0021787962265873164,0.0006246650352525883,0.0003996600833981392,-0.0015093028154456465,-0.000118634639414497,-2.351953286042049e-06,-38.97999954223633,-0.39517436925620053,0.05078762172729596,0.01691781878428045,0.010520619758627264,-0.07272430112961366,-0.007369814773678956,-0.0006333373419228204,-17.009998321533203,-0.28083206880033595,0.02366154309970757,0.007488415053382212,0.004499530829533831,-0.04374824578807588,-0.003361912676588549,-0.00022873911078499215,-23.32000160217285,-0.4452081162015899,0.022733432219894472,0.009411319701540697,0.005903423568236851,-0.026658067589667326,-0.0025062851744837205,-0.00016131710215563382,-5.170000076293945,-0.6046783580070996,0.0024010174652593346,0.001042864989502041,0.0007237152984217595,-0.002104357798534887,-0.0001489982358379073,-2.997069595909099e-08
3,GEy,Ethylene,50,4,-6.10999870300293,-0.16643963103740025,0.01861737798549656,0.0040204411309423165,0.0020732739497593316,-0.019379374961777857,-0.0018955724321370595,-0.00020285288813512128,-3.269998550415039,-0.14890704402292848,0.0072664739683581114,0.001997669402231435,0.0010557259374118025,-0.0068285884487920695,-0.0007201835442252159,-8.798195381506515e-05,-8.260000228881836,-0.35405058962253544,0.008000606206462004,0.004113969263514255,0.002353567404586392,-0.006787808822890051,-0.0006534338336097763,-9.470565885602271e-05,-1.7700002193450928,-0.4413965382337762,0.0018766855471753561,0.0006459287965594286,0.0004255431685125259,-0.0013120344698784256,-0.00010946681095836867,-3.0530665420578553e-06,-39.840003967285156,-0.37454172171265954,0.06410951728176711,0.021274632447982514,0.011259690516002426,-0.08400444523950545,-0.008492362474442471,-0.0007635764143789906,-17.0,-0.2608562295172936,0.03549127896094152,0.008568186193927293,0.0047499449158524,-0.037294613469342784,-0.0036240897298401146,-0.0004366617473768341,-24.420001983642578,-0.42879721960485095,0.025710758250813214,0.010692705207002289,0.006409276688206072,-0.036594330734942074,-0.003016062984440742,-0.00026792872495812686,-5.3999998569488525,-0.6033519521820229,0.0027543041272821015,0.001249469522029637,0.0008254240360942639,-0.0021192495307739093,-0.00011501856678244052,0.0
3,GEy,Ethylene,60,1,-12.080001831054688,-0.34633031711966744,0.01366773513111489,0.005470003798650745,0.0033442371797534564,-0.017568509065475742,-0.001805858619874806,-0.00019221369498725055,-4.479999542236328,-0.1984935579446945,0.006524743572565818,0.002192345819451996,0.0013099856138401947,-0.009332651366802527,-0.0008096733873486191,-8.222514703054066e-05,-10.720000267028809,-0.4817977648102835,0.00668235633303286,0.0038481086561677944,0.0026139992565615703,-0.0056577202558262965,-0.0004991199141888869,-2.125996028674202e-05,-3.309999942779541,-0.4153074065137393,0.0027976158922670994,0.0010574805788370054,0.0006846464513399417,-0.0019417879124462257,-0.0005851375973752959,-6.990807829699592e-05,-58.150001525878906,-0.591797275205206,0.039132253610615425,0.018201064090293952,0.012613546641983048,-0.07390042702666623,-0.007242437926970004,-0.0005347773597244987,-19.919998168945312,-0.3014071610339129,0.04382463941461099,0.009132593274778474,0.00531622965802854,-0.05093032679937287,-0.005389067078773839,-0.0006163351190750183,-30.280000686645508,-0.5629299158071719,0.01875535646236576,0.009481711099178867,0.006714560400513197,-0.029027569951861586,-0.0025886428620913986,-8.905617306459565e-05,-5.059999942779541,-0.6529032184231666,0.0020323756360704124,0.000833808597531834,0.0006043771515240586,-0.0018629098641309348,-8.60444440208256e-05,0.0
3,GEy,Ethylene,60,2,-8.019998550415039,-0.2311905121910318,0.01383513572761506,0.0043486794510975545,0.002469173415810747,-0.019929882964117938,-0.0022098852532230102,-0.00025995920332922274,-3.979999542236328,-0.18615527120973102,0.007315384288332295,0.0020917272302112258,0.0011959745374419612,-0.009007171546079863,-0.0009491418469446821,-9.460294497915353e-05,-9.360000610351562,-0.42955485163296697,0.007346167640881031,0.003886322345045243,0.0024916748490292962,-0.005613062777480477,-0.0006714530454916565,-0.00010911381673147071,-1.5600001811981201,-0.4020618905118011,0.0021017553325510074,0.0005882322457152109,0.00038087237268721056,-0.0015667280021591924,-0.0001367498585263599,-1.132345577975248e-05,-46.63999938964844,-0.463756582789855,0.06309140351000275,0.019397911557138055,0.011962678449897785,-0.07455161206409151,-0.006761571016273215,-0.0006750144025164843,-18.800003051757812,-0.29653000945250674,0.029944443308368207,0.008228016576674014,0.005071705805634577,-0.050717186824746095,-0.004613223519572441,-0.00046002782713987564,-26.860000610351562,-0.5005590884593891,0.025740686029740358,0.01003915813864934,0.006602895635679234,-0.0364736252952014,-0.003220837732821737,-0.0002862443621141905,-4.690000295639038,-0.6012820744812287,0.0024446600927178737,0.0009802829733688819,0.0007512847236403542,-0.0018150801841002133,-0.00016289887653642685,0.0
3,GEy,Ethylene,60,3,-6.440000534057617,-0.19223882191216768,0.011969471626340582,0.0036949224161469526,0.0021019204827198777,-0.015436236087842042,-0.0015876920307418803,-0.00016332882133863411,-3.6000003814697266,-0.17901542875223173,0.005542645629951091,0.0018738786745280858,0.0010563081776121894,-0.006806554383719367,-0.0007146958257850298,-5.238334798911111e-05,-8.299999237060547,-0.3894884770093775,0.006287720561162434,0.003580753849992162,0.00230321342690065,-0.005978652151109824,-0.0005806251474335843,-4.451002472322068e-05,-1.7700002193450928,-0.43920598689727286,0.0018805711801887573,0.0006353344802055895,0.0003993421947125965,-0.001742390114151258,-0.00014077661245660391,-1.7846884694069507e-06,-40.659996032714844,-0.420171514345383,0.04661371129773014,0.01855043248197485,0.010820751178340133,-0.07082893694474651,-0.007091402698576208,-0.00041961761144283316,-17.93000030517578,-0.30073801788659243,0.025367276423115714,0.0075515704525107065,0.00466209856195683,-0.03158693579004688,-0.0031267336141926633,-0.00022714327166456033,-24.190000534057617,-0.4695264037097338,0.024876563307290895,0.009537605544970117,0.006037977590316059,-0.03455016494012911,-0.0032656670524746035,-0.00024689706068264494,-5.3500001430511475,-0.628672150312516,0.0024409227256523324,0.0010619713241131513,0.0007183371369433195,-0.001962675566181375,-9.19470366159907e-05,-3.992100364835744e-08
3,GEy,Ethylene,60,4,-6.6100006103515625,-0.18144388018060073,0.014331212795068188,0.004207073880876669,0.0021223535832404924,-0.019535496427399986,-0.0020011877861563095,-0.0002746373199018989,-3.6299991607666016,-0.16575338922358454,0.007352097575246986,0.002141818556417243,0.0011248363609092055,-0.007790930235147868,-0.0006524645966457,-9.188738826181647e-05,-8.710000038146973,-0.3762419084955452,0.008723982538739076,0.00423968411601277,0.0024765176091437217,-0.005550955185974787,-0.0007135423214097388,-7.299638185933425e-05,-1.880000114440918,-0.4723618355355103,0.0020010417128175136,0.0007161774208027699,0.0004357187807845827,-0.0013468462388472949,-0.00011394455352305188,-9.999990463256835e-06,-42.220001220703125,-0.4001895850303614,0.06527402348877666,0.02024354925688318,0.01177333313711615,-0.0782865372301504,-0.007138079209592754,-0.0005463583325131616,-18.409996032714844,-0.283274298166703,0.031091779241117057,0.008748802832240013,0.004939124066635617,-0.03880489929098633,-0.003439561962425115,-0.0002635959607063989,-25.809999465942383,-0.4555241711163052,0.02912331941354677,0.01101896148922039,0.0067163190894708675,-0.030545020998781716,-0.002769146539770765,-0.0002071157558459227,-5.600000381469727,-0.6299212784255814,0.0024977825177331233,0.0011773789652350603,0.0008117080698985294,-0.0021716364921238796,-0.00016540996639601295,0.0
3,GEy,Ethylene,70,1,-12.959999084472656,-0.3680772343498276,0.01139605095326285,0.00565753907423017,0.0034613369211551168,-0.019432795070434928,-0.0019247798409482407,-0.0002615691785668939,-5.0,-0.21958717169437725,0.006877854932274991,0.0023907122088333782,0.0014040458967538726,-0.007616981498373413,-0.0007120286202692436,-9.126770932301766e-05,-11.319999694824219,-0.5033348070266079,0.006914202076928883,0.004019335051342519,0.0026959806698202823,-0.005002281626638466,-0.0005304057968720147,-8.567116319903897e-05,-3.4699997901916504,-0.4353826702055922,0.0030293422151792277,0.0011193470772687746,0.0006824238529260871,-0.002186521020305205,-0.0004872169030063918,-7.616561684814e-05,-60.78000259399414,-0.6114688295871906,0.03450003156164527,0.018176412412720805,0.012952191569921528,-0.0672567674627962,-0.005491831553261044,-0.0004492513796655244,-21.579998016357422,-0.32470656505620166,0.032612239828626086,0.009990126368514554,0.005584734850697423,-0.05389541089570267,-0.005444187244279936,-0.0004848640436515889,-31.75,-0.5831037567516463,0.021347828869518776,0.009736682143942044,0.006900736514117316,-0.024783734885274487,-0.0024322736175866858,-0.0002149224147821524,-5.109999895095825,-0.665364584545993,0.002170790457621706,0.0008618317097364712,0.0006112616439921554,-0.001948254633772702,-0.00013464435629325858,-1.9970010945094874e-08
3,GEy,Ethylene,70,2,-8.419998168945312,-0.24498104249674996,0.014530937698339245,0.004470259564109412,0.0026190712723932323,-0.01814071797349341,-0.0017927452808852637,-0.00015827241654910477,-4.170000076293945,-0.19679093776291864,0.00643511442681799,0.002116235501331304,0.0012845345194873678,-0.00711399795833167,-0.0007203930841104536,-5.410705580392172e-05,-9.74000072479248,-0.4509259515174945,0.007044121479469258,0.0038280804052002256,0.002544433516415775,-0.006233076114929996,-0.0005766580432381871,-4.918185550204097e-05,-1.6499998569488525,-0.42635656479108247,0.0020132334705424935,0.0005885312015688048,0.0003923913336217468,-0.0012360094277461,-0.00011447438848612341,-3.5180774594012098e-06,-48.75,-0.488525899917238,0.051912777174541465,0.019022334617918503,0.012278991084158053,-0.08541122021944128,-0.008450742997466513,-0.000785693061195087,-19.770000457763672,-0.3144083988858027,0.03641189713458769,0.009061695894961355,0.005312398928540321,-0.043455505197785356,-0.004120134983212019,-0.00032021390818057585,-27.93000030517578,-0.524310119488749,0.022054501946513542,0.010302796368413032,0.006782526929871071,-0.03169556230319028,-0.0028133946370540184,-0.000181385769505158,-4.8999998569488525,-0.6257981998331374,0.002494372901140588,0.0010033998867277172,0.0007614283069149553,-0.001697360289660839,-0.0001528026256968517,-2.989093383372305e-08
3,GEy,Ethylene,70,3,-7.399997711181641,-0.21964968871548188,0.012366685473768898,0.004140419800736373,0.002182709843787305,-0.02020976168003056,-0.0019100633698633895,-0.00023046220067870934,-4.039999008178711,-0.19980213379683226,0.006680288274509897,0.0020538148301477927,0.0011981682212607648,-0.005908870429461978,-0.0005448919206929258,-6.55254192300841e-05,-8.880001068115234,-0.4155358315107013,0.006059788831677016,0.003649996547080834,0.0023576600532431388,-0.005646523151526072,-0.0005689825082295792,-7.69610776221383e-05,-1.8799998760223389,-0.4676616629209645,0.002181317289221752,0.0006656204938534122,0.0004324944991949535,-0.0015001152312556446,-0.00012643502618131134,-6.100056821312138e-06,-43.599998474121094,-0.4488367176041722,0.049502325947279574,0.017829227912338617,0.011132649662452102,-0.06629912928016753,-0.005498636188388966,-0.0005648727569581115,-19.34000015258789,-0.3235195809218677,0.03133300462000664,0.008689756936196615,0.005126236303359698,-0.042067131383264435,-0.0042841643352130995,-0.00026362330638061374,-25.780000686645508,-0.4979718071989976,0.021237440824701997,0.00959029169439076,0.006258037828134764,-0.022487235522626714,-0.0022937662306404113,-0.00020543753720945167,-5.509999752044678,-0.652070991291994,0.002103045965488947,0.0010618478311418098,0.0007418365944649706,-0.002408057522063671,-0.00013359967110468325,-2.997069595909099e-08
3,GEy,Ethylene,70,4,-7.120000839233398,-0.19619731770761614,0.017711085374913855,0.004300035902749003,0.002288836919561607,-0.01899986267089844,-0.0018999862670898437,-0.00019493961040089412,-3.9099998474121094,-0.1801843184305246,0.008729234955568651,0.0024148986373810372,0.0012155931191817114,-0.006216042208984929,-0.000567393516239706,-4.4944987546832275e-05,-9.1899995803833,-0.39818022576958584,0.007429731393042524,0.004115878574992226,0.0025894001247518473,-0.006952566755337461,-0.0006094267003904308,-3.893667056602432e-05,-1.9500000476837158,-0.4949238627827272,0.0018299139121897882,0.0006738583110089976,0.00045254468891755466,-0.0012775689660418914,-0.00010584800103498127,-2.6650992672836723e-06,-44.459999084472656,-0.4231464662949149,0.06064567521311235,0.021299244194263375,0.01237064805129259,-0.08500831516276647,-0.008243823970174528,-0.0005919591908930693,-19.46999740600586,-0.3020946210694411,0.03191465072975629,0.009345815624713896,0.005231637851339697,-0.03646698064662408,-0.0036613209471147577,-0.0003195008892055473,-26.970001220703125,-0.4783611335537125,0.02583833702591621,0.011199720546717678,0.007027092639208178,-0.02949951566884903,-0.0027397034679765018,-0.0002564070394513519,-5.81000018119812,-0.6542792912524547,0.002532786701524201,0.0011873322680633265,0.0008254814599499545,-0.0021912600142220723,-0.00012805909031643093,-9.999752044677734e-06
3,GEy,Ethylene,80,1,-13.789999008178711,-0.3886696501154892,0.013631451435131491,0.005665353213385199,0.003701741166788982,-0.01734322817248787,-0.0016494064154063681,-0.00014303769737747553,-5.079999923706055,-0.22617988115671953,0.007471064725751343,0.0025590208548867156,0.001562547960286678,-0.007618843165067481,-0.0007238799928394124,-4.961558083794262e-05,-11.829998970031738,-0.5227573755522398,0.006495153188024745,0.003954757535149665,0.002806198081570057,-0.005402102329343115,-0.0004762277374350496,-2.9998779296875e-05,-3.119999885559082,-0.43034481180125267,0.0029272376236542954,0.00101241739340833,0.000691322551895047,-0.0017098189861431568,-0.0003551237359946877,-7.038722563693188e-05,-63.06999969482422,-0.6320272483834651,0.046102934898101466,0.018542105277674664,0.01347507314347082,-0.06327037948440149,-0.006100937604790792,-0.0002854426481260189,-21.96999740600586,-0.3361897156693291,0.028769969102045066,0.009557543080314963,0.00594093745782359,-0.05235641835410881,-0.005224563597174318,-0.00036980352591824204,-32.95000076293945,-0.6021564332581362,0.018487265237620534,0.009931232704501105,0.007177173816486991,-0.030256766282758803,-0.002689523664360129,-6.615937119511847e-05,-5.390000104904175,-0.6954838845037645,0.002362250691402099,0.0008799650858314801,0.0006291884257058503,-0.00154155167142701,-4.908953150299857e-05,0.0
3,GEy,Ethylene,80,2,-9.170000076293945,-0.26237481762855064,0.014382382742345007,0.004973989559664516,0.002797147677846062,-0.01803442538474371,-0.0017751043805651677,-0.00021096959565974406,-4.739999771118164,-0.21903881260669342,0.007625815904393471,0.002504860063267277,0.0013722793456021972,-0.006684960031170425,-0.0007544019061060924,-8.800279384161696e-05,-10.319999694824219,-0.4708029041471171,0.006596154063657355,0.004012440875136961,0.0026549534028963407,-0.0068361094821251705,-0.0006129804366760422,-4.940624266379377e-05,-1.7799999713897705,-0.45524294944142063,0.0021450164657477937,0.000616147466135516,0.0004156077946371401,-0.001310661559588931,-0.00010409507138128909,-1.0000228881835938e-05,-52.130001068115234,-0.5122838047735747,0.050394678634455604,0.021058151476566773,0.012958863156913955,-0.07610860345384314,-0.007472306718926548,-0.0004527454041255629,-21.87999725341797,-0.3404387489691651,0.0317258687600739,0.009834210674008817,0.005640677877919795,-0.0487728398164758,-0.004903077084621618,-0.00043337169292403753,-29.639999389648438,-0.546964387170875,0.02020630324752271,0.010522632653866819,0.007044190893965771,-0.032940100067177853,-0.0028690764517515484,-0.0001996527036680662,-5.130000114440918,-0.64936709525474,0.002602958732142059,0.0010490451148243403,0.0007986324720752922,-0.0018782395758737734,-0.00015491688324784358,-2.9950745462481765e-08
3,GEy,Ethylene,80,3,-7.600000381469727,-0.22399057804636685,0.013141889138510481,0.004188221444981147,0.0023542180867607287,-0.017714928424785528,-0.0017523185822290333,-0.00017833733922133476,-4.25,-0.208947884371538,0.007643965757413047,0.0020561621159425414,0.0012665977355308668,-0.005238798443512324,-0.0005201130887934959,-6.814149476106831e-05,-9.299999237060547,-0.4311543518144837,0.0067477723609564635,0.003851249063866553,0.0025119403719119538,-0.0054753398188293915,-0.0006447305805223115,-8.051165310797813e-05,-2.000000238418579,-0.49140052925407557,0.0020916530341486307,0.0006728939541123133,0.0004439959708501364,-0.001261058462856184,-0.00011234639035377463,-4.385460977106776e-06,-45.7400016784668,-0.4654997016492179,0.0543652433733657,0.018785880207001986,0.011872518702710794,-0.06917446686287831,-0.006586351982837182,-0.0004176096991133976,-20.299999237060547,-0.3378265798887053,0.02789160584819082,0.008669687504964923,0.005368353070395137,-0.043216411187257664,-0.004042228042329409,-0.0003188654286797001,-26.84000015258789,-0.5147679414418356,0.020810873599782394,0.00985597486841093,0.006586947910712336,-0.02715674232029783,-0.0025705207512878355,-0.00010506155313272903,-5.740000486373901,-0.6737089410768102,0.002493341942743193,0.0011142759982446721,0.0007419093991797779,-0.002424348003804197,-0.00017763568280773604,-1.0000228881836145e-08
3,GEy,Ethylene,80,4,-7.799997329711914,-0.21126754378532883,0.017680983499215572,0.005057893629327279,0.0024824604439807924,-0.01916902950892311,-0.0019882320455524693,-0.00024229123842682473,-4.239999771118164,-0.1922030767799493,0.007606272832499525,0.0023407636973256404,0.001286760765624719,-0.006951530761148546,-0.0007436350235208431,-7.598276194230185e-05,-9.829998970031738,-0.4188325205633237,0.009483552823578902,0.004681311155954724,0.0026704772937775714,-0.006455494176568673,-0.0007386916557803098,-7.05376472507616e-05,-2.0800000429153442,-0.5213032676550899,0.0023010066242590242,0.0007156551525517365,0.0004719377776223937,-0.001400017704013746,-0.0001189468460032985,-2.4478746666047554e-06,-47.900001525878906,-0.4466200608473558,0.06203549448720806,0.022889212904344085,0.01284028624258001,-0.07940418361828283,-0.00779537190256215,-0.0006456323619120126,-20.93000030517578,-0.31939570723429145,0.03842371036849608,0.009207801490726862,0.005607242613946833,-0.04816035658211745,-0.0046473269943022545,-0.0004651302294017404,-28.71000099182129,-0.5003485614742309,0.025692040047681674,0.012106374900094748,0.007229825928253802,-0.03425679625480485,-0.0031129754623420466,-0.00023168109287379768,-6.050000190734863,-0.674470458264417,0.002571646818151412,0.0012078500226250562,0.0008433477289731831,-0.0022987521747180146,-0.00012631018158357934,-1.997951458501668e-08
3,GEy,Ethylene,90,1,-14.270002365112305,-0.40678453877615645,0.012051595133089253,0.005918401785581336,0.0038166622121611625,-0.016465296395455298,-0.0018273703371244514,-0.00015324532390462324,-5.569999694824219,-0.24678776119352533,0.007175156927454057,0.0026978453070892654,0.001658026513480332,-0.007107877966631798,-0.0006820825817267746,-7.36806486389424e-05,-12.139999389648438,-0.5422063296375578,0.006557659040915112,0.004034798836267762,0.002866957530718119,-0.005639278788479725,-0.0005613975585284028,-3.485938150807174e-05,-3.689999580383301,-0.4641509017500704,0.002742644588686968,0.0010831379817219382,0.0007293848794917916,-0.0021766497171825105,-0.0004846761088624758,-8.605216233251273e-05,-64.5099983215332,-0.6514845537116096,0.037461295041738604,0.018549000162162963,0.01350048662386996,-0.06933632174672483,-0.006565548491400859,-0.00027514088413538643,-23.979999542236328,-0.3617984306560773,0.03076624616806467,0.009709319845980129,0.00630761015429336,-0.038437952617927956,-0.0036180971110235057,-0.0003120046012239277,-33.69999885559082,-0.6218859514600703,0.0176816980707964,0.01002652435401217,0.0072561284582297846,-0.027381392547180118,-0.0025314475816160817,-1.7237342432148376e-05,-5.46999979019165,-0.7085492148770974,0.0021861753934171086,0.0008958997209715754,0.0006252671609973724,-0.0016080104445736752,-8.30965455138025e-05,-2.997998140883638e-08
3,GEy,Ethylene,90,2,-9.680000305175781,-0.27391059036163956,0.018765081204317757,0.005042318998741114,0.0029022965618676552,-0.019509416136183764,-0.0018959534083106922,-0.00022232091823992228,-5.010000228881836,-0.2301332165151681,0.006238904245873111,0.002439529806610689,0.0015038040035212524,-0.006812424959071784,-0.0007852591000683669,-8.34250589739712e-05,-10.819999694824219,-0.4884875792852118,0.006680765204888771,0.004071857752165827,0.002826636116856442,-0.006950736070978233,-0.0006758782729315017,-5.587515814955849e-05,-1.8700001239776611,-0.47341774719071994,0.0020573875246757806,0.0006263153317780624,0.00043017428860342004,-0.0017656709660451163,-0.00014923949833528982,-4.243681940947275e-06,-54.060001373291016,-0.5270547093120342,0.06120056737389932,0.02182474255700182,0.01381529143626767,-0.07884645508316776,-0.007688954802585462,-0.0007380768535613139,-23.009998321533203,-0.3570209373324226,0.036779411092030534,0.010027284383474985,0.006046842998121808,-0.04714201801802069,-0.004813704605996843,-0.00041791223305624617,-30.770000457763672,-0.5623172472832831,0.02858573921558913,0.010484826821038854,0.007381026359181207,-0.028680461749632357,-0.0026076707360932552,-0.0002328210426014921,-5.389999866485596,-0.6703979965247823,0.0027667204420822886,0.0010322189190654658,0.0008117049854740547,-0.0016619221246851152,-0.00011978681991298685,0.0
3,GEy,Ethylene,90,3,-8.209999084472656,-0.2388710893108672,0.012140256424754938,0.004377463181142011,0.0025288257983391857,-0.016864057242187966,-0.0014720014073795308,-0.00015749283279899151,-4.600000381469727,-0.22582229710123283,0.005868302702543839,0.0022340064901658616,0.0013313243823508108,-0.005855374803980981,-0.0006742755257580283,-8.232093609681494e-05,-9.789999961853027,-0.4486709486148733,0.007551945001671658,0.004065889402562968,0.002621510626198573,-0.005958408507845876,-0.0005397529916535481,-5.945237041823458e-05,-2.130000114440918,-0.5132530278297096,0.0018853195682259683,0.0007039451013506324,0.000477511091135539,-0.001471980779017395,-0.00013668327218830788,-5.03107475068742e-06,-48.0,-0.48289737689292833,0.055848571615291095,0.019272241624397116,0.012360557402001357,-0.0652551592052022,-0.006139747381923211,-0.0005299667473440558,-21.37999725341797,-0.35764465858139716,0.02938484310040289,0.008807714958351835,0.0055701870155793675,-0.033557680680435305,-0.003106685084074985,-0.0003011903227689738,-28.260000228881836,-0.5343165164492863,0.019717668798090705,0.009961081876592793,0.0068380992145919564,-0.03324760042938928,-0.003268348515745918,-0.00025033863953030487,-6.070000171661377,-0.6929223759205515,0.002250468147986218,0.001107960532001194,0.0008013708151280267,-0.0020395006650090423,-0.00011402416916597671,0.0
3,GEy,Ethylene,90,4,-8.409997940063477,-0.22822247729452755,0.01526955408244733,0.0052466439796017075,0.0026541657511743202,-0.021910697999247487,-0.001855858050199057,-0.00020497200918182592,-4.629999160766602,-0.20921822577268523,0.00773201984480044,0.002532088278484253,0.0013739614392075967,-0.006828466180855774,-0.0007375116113712871,-5.353048841972399e-05,-10.25999927520752,-0.43846151463535527,0.008720768424594249,0.0045951785541103645,0.002828803203179436,-0.006116583113499276,-0.0006427356015547185,-4.786455288070105e-05,-2.1800001859664917,-0.5436409131014867,0.0022217361725207093,0.0007534999016576052,0.0004895971342945737,-0.001320915946497487,-0.00010798715674724686,-1.632954424165657e-06,-49.849998474121094,-0.4667165959513707,0.06508718867081952,0.02250689974004331,0.013479518856160095,-0.08374967754350354,-0.008227666207121181,-0.0004904927906688541,-22.14999771118164,-0.3389441197914204,0.02796502838401203,0.009644839161677835,0.005871489229313439,-0.04128397664853012,-0.004210292651183346,-0.0003082987844564696,-29.85999870300293,-0.521754306165352,0.023236840869790498,0.01148312779019329,0.0075099360089435786,-0.037156230701537826,-0.0031825641810923565,-0.00018892783075355896,-6.160000324249268,-0.6898096431955286,0.0026353197305216823,0.0011933071317062186,0.0008374159730182683,-0.0023208054277740375,-0.0001555261902766547,0.0
3,GEy,Ethylene,100,1,-14.330001831054688,-0.41380310104144646,0.011704929741166685,0.006149412575435729,0.003892974490182921,-0.017572213291467232,-0.0016387210585378836,-0.00020823713014064891,-5.649999618530273,-0.25336322026148295,0.007202302650267739,0.0027895254223095868,0.0016963359754858336,-0.007864288504372376,-0.0007249455394281561,-6.440332052804039e-05,-12.180001258850098,-0.5506329474114168,0.006790376856502598,0.004104324260135653,0.0029078542557293193,-0.005778843166148134,-0.0005917578893505542,-2.0004530097375148e-05,-3.059999942779541,-0.4322033864059382,0.0033184040906241168,0.0014472800260986903,0.000757888441490843,-0.003075358510741911,-0.0013071898169437547,-0.00027915180854771755,-63.93000030517578,-0.6556250528623686,0.039426541168123816,0.01849711630883329,0.013680670176784787,-0.06052822852452043,-0.006316191075253684,-0.0002879918693526924,-24.349998474121094,-0.37158551698026393,0.03848505694253461,0.01073680386214488,0.006646257887432394,-0.049700292203653976,-0.005058752435053714,-0.0003846716656975842,-33.61000061035156,-0.6294007425086563,0.016721583046220376,0.00984728548141395,0.007294190893668728,-0.025144459087582453,-0.002402106748137193,-0.00011519790415781425,-5.3500001430511475,-0.6957087260393205,0.0023229649568415078,0.0009130073399245126,0.0006014058490676868,-0.0020227821836031265,-6.37386094942824e-05,0.0
3,GEy,Ethylene,100,2,-10.160001754760742,-0.2933872781227064,0.013041662462228681,0.005020801866021992,0.0030001491010731764,-0.018061855561263062,-0.001872344963719447,-0.00022117319964049139,-5.319999694824219,-0.24767224432958915,0.006352503747887031,0.0023933169450151715,0.0015232643572435053,-0.0062097093564476066,-0.000664163053390761,-5.678788637808399e-05,-10.949999809265137,-0.5039116447279145,0.006670302745283411,0.003997451305765001,0.002767783510973289,-0.004866517989520747,-0.0005159587138388442,-6.418286229439189e-05,-1.9200000762939453,-0.4923076998317498,0.0021189998124825694,0.0006538687919718579,0.0004451664361870514,-0.0014414922127355125,-0.00011774852893423746,-2.9778062139348576e-06,-54.70000076293945,-0.546017175047996,0.05610803893411889,0.020029183114345036,0.013632229782579317,-0.07374317908142397,-0.0074923199071764155,-0.0005940289859235542,-23.700000762939453,-0.37281738047371854,0.03620681989215755,0.010541628413479153,0.006126938323011588,-0.04826825691903192,-0.004630253055420718,-0.00037856084075473364,-30.8700008392334,-0.5780898868377946,0.02427507202263873,0.010174002818969342,0.0072818009384128905,-0.02436716125114184,-0.002385114716788874,-0.00020137065278220652,-5.270000219345093,-0.677377901957012,0.0025331246889783773,0.001047143246563768,0.0008123532734670576,-0.0018215238969515844,-0.00014648736086361785,-2.9960715720667104e-08
3,GEy,Ethylene,100,3,-8.809999465942383,-0.2601121861166865,0.011652512626703849,0.004541114679563279,0.002627889389954402,-0.01748958845503684,-0.0017662054947013778,-0.00020187958854451257,-4.890000343322754,-0.24041299442667857,0.006753121616701003,0.002259426576614044,0.0013884317395805963,-0.006110046650759647,-0.0006351940372774728,-6.819945119615538e-05,-10.090001106262207,-0.46864843402075546,0.0064501164956250225,0.004005046738341154,0.002665151734506811,-0.006394021163048604,-0.0006049504566411965,-4.649900587721972e-05,-2.1999999284744263,-0.5365853608895595,0.001994750251613619,0.0007060825875666031,0.000464713867989876,-0.001199859236700456,-0.00011378045436375411,-2.1614713410870577e-06,-49.589996337890625,-0.5066407614366677,0.04401808631313538,0.01965009151881449,0.012647287198149736,-0.05225656845002018,-0.005155742572962981,-0.0004067968727286002,-22.669998168945312,-0.3762655297750259,0.03141339099365732,0.0087416947115972,0.005844695216225484,-0.04227113862551561,-0.004192833373077398,-0.00027703221585282636,-28.920000076293945,-0.5546605373001893,0.018092517904290006,0.010147524990678678,0.006904093105753585,-0.03227798536760472,-0.002918248003267355,-0.00015430766968702893,-6.089999675750732,-0.7073170637153048,0.002427148982545116,0.0010838890849803192,0.0007501215178738459,-0.00208076181184574,-0.00014094444931223867,-9.999752044677452e-09
3,GEy,Ethylene,100,4,-8.84000015258789,-0.23349181220485468,0.014600915491306581,0.0051663285380868975,0.0027679319687562436,-0.02397197210555104,-0.002433655069274522,-0.0003080123536625841,-5.010000228881836,-0.22168142231491525,0.006705505058149026,0.0025253281191150163,0.0015019659467275697,-0.007045963692370227,-0.0006314400537422306,-0.00011009871657308531,-10.820000648498535,-0.45045797012053457,0.011224279881039063,0.004917473140072546,0.00296075696677263,-0.00789774678027776,-0.0008105313518231444,-0.0001314023053689204,-2.3000001907348633,-0.5623472139187012,0.0020714745135936696,0.0007697429009576529,0.0004979300773390602,-0.00142727117820579,-0.0001577315708439222,-9.367648633082016e-06,-52.709999084472656,-0.47935612516675424,0.058809290804256786,0.02431869658827079,0.014148652607446289,-0.0804733222281728,-0.00834136659507842,-0.0011104202483131964,-23.439998626708984,-0.3536511626193733,0.036739620327685685,0.00983703756173509,0.006193044629027083,-0.03895142383632374,-0.004368132777825108,-0.000548332659120724,-31.28999900817871,-0.5342325281067704,0.030324068281933465,0.01299149971080983,0.007925588470259792,-0.03050743309991026,-0.003319787639453283,-0.00044187070158011147,-6.480000019073486,-0.7066521227001318,0.002693729804812547,0.0012713186629142012,0.000853852791279417,-0.0026222174236372126,-0.00013513626203055508,-9.999752044677452e-09
3,GMe,Methane,10,1,-8.610000610351562,-0.21514244157589127,0.01559288934555788,0.004597413091032185,0.002396831061298861,-0.027118318912618018,-0.0026306223445176106,-0.00029876690212148754,-4.879999160766602,-0.18892757162913787,0.006813126110340213,0.0022688484627978165,0.0013152690859845099,-0.010000594122641716,-0.00112280569108575,-0.00010181888060162848,-7.5800018310546875,-0.2967894110938084,0.006232349823391142,0.003129818739629766,0.0019443433789287634,-0.006398038035327024,-0.0006660050215908007,-7.884293947169863e-05,-0.32000017166137695,-0.03855423666358312,0.0027460982958028286,0.00041386540367267333,0.00012868673136702565,-0.0029344683478256597,-0.0006188204941879467,-0.00015432745548613958,-45.11000061035156,-0.4067995388100126,0.05324232385002075,0.018637957117578242,0.011031638108226948,-0.08507182399731399,-0.007867946602857733,-0.00047031573883605555,-31.140003204345703,-0.4163101862816556,0.03273236976683759,0.011161250286215162,0.006959482385789604,-0.05804118010549742,-0.0050441737812469516,-0.0003165159656157709,-26.849998474121094,-0.43965938444890273,0.023030788624803396,0.009441109948225087,0.006074846730775522,-0.03751446359874449,-0.0033125381772417103,-0.0001569775469490977,-0.5699996948242188,-0.0740259362264345,0.002762332569692081,0.00028176834099211015,9.448247500307953e-05,-0.0016876629798679619,-0.00018963506789928055,-8.499049232892166e-06
3,GMe,Methane,10,2,-7.350000381469727,-0.22019173595804611,0.012290350119927497,0.00380595373178662,0.0020325440377101985,-0.017683920939274404,-0.0016287609040034486,-0.00016042709715087934,-3.6100006103515625,-0.1754130526595975,0.006091631887665628,0.001935154608525901,0.0009671356958814107,-0.006659138110460963,-0.0006207276341065164,-6.19030221163123e-05,-6.239999771118164,-0.2975679530492066,0.005693875157190859,0.0027586092003790558,0.0015903100149319812,-0.00577091098158073,-0.0006179420760761563,-5.579653419717809e-05,-0.23000001907348633,-0.06199461366808073,0.001998030678971496,0.00021449497398969992,5.9212704029174634e-05,-0.0015999521018961408,-0.00015260687152195954,-1.1652804959056047e-05,-43.77000045776367,-0.45574760558636274,0.04563413661308439,0.015764998948022146,0.010135032288437262,-0.06287400153714036,-0.006385616930065869,-0.00042619915941814035,-24.479999542236328,-0.4063070463441714,0.022645315244867924,0.008473491506924256,0.005420910558157284,-0.041219331396694106,-0.003440272370336214,-0.00012110561888641644,-23.610000610351562,-0.46149336748963765,0.022577651907730065,0.007985422432316267,0.0050722300039708805,-0.023717778941715215,-0.0022117521230179196,-8.058663831178985e-05,-1.640000343322754,-0.21664469037427056,0.0022131689237228696,0.0005080301569549121,0.0002744008768649738,-0.0016839417703608294,-0.0001306744423910049,-1.775478033382324e-07
3,GMe,Methane,10,3,-7.6100006103515625,-0.226758054199844,0.012089046400660034,0.0039133009874731785,0.0020703964101934642,-0.015412360052279965,-0.001562677312335689,-0.00014671682725498215,-3.690000534057617,-0.18303574216203647,0.0064251290625844636,0.0018671982004947038,0.0009847472195149986,-0.005790859462404945,-0.0005813371513175996,-6.243186270271631e-05,-6.6100006103515625,-0.30974698046335164,0.0054919162225451285,0.002788401672911842,0.0016654554597855975,-0.0065927495998709335,-0.0005613889270841692,-4.7124725684393326e-05,-0.059999942779541016,-0.015037579608053003,0.0019967590566564715,0.0001973327889313906,2.157358065138782e-05,-0.001167066793396523,-0.00010353694036869282,-1.0888105075912257e-05,-45.48999786376953,-0.47008369785893656,0.04241190864206652,0.01666416299251635,0.010328566211598217,-0.06394289126527745,-0.005332486899922494,-0.00026999664306640627,-25.06999969482422,-0.42162798655963957,0.022256635430143053,0.008213075461678728,0.005498421176851038,-0.030318727376014133,-0.00290266151496262,-0.00011411395154780198,-24.68000030517578,-0.4790372687478634,0.021446026603210135,0.007906367978046912,0.005278614571812939,-0.02181178583930902,-0.002318934092413052,-0.00015191752478490783,-0.38000011444091797,-0.044186057858752854,0.0029512696107548255,0.0003533421109583715,7.474634819127946e-05,-0.0022929748460475455,-0.00021169218154656346,-1.7436124504731453e-05
3,GMe,Methane,10,4,-7.719999313354492,-0.22874072039568866,0.012064853315697292,0.003855508075246139,0.0021621263719662563,-0.01686904139013522,-0.0015569654652623005,-0.00017345595972028925,-3.8000011444091797,-0.18600103219021877,0.006392522260868614,0.0018612235097977391,0.001054571188825289,-0.0072109096786886085,-0.0005855301865086595,-9.03795345005921e-05,-6.880001068115234,-0.3195541499626016,0.006212029869944926,0.0029498159983856603,0.0017360395839973388,-0.006966404403791956,-0.0006437582466479515,-5.866135035823266e-05,-0.19000005722045898,-0.05000001568543303,0.0019786201850384134,0.00022822656730304747,6.313848890741782e-05,-0.0014347023830022132,-0.0001312344796872553,-1.0745729997925987e-05,-46.34000015258789,-0.47704344702236057,0.043801826676806474,0.017254742943558946,0.010669014619130815,-0.06959101365537329,-0.006781303563891189,-0.0005014192405884381,-25.90999984741211,-0.4323377226009195,0.02358477072935248,0.008604867929206533,0.0057245947535429055,-0.04132120968836088,-0.0035833699878087145,-0.0002599037660223564,-25.509998321533203,-0.4881362254277392,0.018741807192486228,0.00829649471331183,0.005506838252260207,-0.03039631840854964,-0.0029309164240134905,-0.00016074550591098935,-1.4000000953674316,-0.16726405191269814,0.002373221107445161,0.0005119288772751326,0.000258044148310804,-0.0020864778199533415,-0.00017043795891350959,-1.0616097701071e-05
3,GMe,Methane,20,1,-13.030000686645508,-0.30876778320081477,0.016590049626175503,0.007109182440015571,0.004077407030629197,-0.023161057159609102,-0.002350328305045757,-0.0002615833976426905,-7.430000305175781,-0.27672254002288676,0.009081288808055352,0.003748694936077248,0.0022952979868678795,-0.009650373038985607,-0.00100832972244012,-9.26542775768778e-05,-10.869998931884766,-0.4055969866168175,0.00791667170256356,0.0045746461044941155,0.0029961544307487093,-0.007133721476199404,-0.0007510078474134271,-7.655597731337326e-05,-0.3600001335144043,-0.04337350906524867,0.003148410061307593,0.00041899753368009377,0.00012303230774680408,-0.0022886208848572048,-0.0004328982393292217,-0.00014475313544087064,-62.630001068115234,-0.5361239619219935,0.04854086668040502,0.023305536951205654,0.01571671918326269,-0.09817548096182137,-0.009507080462806756,-0.0006178699176503132,-41.5,-0.5394514472295916,0.029452907295365465,0.013401464726667128,0.009399989031806165,-0.06152598498704802,-0.006025215567418011,-0.00032678738421349754,-35.579999923706055,-0.5595219348691584,0.02520399594374416,0.01200406592750319,0.008223831212882225,-0.040687468630015045,-0.0041967181248979525,-0.00016978186814722051,-0.5799999237060547,-0.0753246672822201,0.0019765971975215214,0.00030597821275591937,0.00010719017461058562,-0.0019149299105460328,-0.00018486636684899134,-1.2674743837005138e-05
3,GMe,Methane,20,2,-10.459999084472656,-0.31449187048517196,0.012047350731988364,0.005270719117645321,0.0031581602987118913,-0.014961109891307667,-0.0014044247810865067,-0.00013543436585286884,-5.3899993896484375,-0.2622870846597373,0.008565202213936222,0.0025989777823501167,0.0016401896533451848,-0.006365294070486731,-0.0006106981692309885,-5.2625221216691766e-05,-8.229999542236328,-0.39415708204148064,0.0065735392940298384,0.00358109309969883,0.00226629641366328,-0.005513305882064359,-0.0005273024902180125,-3.52837127750717e-05,-0.21000003814697266,-0.056910578561117406,0.0018366374221986494,0.0002158459454788939,6.396282461393784e-05,-0.001183244019912711,-0.00010628308182897438,-1.0761138945727015e-05,-55.130001068115234,-0.5783676169179504,0.048466293798575005,0.01767710450177782,0.012843572348166327,-0.062138929680240915,-0.006077017713043718,-0.00023774504330010995,-31.829999923706055,-0.5282987539204325,0.02424819185426788,0.009940211023876676,0.00709073943864177,-0.039817827729113346,-0.003383354465354282,-0.00019364942233784796,-29.249998092651367,-0.5744304623814799,0.019351077083561624,0.008895406417243493,0.006392372566369251,-0.023688665170789436,-0.0021624678461893243,-7.000997653951028e-05,-1.4800000190734863,-0.1932114945894544,0.002168287387292958,0.0004905073958601555,0.00025600630989492713,-0.0018072245473385092,-0.00016796976483105674,-1.5150435515023658e-05
3,GMe,Methane,20,3,-10.5,-0.31626505297316004,0.013325133367644012,0.005455634924100766,0.003267166694393574,-0.015513122028061502,-0.001641054283308607,-0.00013949421252482924,-5.319998741149902,-0.26653301528898626,0.006316992523679381,0.002536993799604686,0.001599631866798465,-0.005442625921779168,-0.0005714762823236033,-4.166420235152209e-05,-8.579999923706055,-0.4056737625748612,0.006098607869066939,0.003801709138904645,0.002386519640178378,-0.004710049660102326,-0.0005845971769601297,-6.336608236243373e-05,-0.12000012397766113,-0.030534382172842548,0.0019961625275415756,0.00019807917030755111,3.720365109934881e-05,-0.0014586116155964556,-0.0001307287999208932,-9.129302081903081e-06,-56.20000076293945,-0.5873745880402065,0.04214184322134047,0.01824530743212529,0.013103007283645223,-0.06679502963590468,-0.006205352839956025,-0.00043923317293884795,-31.709999084472656,-0.5360040427021701,0.026375366941344396,0.01040523950746249,0.006946467039643039,-0.0358772546918783,-0.003083609237540155,-0.00010000228881835937,-30.0,-0.5877742841276757,0.017815897720657985,0.00923458240872093,0.006536495922652358,-0.021161239580756434,-0.002022847584672418,-6.490870467559104e-05,-0.820000171661377,-0.09601875589276368,0.0026531155664422158,0.0004012658681733142,0.00015977282180737134,-0.002624812861430829,-0.0002148607930117386,-1.001038740574449e-05
3,GMe,Methane,20,4,-11.029998779296875,-0.3273968307779163,0.012261966807366529,0.005554445812945476,0.003438951009699326,-0.016555180402783212,-0.0014893953773401547,-0.00010970181043472931,-5.65000057220459,-0.2773686960936434,0.0070445891976236436,0.002663296637656295,0.0016679375909303756,-0.0058236991647821765,-0.0005619149387173484,-5.9398087434855725e-05,-8.979999542236328,-0.4182580265221855,0.006795506615494358,0.0038410627500487142,0.0024892213995232324,-0.006319543427130528,-0.0005824779906848088,-3.521441781003263e-05,-0.2799999713897705,-0.07349080724276856,0.0019983760576629344,0.00022079361504634054,7.15056368593943e-05,-0.0014212620230766105,-0.00013714147854834767,-1.1296764734536111e-05,-57.7599983215332,-0.5968792014593061,0.04279103091435786,0.018576995580410902,0.01315358383535653,-0.06286477047595647,-0.0059365239705069855,-0.0002433210938210867,-32.779998779296875,-0.5483439185122451,0.02156615156725506,0.009939588467276916,0.007112650631961133,-0.030977510812319413,-0.0031132128325497984,-0.00019850978351586295,-30.90999984741211,-0.5956831800151912,0.019925848838525734,0.009158375822217207,0.006693875801781156,-0.02669039961535156,-0.002306843145494781,-3.62391060247115e-05,-1.8299999237060547,-0.21968786800323037,0.0025387168486585114,0.0006013570212570022,0.00034547137041964426,-0.002489187351783732,-0.00020168447605014092,-1.2741949485209171e-05
3,GMe,Methane,30,1,-16.39000129699707,-0.3923869072869667,0.014987290758656353,0.007806518520160119,0.004807457062657479,-0.01827469594760837,-0.0023841378315532123,-1.0142853544380912e-06,-9.519998550415039,-0.35522383662049695,0.008950751209700826,0.004217906839024,0.0026941726119338342,-0.01621901366950167,-0.0017008810907236855,-3.999900817871094e-05,-12.9399995803833,-0.48591813699519454,0.008271555992210224,0.004968467707981131,0.0033009540202832677,-0.0043779287222575,-0.00029500952707483353,-2.999877929687366e-08,-0.5099997520446777,-0.06151987387110672,0.002729744127495465,0.00046360994070182224,0.00012815545900529576,-0.0059595165393069235,-0.0007782790545324085,-2.11337642656801e-05,-72.17000198364258,-0.6205503017186015,0.052381731704489204,0.024490674400586054,0.015729617323723147,-0.09810352533791472,-0.006132859910262589,0.0,-47.660003662109375,-0.6137007650614222,0.02607565635084616,0.013581278969682345,0.008210055343189634,-0.04406475848874021,-0.001650152316870397,0.0,-40.46999931335449,-0.6364208085586474,0.020395636185018412,0.011838307038343073,0.008245179209483382,-0.025693386453978236,-0.000737690895856818,0.0,-1.080000400543213,-0.13881752845991469,0.0020650334720250917,0.0003438442428572902,0.00010633032831649486,-0.001425993623454688,-0.00010000228881835937,-1.0000228881835938e-05
3,GMe,Methane,30,2,-13.05000114440918,-0.38885579887952937,0.012721297099411916,0.006301919134812978,0.003909069381763618,-0.018039555029637656,-0.0016936356689155082,-0.00016141575090515946,-6.629999160766602,-0.32404689430304956,0.006695521964611624,0.0030668116124761627,0.0019972839412879862,-0.005950401028250854,-0.0006102165486209532,-3.648348849113839e-05,-9.920000076293945,-0.4703651021584602,0.006633089286275408,0.0040341633119767165,0.002683823771903425,-0.004885271063285032,-0.00046671411514523294,-5.314395406973724e-05,-0.4200000762939453,-0.11200002034505209,0.0018888877051183284,0.00032085475477230594,0.00012937227078961688,-0.0013578218829199433,-0.00012915190348753672,-1.4121073025914718e-05,-62.3900032043457,-0.6471991931203123,0.03743222213778657,0.01892399935678273,0.014164330658003401,-0.06031108848148832,-0.005748149920270285,-0.0002427696060193147,-35.39999961853027,-0.5891163176674697,0.02323480387028636,0.010575094388587284,0.007825938739958366,-0.03814090714587298,-0.0034903674827966432,-0.00011166264841755034,-33.040000915527344,-0.6413043598983211,0.018353702763853324,0.009571640542479885,0.007135127796099001,-0.023974885904616234,-0.00255654318346397,-0.00010173632246699305,-2.7800002098083496,-0.35778638566699916,0.0023471530469010697,0.0006989653248125114,0.000463037413921744,-0.00207106469834186,-0.00019271242861440947,-1.0000228881835938e-05
3,GMe,Methane,30,3,-13.209999084472656,-0.3914073802806713,0.013101887404423338,0.006751482031532348,0.0040767361830329075,-0.015609076603634389,-0.0015434748382970075,-0.00015538811517156438,-6.569998741149902,-0.3304828480131864,0.007444149232998471,0.0031506700646490946,0.0019892358974739556,-0.006333155032288916,-0.0006224414719217366,-4.546369162215452e-05,-10.210000038146973,-0.47687996781471653,0.007012001196454465,0.004268411738469765,0.0028469857882860643,-0.005990248531463941,-0.0005654286091106295,-3.0000686645507814e-05,-0.1100001335144043,-0.02770784199538453,0.0019972467284370093,0.0002035860465419355,4.322636604448804e-05,-0.001495496422489216,-0.0001516716688235789,-1.3906103374608053e-05,-62.88999557495117,-0.6498914721152598,0.038890419282109276,0.019603404466136065,0.014416910633429675,-0.05168602200374756,-0.0039944969044764965,-0.00012840535079567512,-34.150001525878906,-0.5923677471291839,0.01978947767737189,0.010099602389073026,0.0075017009780255816,-0.031856727964621835,-0.003000189904503657,-0.0001574603258202865,-33.439998626708984,-0.6475600120439243,0.0177179818143601,0.009640078308721283,0.00722839837281935,-0.022894615033920897,-0.002078468535670008,-2.8075705911842724e-05,-0.679999828338623,-0.0803782299376403,0.002884672678256176,0.00043145272638375786,0.00016034229906829625,-0.002697873916056933,-0.00024874901713357666,-1.0242182971327774e-05
3,GMe,Methane,30,4,-13.630001068115234,-0.4010003058267001,0.012234184859853368,0.006730888621650357,0.004013145459291885,-0.016095682927740447,-0.001451550652862208,-0.00010661577048831481,-6.930001258850098,-0.3402062333499099,0.0064288865744793235,0.0030581907209489916,0.0020188698419854774,-0.007044549470303232,-0.000604930974640643,-3.843728735911857e-05,-10.600000381469727,-0.4887044776612899,0.0069916204129410265,0.004215782241471938,0.0028207025117629836,-0.005957314051865444,-0.0005555047288368453,-1.4698929713597762e-05,-0.4200000762939453,-0.11200002034505209,0.001994169987148111,0.0002684356045919434,0.00011316639452828384,-0.0012572648866910092,-0.00010482851157399164,-1.000443192257368e-05,-64.81000137329102,-0.6595766330580431,0.03830729055587566,0.01900882091406462,0.014300799314882014,-0.06661736307960194,-0.005343283170896252,-0.00020999908447265627,-36.13999938964844,-0.6078035645157959,0.02244448800619825,0.010221716067470835,0.007757777914946347,-0.033479998869993435,-0.0029180637227037114,-0.00010626931902244955,-34.96999931335449,-0.6580730093152123,0.02069816657835625,0.009651248301434752,0.0072664395242320766,-0.03105642780163133,-0.0025594638539858995,-1.3341283528233924e-05,-2.9800004959106445,-0.3417431656714879,0.002285792654371687,0.0007871530449469107,0.0005043257606506465,-0.0023558074430083406,-0.00018499674820397793,-9.999752044677452e-09
3,GMe,Methane,40,1,-18.479997634887695,-0.45438894681334413,0.01644015579938561,0.008705118984505445,0.005560383830554124,-0.0248007183872223,-0.002239610762829896,-0.0001646890463846437,-10.760000228881836,-0.4072672292887893,0.009835933971026072,0.004585992384447029,0.0030553833487152585,-0.011449365985769792,-0.0011560388056170122,-7.631948986542921e-05,-14.010000228881836,-0.5407178815665317,0.00816941669534947,0.005232228793102708,0.0036700426603600163,-0.005781939878678414,-0.0006545291221990101,-1.072504333075149e-05,-0.7900004386901855,-0.09506623330912232,0.003102401086779308,0.0004958030307093763,0.00020090820861613066,-0.002601814766000617,-0.0008326620700035297,-0.0002274427339737407,-75.88000106811523,-0.6755698119149108,0.047366512477047366,0.023543980486247704,0.017231355510199865,-0.08255125400021364,-0.008274063337601226,-0.0002711131314085348,-49.91000175476074,-0.656969869064046,0.03119063027646117,0.01435414745526912,0.010279343986227627,-0.04886856768879919,-0.004197734037754446,-0.0002501782979187048,-42.189998626708984,-0.683460212855536,0.01964460072157603,0.011896326366379764,0.008976093719704413,-0.03328971621914628,-0.0032474921020884213,-0.00019085924850176917,-2.0699996948242188,-0.2674418289453224,0.002194724882641986,0.0005270121280378021,0.0003053635822947245,-0.0017364498937560285,-0.0001464189965752932,-6.109223641301718e-07
3,GMe,Methane,40,2,-14.990001678466797,-0.4490713360936747,0.013433530760998277,0.006849948489627523,0.004446282832682881,-0.015237491202292276,-0.0014136774100754002,-0.00014327046227114088,-7.739999771118164,-0.3777452346304142,0.006858695021376888,0.003409332482561718,0.0022829367142663142,-0.0060899659535414334,-0.0005520822476210827,-4.933147624972016e-05,-11.030000686645508,-0.5267430948106182,0.006833812313336089,0.0042807034619969046,0.0029198453587367212,-0.005934261458938321,-0.0005798617282994713,-2.073009673155427e-05,-0.5900001525878906,-0.16076298101434566,0.002021956887753438,0.0003646521693075192,0.00016833375456099152,-0.0015448213960430092,-0.00012486680318890659,-8.343905688693755e-06,-66.55000114440918,-0.6955476686051931,0.036341839778273,0.018989447771028338,0.014465316182434405,-0.06906728345320194,-0.006436562174193303,-0.000185106111410362,-38.27000045776367,-0.6368780223095989,0.019209710734407217,0.01056280246006419,0.00801452579323359,-0.04194507643873101,-0.0038368011871531536,-9.000015258789062e-05,-35.1200008392334,-0.6880877783947927,0.016974109879369884,0.00945795741966355,0.007269860514578839,-0.02753240100055467,-0.0025906459114812866,-2.2560911102020436e-05,-3.3400001525878906,-0.4429708447594015,0.002655003405557823,0.0008120645110903205,0.0005127388416758891,-0.0018952284479790628,-0.0001411561526495624,0.0
3,GMe,Methane,40,3,-15.250001907348633,-0.4544100501582656,0.013094083695186132,0.007225740913407259,0.004534176656626018,-0.01604629377477438,-0.0017903297640459715,-0.0001554212547365526,-7.859999656677246,-0.39026811791847077,0.006907364244306696,0.0033382582773504544,0.002254909488961227,-0.00666921168342219,-0.0006298214370515556,-5.434031966393258e-05,-11.389999389648438,-0.5344908341200065,0.0068659930388323374,0.004347298951040076,0.0030435256215156537,-0.005365153634994768,-0.0005034132423569194,-4.133794487437889e-05,-0.1700000762939453,-0.04325701613390024,0.001905518239637756,0.00021671087759514107,5.36703130495541e-05,-0.0013136442003382502,-0.0001337881678803817,-1.0386350962593497e-05,-67.3700008392334,-0.6988589188055946,0.035127166775554705,0.019100603843501582,0.014548645722694875,-0.06781177846062805,-0.0063406759191289835,-0.0003624181552543282,-38.220001220703125,-0.6444107289789186,0.022952182269758026,0.010600413868871365,0.007814178310531038,-0.02874123832970934,-0.0028664131079273467,-0.00010569805772051835,-35.710001945495605,-0.6947470989376588,0.01725261616332513,0.009649806964979784,0.007304366337981988,-0.029793648719274,-0.0025540233824971016,-6.000137329101563e-05,-1.1700000762939453,-0.138134597332707,0.0022282990324414623,0.00043725942589799353,0.00020449911191692266,-0.002562227157395903,-0.0002467853608910843,-1.97600938301479e-05
3,GMe,Methane,40,4,-15.539999008178711,-0.4622248513351611,0.013461885450930196,0.007071926192572827,0.004614880316162555,-0.015528551763203603,-0.001832659763344964,-0.00019949424687366516,-8.070000648498535,-0.39792901258690166,0.007022578265884699,0.0034625951864212723,0.0023321584572652283,-0.007226231156032866,-0.0006300522467642185,-7.688537463042795e-05,-11.59999942779541,-0.5418028729784198,0.007153760438157909,0.004404674623289708,0.003054230274633305,-0.006520693581502899,-0.0006870114083810113,-8.820279153045188e-05,-0.46000003814697266,-0.1223404359876867,0.0019942448314796504,0.00030401584889687037,0.00012116784092921697,-0.0013363513327643687,-0.00011243509083514914,-1.4692893201338763e-05,-67.95000076293945,-0.7048755154293026,0.03347591168020276,0.01918258565108626,0.014425597991336253,-0.06494669515799492,-0.005453424758591915,-0.00041511983236025134,-39.10999870300293,-0.655987913513479,0.02071432804131052,0.010573546148349438,0.007905748427719047,-0.03282371483902994,-0.003360496544919868,-0.00027115661866965873,-36.34999942779541,-0.7005203286829657,0.015458051529453395,0.009358711940906705,0.007291958384386787,-0.023702724494023397,-0.0025173697477141543,-0.0001905067410692043,-2.7800002098083496,-0.33333335239157275,0.002394376521612579,0.0007429263036879098,0.0004891776385628544,-0.0019677928397581826,-0.00017858655981396466,-1.3566917078107968e-05
3,GMe,Methane,50,1,-19.599998474121094,-0.496705497437115,0.017973559208519424,0.008561698514852521,0.0057528630534518675,-0.01678698564388754,-0.0017944180590482785,-0.00013218783872638777,-11.510000228881836,-0.4485580786175513,0.008666565859888892,0.004670450678722416,0.003296181981328168,-0.00783375490657489,-0.0007622669253257486,-6.379837256111304e-05,-14.529998779296875,-0.5763585603716341,0.008007990068864653,0.005247081941874794,0.0037398200566670673,-0.007243610353614653,-0.0007059348041736328,-4.30434599144741e-05,-0.6699995994567871,-0.08052880096541189,0.002573294575648553,0.0005265491798620315,0.00017480537052680655,-0.002674005450835033,-0.0005645555337455666,-0.0001129255280375462,-77.51000022888184,-0.7078538833687839,0.043235874029168495,0.022772552454552224,0.016977814976615525,-0.08548401666226088,-0.007711282231987174,-0.00043939061083540326,-51.41999816894531,-0.6896459207705361,0.028821052437845707,0.01389217569474435,0.010228377488067025,-0.052912445878215725,-0.004737247280152651,-0.0002881515696313614,-43.010000228881836,-0.71362203255702,0.021398823571167673,0.011927617486940614,0.00886389267639235,-0.03636993288417521,-0.003115619114370158,-0.00013249181234490468,-1.739999771118164,-0.2259740018466603,0.002243466099363033,0.0005118734984602643,0.0002599798858243985,-0.0020664489955156025,-0.00019900455474853516,-1.999045753479004e-05
3,GMe,Methane,50,2,-16.6299991607666,-0.4936182795680662,0.012032338358818707,0.007314569534306089,0.004831599464128667,-0.01552903367197433,-0.0014056172561730214,-0.00016012849398168048,-8.780000686645508,-0.4229287374684394,0.006851958589787513,0.00367851863016417,0.0024811242093049192,-0.006603309750421879,-0.0007937914456915325,-4.969553454615142e-05,-11.950000762939453,-0.5658144075799766,0.0068799854710534895,0.004454718278149622,0.003104260297843597,-0.005492838679744561,-0.00053113878110603,-4.859946698420288e-05,-0.6400001049041748,-0.17112302226529907,0.0020014878770721134,0.00034284898451545254,0.00015576188060286334,-0.0013965461513866118,-0.00011385951135326032,-1.0553088252611413e-05,-70.12999725341797,-0.7247080674404757,0.033182198050359074,0.018995571512309826,0.014790444149588943,-0.06666681197475077,-0.00615667726261174,-0.0002746193955596393,-40.75,-0.6710028043332901,0.0240677312950038,0.010570730530485243,0.008252271323242136,-0.04301873763818906,-0.0036804272046250903,-4.138182137760336e-05,-36.95000076293945,-0.7171972134051363,0.015064202680651697,0.009658986892269818,0.007430418227934027,-0.026598757850663513,-0.002705412588167831,-0.00015241824619980122,-3.4900002479553223,-0.45620917705200326,0.0023617153939729874,0.0007611136769139628,0.0005193772143106249,-0.0018571614775334518,-0.00014502411213813228,-1.0000228881835938e-05
3,GMe,Methane,50,3,-16.689998626708984,-0.4991028502428961,0.011315317629308964,0.007312061033182297,0.004889036565233457,-0.01798267551538347,-0.0017461756150696287,-0.00016942006312102584,-8.65999984741211,-0.43127489443803646,0.006706917035327542,0.00359517216534735,0.002439446078041084,-0.0053702461274818215,-0.000543422701000681,-6.31178617580296e-05,-12.250000953674316,-0.575657920977509,0.00691990651508979,0.00458447773772576,0.003203015681484313,-0.006150459351943508,-0.0005909634403333892,-1.903139694387637e-05,-0.23000001907348633,-0.05867347311149377,0.0019691936946317646,0.00022881776826217867,6.222860056857132e-05,-0.0012210526412005844,-0.0001284129042274093,-1.1150558289242261e-05,-70.48000144958496,-0.7311203354147704,0.03908016959683954,0.019265818826403276,0.015024168398216669,-0.055684115720989684,-0.004717753083769146,-6.413154129489659e-05,-40.20000076293945,-0.6777946355105408,0.021628966056655832,0.010513405001264612,0.00795740582272888,-0.03360289464599446,-0.0027357258213636776,-8.722609046690619e-05,-37.2599983215332,-0.7265990485275923,0.016637766280871463,0.009480688710628508,0.007503029911333719,-0.021543144758783817,-0.0018307560841080396,-1.3992938995362094e-07,-1.5799994468688965,-0.18720373523965758,0.0022215482410262626,0.0005077062503084268,0.00028476615051193537,-0.00212420096316737,-0.00016609939282399597,-9.466868815971502e-06
3,GMe,Methane,50,4,-16.970001220703125,-0.5056615174696873,0.014222862044637241,0.007686116874029948,0.004938139184091408,-0.01710995585936427,-0.0018148005892731365,-0.00019988465817549045,-8.890000343322754,-0.4383629212190741,0.007986097164835823,0.0037028551176436515,0.0025294391285922598,-0.005851353710467759,-0.0006493527427248404,-5.301840371305029e-05,-12.420001029968262,-0.5811886074972097,0.007093177114732848,0.004528818598871488,0.0032285557671172037,-0.006400181331557971,-0.0005688425816978093,-7.185774232016256e-05,-0.5199999809265137,-0.13793103012131017,0.0020172494788372585,0.0003335342341628723,0.00015258850942502988,-0.0015520235107202576,-0.0001563249703346169,-1.8544130831722914e-05,-70.89000129699707,-0.7353734457977826,0.03562029463118682,0.018778191149480428,0.014849561352921701,-0.08055701889711175,-0.0075570617176555594,-0.0004604479063256623,-40.779998779296875,-0.6858392096737542,0.019453709995873064,0.010479511308307366,0.00796332213833067,-0.032685170430428165,-0.0026316228490473217,-6.999969482421876e-05,-37.75,-0.7291867812672355,0.017537608789281844,0.009386257702174673,0.007473829214466665,-0.027774264894297532,-0.002277602564247384,-1.199427452087384e-07,-3.070000648498535,-0.37122133960905584,0.0024926866162395434,0.0008396460425911859,0.0005321535607204774,-0.0021418694820774923,-0.00014105586961331908,-5.982171871954099e-08
3,GMe,Methane,60,1,-21.420000076293945,-0.535232379592304,0.01671590433084601,0.009105335459783242,0.006188568088073928,-0.023783571489628324,-0.0021988985270010165,-0.00022535793200154466,-12.680000305175781,-0.48619633214223995,0.00974562022868564,0.004902766421186251,0.003532466584389024,-0.00974913274158332,-0.0008872548923067683,-0.00010530639735670066,-15.539999961853027,-0.6094117632099226,0.008142975470313302,0.005440504929419748,0.003935258774558442,-0.006576506826714686,-0.0006127586167582877,-4.09330186860404e-05,-0.8399996757507324,-0.10035838557178473,0.002854544676586611,0.0005640980973346278,0.00023684648594263696,-0.0029410774286720604,-0.0008374646657670734,-0.0002404679724245663,-81.26000022888184,-0.7327982746518749,0.049488862569672776,0.023385001594464133,0.01763254729666332,-0.09166248278611469,-0.008285111222411153,-0.00023766255317105467,-54.03000068664551,-0.7156291481674901,0.033298414642189106,0.014464030024745635,0.010426847504942936,-0.05509856298934544,-0.004421515325752209,0.0,-44.94999980926514,-0.7379740588059603,0.02300633154173084,0.011704487720718129,0.00915946367995106,-0.029879054878234772,-0.0029128783441031408,-8.19126633967677e-06,-1.9200000762939453,-0.247741945328251,0.0022470754877688902,0.0005053168724701662,0.00027882833066907183,-0.0018120172449568935,-0.00014761508118731919,-6.215034776122195e-06
3,GMe,Methane,60,2,-17.770000457763672,-0.530447774858617,0.011428475392917945,0.007466463849036921,0.005117951229679759,-0.01769749322691819,-0.0017572170621095045,-0.00012577921565172702,-9.40999984741211,-0.45524914429992047,0.007196278895549253,0.0038339390828954034,0.002644092872679579,-0.007366128390641832,-0.0006457751829255935,-5.359023147030898e-05,-12.649999618530273,-0.6006647644501361,0.007018934694951367,0.004568403793553173,0.003248490183917068,-0.0064645841955071675,-0.0005900320806901038,-3.131886932743661e-05,-0.8600001335144043,-0.2305630372967194,0.0019368350938047732,0.0004143003525657035,0.0002247183397711348,-0.0016227190495818205,-0.00014627797367512522,-1.1366033981149203e-05,-72.41000175476074,-0.7511410851515602,0.041607950864179226,0.019500808544848626,0.014969239306366712,-0.05636498449137606,-0.0043492383182111806,-0.00015395274948011963,-42.10000038146973,-0.6950635726198827,0.020698205748149755,0.010752464384666646,0.008315948158966897,-0.03356086039661895,-0.0030314342464779352,-0.00010290842290518568,-38.119998931884766,-0.7433697316559774,0.016153481714939834,0.00957128852442488,0.007588188285259112,-0.029301276627797784,-0.002235884588547449,-1.6540149469327405e-05,-4.1499998569488525,-0.5417754490361913,0.0022358848557052684,0.0008681421892679684,0.0005920264667922811,-0.0018157345718241037,-0.00011474906247766345,-3.988113254595084e-08
3,GMe,Methane,60,3,-17.699999809265137,-0.5340977711301311,0.012873461910253878,0.0077891533359491436,0.0051719296186299585,-0.01567847358607413,-0.0012923329537773715,-7.205808992549016e-05,-9.229999542236328,-0.46242484797589783,0.0072629204736132285,0.0037710283844610577,0.0026065028780381037,-0.0062263494369312385,-0.0006206394342576639,-4.1981475345095496e-05,-12.770000457763672,-0.6055002544035877,0.006850330339217318,0.004662548925235514,0.003340618553606455,-0.0054200089000256925,-0.0004072332073788602,-2.000045776367229e-08,-0.25999999046325684,-0.06632652688850622,0.0020000244621805863,0.0002532012495913936,8.147249769725148e-05,-0.0014013848812237065,-0.0001374244761452816,-1.4543521493570935e-05,-71.86999893188477,-0.7539865627568527,0.031388363929282195,0.018828032265228053,0.01489994993784045,-0.07728811822398629,-0.007502685580144255,-0.00014948967306210338,-41.38999938964844,-0.7015254133838719,0.01836895735515927,0.010293747817920916,0.007968138672275554,-0.029438771750768887,-0.002421586124156975,0.0,-38.05999946594238,-0.749212599164296,0.015178947660661999,0.009426221114020535,0.007509705225623703,-0.020696645877320053,-0.0019049201328683,-1.7981274310302178e-07,-1.869999885559082,-0.2189695426126589,0.002471754025646221,0.0005887267220638045,0.00032206426852453973,-0.002232258508368234,-0.0002035883478517839,-1.0009752273559569e-05
3,GMe,Methane,60,4,-18.100001335144043,-0.5393325564506403,0.012807894366523787,0.007520561097963706,0.005194083678857277,-0.01631513779994363,-0.0017308279253509052,-0.00011412437806737021,-9.499999046325684,-0.4698318184437978,0.007217976068651749,0.0037444643444866288,0.0026717416192754678,-0.005338667910437591,-0.0005597197158446589,-4.1420887502738455e-05,-13.05000114440918,-0.6106691919473654,0.006955445752033055,0.004506391906298047,0.003312664437371983,-0.005909025682907433,-0.000565904176015786,-1.9376037718893098e-05,-0.8599998950958252,-0.2275132014828122,0.0020079269191586283,0.0003784611216426575,0.00019941430871678542,-0.001470828288924127,-0.00010539910017610252,-9.46358205405443e-06,-72.95000076293945,-0.7567427345253286,0.03203429560408409,0.018905420282913008,0.01485658274826025,-0.06097723026617576,-0.005533386205481697,-9.597750740461834e-05,-42.13999938964844,-0.7087117396315744,0.02531946934641443,0.011165384236972331,0.007982301188975652,-0.03440597368873359,-0.0030428892538247616,-6.000137329101563e-05,-38.86000061035156,-0.7506277818570878,0.015465694452295264,0.009406808983940461,0.007548558955513882,-0.021655920984957337,-0.001971308690956523,0.0,-4.229999542236328,-0.5084134251672827,0.002388721196914766,0.0009025827357798659,0.0006559059246364442,-0.00281498695507387,-0.00017367178210153487,-1.9959565039699996e-08
3,GMe,Methane,70,1,-22.239999771118164,-0.5659033130500796,0.01593717357260898,0.008991623771375854,0.0062904702407418555,-0.022468109255362734,-0.002160804964808062,-0.00023928511847888143,-13.0,-0.5114083383549426,0.008577551098675985,0.004956399106887651,0.003547500655012558,-0.007501006839400146,-0.0007321581158409717,-2.6583103274642343e-05,-15.970000267028809,-0.6362549810484779,0.007882128996416639,0.0053828728665722735,0.00397085449230261,-0.005039525540075811,-0.000506314117192267,-1.8977872897699893e-05,-1.0,-0.12106537194798249,0.0025114059217887855,0.0006485787577107238,0.00021999223902091031,-0.0024034034331482687,-0.000615806515856107,-0.0001069194751844597,-82.07999610900879,-0.7558706959857256,0.044551180608868424,0.021916175817384555,0.017488420984478076,-0.07777882258741027,-0.007093756332608829,-0.000244663421964062,-54.23999786376953,-0.7341635067705715,0.027081862495316765,0.014094613451862808,0.010316218227670327,-0.06002728997146661,-0.005749506417602627,-1.7504106072063405e-05,-45.500000953674316,-0.7589658110863946,0.017446848752694824,0.011369537183635339,0.009145782438690464,-0.0339973228153257,-0.0027184528502355652,-4.5876074392925054e-05,-2.4699997901916504,-0.32329840750741423,0.002184532609207879,0.0005658259004575258,0.00036422891498148253,-0.001876477057146705,-0.00014288705707194094,-9.999752044677734e-06
3,GMe,Methane,70,2,-18.510001182556152,-0.5545236845494594,0.011791047191132725,0.007792475037141566,0.005307524651963162,-0.01767319276380596,-0.0016137541755225835,-0.0001835176228475336,-9.859999656677246,-0.4798053539046073,0.009183551738315698,0.00393283484299542,0.0028035355265518883,-0.00619440602204524,-0.0005980966138726302,-7.433179769161907e-05,-13.049999237060547,-0.622317580561379,0.006988885969602445,0.0046252861307145305,0.0033195438549321527,-0.004983115584273457,-0.0005489136834529189,-4.134004368361245e-05,-0.8600001335144043,-0.23180596352337157,0.0019675135216075043,0.00043485724684196535,0.00023690716480582262,-0.0017973763165154374,-0.00018909985816458963,-1.8693673669986486e-05,-73.68000030517578,-0.7671803373886006,0.03740977927942586,0.018766859875462755,0.015080538682876095,-0.05798389123159266,-0.004061666606080475,0.0,-42.790000915527344,-0.7120985323160215,0.024273749341897723,0.011217889123797032,0.008413055758371635,-0.03692584719039152,-0.0036595637610633653,-3.9594474217934846e-05,-38.88000011444092,-0.759968730070425,0.015966642761962274,0.009441393646856375,0.007644656762290505,-0.022146617369706082,-0.0021393972223351402,-6.000137329101563e-05,-4.1000001430511475,-0.5416116314501122,0.002400374119973684,0.0009011523674615613,0.0005850735738685232,-0.0016438830369058252,-0.00010907751557577999,-1.9990457534789735e-08
3,GMe,Methane,70,3,-18.879998207092285,-0.5604036502430865,0.013612358974533344,0.007690773506418894,0.00540643163215497,-0.015661537680539798,-0.0015108439359252017,-6.832899981042972e-05,-9.90999984741211,-0.49156745646921385,0.008899561570760417,0.0038993097983748954,0.0027523472999136634,-0.005954019974661296,-0.0005425446098231959,-3.698881834217674e-05,-13.460000038146973,-0.6286781940250188,0.00681202868126409,0.004624325389291067,0.0034553061797823466,-0.004878268688360046,-0.0004142963930417076,-3.0000686645507814e-05,-0.23000001907348633,-0.05778894923900744,0.0019874630845790734,0.00024362643799876672,7.376688962170082e-05,-0.0017200278428106228,-0.00017203861196901497,-1.3522988813268027e-05,-74.77999877929688,-0.769816751586944,0.03383331477628362,0.01938486140045412,0.015256361838497977,-0.07026228307918175,-0.006874575289455301,-0.00016435539417443694,-42.53999900817871,-0.7190669222092565,0.019034290331368373,0.010539327648768788,0.008113096232662159,-0.029836957011140357,-0.002663538154560778,-1.3985946025848908e-07,-39.65000057220459,-0.7658875839599977,0.015278183093579343,0.009523212059251322,0.0077109111011371126,-0.025024217529925154,-0.00223753395426628,0.0,-1.3799996376037598,-0.16102680125382027,0.0021728196101779237,0.0004967732633045624,0.00026666192141104264,-0.002264538334337604,-0.00016663952608128227,-7.590731535782764e-06
3,GMe,Methane,70,4,-19.36000156402588,-0.5695793059136783,0.012438287220587235,0.00783063614222293,0.005483382447301386,-0.017722157826818328,-0.0016925396859661986,-0.00010809381399522636,-10.329998970031738,-0.5026763675690205,0.008088768713448238,0.003909711161042727,0.0028369558710542443,-0.006247917737966725,-0.0006331649477426302,-3.3894135080071705e-05,-13.809999942779541,-0.6375807959402885,0.006946573638639597,0.004633463669035426,0.003453944991557587,-0.0056249762734000555,-0.00048263180492195935,-1.4826334911817722e-05,-1.0299999713897705,-0.27248676698033847,0.002025214512047642,0.00043544653946671184,0.0002504049475215055,-0.0015057615765438194,-0.0001233848986324458,-8.426791504889171e-06,-75.94999694824219,-0.7759501336274304,0.03999618561491058,0.018978514395300423,0.015247960785447379,-0.06173591813921958,-0.005427191138129054,-0.00015000152587890626,-43.670000076293945,-0.7286834616038278,0.017737522456278663,0.010597601271813693,0.00805780885316033,-0.03504610380923721,-0.0029187304903823975,-5.999755859375e-05,-40.52999973297119,-0.7699468123653007,0.016019708558975884,0.009545587413020013,0.007703109672453796,-0.02900025226423371,-0.0022864549804840198,-4.999923706054595e-08,-4.700000047683716,-0.56354915607829,0.002316205052298723,0.000989816987261387,0.0007166218301945279,-0.00207006952415195,-0.00011662483635219082,-1.0000228881835938e-05
3,GMe,Methane,80,1,-24.559999465942383,-0.5759849863390178,0.016569123164560214,0.01015338698530214,0.007116048524529932,-0.026172600881916624,-0.0023257888722870755,-0.000272732752438376,-14.079999923706055,-0.5261584380896093,0.009037098733396812,0.005342257051993994,0.003881662209010708,-0.007776217750272391,-0.000778837767909289,-5.92533605588754e-06,-17.640000343322754,-0.6506824030312701,0.008785869971900267,0.006044589270604022,0.0044353722053281815,-0.008073709496931961,-0.0006193953956143456,-1.861823447179561e-05,-0.7199997901916504,-0.08643454943410363,0.0023817345286482124,0.0004673726590991484,0.00018025417671693563,-0.0021680627030046043,-0.00046953070815715587,-9.569746689936738e-05,-89.02999687194824,-0.7587352961523767,0.05479938163747733,0.026458844203421487,0.01953041951867359,-0.10162177610450356,-0.009817781554672465,-0.00039097330041042687,-56.25000190734863,-0.7404238647296421,0.03005308233531719,0.014642823278769678,0.01077815062185337,-0.059269567518616915,-0.004981941131100078,-9.00001525878973e-08,-49.07999897003174,-0.7675946203341029,0.021454569818792124,0.012547729415224316,0.010016932069252369,-0.03182390544854552,-0.002401507904944339,-7.999801635742188e-05,-1.5500001907348633,-0.2052980333215061,0.002046683530386475,0.0004850410805953057,0.0002807184025035241,-0.0017101006253972175,-0.0001453730336144983,-9.999752044677734e-06
3,GMe,Methane,80,2,-19.410000801086426,-0.581485925104627,0.012120461689566344,0.0077321196216057495,0.00541684117770522,-0.018471415142966786,-0.001739711028116161,-0.00017109087679961316,-10.419999122619629,-0.5070559372006136,0.00713833628180094,0.004010540629356052,0.0028504008469794864,-0.006330841391853909,-0.0005645115523728597,-5.7103971904613266e-05,-13.480000495910645,-0.6437440378278051,0.007622355042493288,0.004692502112451809,0.0033985251561297974,-0.005344607064589613,-0.0005535631362041194,-3.508994381049191e-05,-0.8700001239776611,-0.23641307287918092,0.00196580110129465,0.00041460172438206384,0.00023246618301982826,-0.001310733970051443,-0.0001240688228293362,-1.1259779546306482e-05,-74.86000061035156,-0.7823996694354319,0.03268361657504804,0.01862461163595427,0.015139171046021348,-0.060035217681545856,-0.005388807413422301,-0.00014157195895420722,-44.079999923706055,-0.7316182559951212,0.01797606402336383,0.010705552517423417,0.00837161719949795,-0.03696993582249349,-0.0032703815413190175,-4.6715727336068885e-06,-39.469998359680176,-0.775137466201871,0.01417384527987436,0.009486252103694614,0.007665765693360296,-0.02138220538498947,-0.0017442183889945428,0.0,-4.0899999141693115,-0.5453333218892416,0.002648615453943674,0.0009070605794265593,0.0006114622252127146,-0.002060946543959198,-0.00011987194087833133,0.0
3,GMe,Methane,80,3,-19.479999542236328,-0.587809290917521,0.010800084446636996,0.007658409824865141,0.005461004647797939,-0.01622321200605574,-0.0015869395811029079,-0.00010720502776196914,-10.280000686645508,-0.5158053451698047,0.0071464024938939184,0.0039005086312975967,0.002827235200225344,-0.006749064061128014,-0.0006100515215533896,-2.377217679347324e-05,-13.75,-0.6519677525138746,0.006913985248350983,0.004601702005844198,0.0034637156260808586,-0.006142590422661003,-0.0005636922576274677,-2.0000457763671876e-05,-0.3100001811981201,-0.07948722400451992,0.0019937775428799415,0.0002694009996891957,9.144696278052042e-05,-0.0012779720849220035,-0.0001127940682257467,-1.0592044257411317e-05,-75.03999900817871,-0.7872429631601573,0.02920991365541916,0.018554413710639116,0.014863235712546044,-0.057457807133155736,-0.005018104893488253,-7.794343393195734e-05,-43.250000953674316,-0.7367972809462112,0.01926125931607768,0.010450077386638784,0.007965108152154798,-0.03126793068315494,-0.0028563547211380527,-9.432080811665438e-06,-39.769999504089355,-0.782874017743599,0.014059609411651946,0.009221385916704983,0.007527605333100396,-0.020267139452202498,-0.0016242777459701016,-1.4975362746007384e-07,-1.9800000190734863,-0.235154394433804,0.002182491565680683,0.0006079553115678965,0.0003675424668536039,-0.002850664483979778,-0.0002549703346381783,-7.745582383117593e-06
3,GMe,Methane,80,4,-19.970001220703125,-0.590653664879141,0.012422402415526484,0.007955964876772921,0.0055436127356628066,-0.016630895591232032,-0.0016324594127663248,-0.0001765004254972834,-10.800000190734863,-0.5247813523213073,0.007394139529817217,0.004058664952594632,0.002932886451241113,-0.006662980649546935,-0.0007471880081051467,-5.9255148860163875e-05,-14.109999656677246,-0.6541492747476941,0.006658567635139808,0.004652842510354715,0.003460137103738216,-0.00602088795545603,-0.0005214815786867745,-5.887617807283013e-05,-0.9600000381469727,-0.25196851773352413,0.001991453243506525,0.00040612464592377465,0.00021013809396311706,-0.0012219540676213774,-0.0001054779795977396,-7.696596941892132e-06,-76.81000137329102,-0.7877140774336191,0.031278854573231665,0.018528292400199563,0.015016287582619317,-0.06694988330976652,-0.006744185795036887,-0.0005203338579084535,-44.53000068664551,-0.7430335468027643,0.021433132207638775,0.010785767388310953,0.008049041318502419,-0.03056601276128372,-0.002830659105094331,-2.9596341696563736e-05,-41.22999954223633,-0.7832446812365301,0.016013711461872165,0.009428400857194605,0.007677665149099762,-0.026791005242543974,-0.00248752095478403,-0.00012844882678954094,-4.689999580383301,-0.5472578468370061,0.0027331058298524385,0.0009549283499077079,0.0006793792573818921,-0.0029944392774902823,-0.0002806277253670197,0.0
3,GMe,Methane,90,1,-23.960000038146973,-0.6132582601816877,0.013748232398654341,0.009179079350853096,0.006674863435496715,-0.01980175387723263,-0.0018789021625258537,-0.00020556123611151006,-14.0600004196167,-0.5566112546404788,0.00878657623089199,0.005298383428811574,0.003832770779170715,-0.008441746819476948,-0.0008715767385213994,-5.856526441775103e-05,-16.829999923706055,-0.6759036217487078,0.007996431148010706,0.005485126813538594,0.004131895112919694,-0.00657240886456052,-0.0006398759762504484,-6.690677240610095e-05,-0.9800004959106445,-0.1185006580006467,0.0023083292707759702,0.0006177256375472118,0.00024046054376184692,-0.00271338925710391,-0.000515497269524933,-0.00013316986995973303,-85.04999923706055,-0.7864804856398201,0.03728218212502962,0.02178591975427439,0.01714755391059765,-0.07885864276447142,-0.007535091055507394,-0.00015065302524596992,-55.90999984741211,-0.7636934919627699,0.02493568991322489,0.013605163062478312,0.010155665926317064,-0.0420026647116994,-0.004117665475561228,-1.731821603864498e-05,-46.900001525878906,-0.7883677963124851,0.01827322956652972,0.011380169096289548,0.009031662582244795,-0.028256946355131166,-0.0024751325648502014,-1.3985946025848908e-07,-2.4699997901916504,-0.32329840750741423,0.002133780882081494,0.000597542540245354,0.0003811527424709188,-0.0019516729724812854,-0.00011985997702386286,-6.984132200505798e-08
3,GMe,Methane,90,2,-19.88000202178955,-0.6009673797274914,0.012839998868453186,0.007900690280610946,0.005551258154478264,-0.013671999286794388,-0.0014247323693326688,-0.00015989635796504514,-10.710000991821289,-0.5257732229049995,0.00711821511705563,0.004076690906157338,0.0029476007323991425,-0.008656162025654257,-0.000818650233305369,-7.08308754830485e-05,-13.739999294281006,-0.6602594736615861,0.007102762127510001,0.004689263429797051,0.0034447358693458015,-0.00547292023240509,-0.0005273506968866001,-6.133774369826325e-05,-0.8300001621246338,-0.2267759952623754,0.001985509545749852,0.00034680173663670865,0.00017506542230267072,-0.0017845434690807206,-0.00012888124498894993,-8.84637862635766e-06,-75.35000038146973,-0.7934084385906451,0.029449414399383762,0.018445903672386146,0.01490032794394186,-0.0683106232507752,-0.006099073164082071,-0.00025917449674593647,-44.339999198913574,-0.7437101642616862,0.019204071776360167,0.010647113832919206,0.008196667391086283,-0.04102195374987792,-0.003795826127746744,-0.00011218030087404793,-39.890000343322754,-0.787095503218632,0.015271844242983432,0.009430167408204548,0.0076542571581290075,-0.020893832400048502,-0.001902640674324503,0.0,-3.990000009536743,-0.5291777227749697,0.0023720915965510705,0.0007924577675637636,0.0005577499276119794,-0.0018032101216194614,-0.00016282377302464078,-3.993098388678302e-08
3,GMe,Methane,90,3,-20.25999927520752,-0.6080432011034688,0.012730253943768033,0.00786296577552334,0.005593680934289179,-0.015330916639014825,-0.001418267863106774,-0.00011639927238688408,-10.769999504089355,-0.53715710293804,0.006905919762789282,0.003996909824102956,0.002881232456147984,-0.006008439936055971,-0.0005941666802182802,-3.4888667957205804e-05,-14.21000051498413,-0.6709159730990002,0.007175973992084151,0.004707787841763463,0.003514435629649768,-0.005971505765745884,-0.0005450691828710107,-1.3446768080247726e-05,-0.4200000762939453,-0.1074168969499435,0.001952250978627401,0.0002833593527969011,0.00012186045495752229,-0.0012639248096148541,-0.0001299798363935539,-6.497544595274264e-06,-76.81000137329102,-0.7997709354547986,0.028926881640066557,0.01833040459316298,0.014972481299887925,-0.04639483334748527,-0.004272015907626877,-0.0001399993896484375,-44.39999961853027,-0.7505070948791172,0.020501577707734767,0.010688334955733061,0.007947557116098245,-0.03391966212921965,-0.0029100804819217445,-3.102021859645174e-05,-40.72999954223633,-0.7961297823243959,0.014102366512158303,0.009304838772050164,0.007599347280228873,-0.023129579154835943,-0.0022086034293236265,-9.995228767394868e-08,-2.710000514984131,-0.3214709865811354,0.002070468406166314,0.0007297128168083018,0.00047147609024721473,-0.0020533326150474346,-0.00014480972048077875,-8.773541171874693e-07
3,GMe,Methane,90,4,-20.93000030517578,-0.6123464048654912,0.012508255239287244,0.007957445027193621,0.005771754149790634,-0.021955020769985074,-0.002107602431604899,-0.0001913172177414357,-11.119999885559082,-0.5427037584077167,0.008055257195332274,0.004098069623497628,0.00301152099871698,-0.0067906139139136176,-0.0006613647100140427,-3.0397133002657086e-05,-14.730000495910645,-0.6738334896905454,0.007558011916363099,0.004632540401593529,0.0035820976233014645,-0.005812954802817399,-0.0005433949437125916,-2.181443996113086e-05,-0.9700000286102295,-0.25,0.0019934383296839873,0.0003822407906561865,0.00021176593274077152,-0.0015934498128872257,-0.00012562678469433308,-8.382868103541544e-06,-79.70000076293945,-0.8018108605580803,0.039235450316776235,0.01989632307283171,0.015198136778007788,-0.05502516230938131,-0.0052219944969230095,-2.7827019137489624e-05,-46.06999969482422,-0.7586036562174446,0.02000682236178679,0.010784980930360148,0.008051367756596014,-0.04539136138621549,-0.0041942687758870735,-5.999755859375e-05,-42.78999996185303,-0.797428253513435,0.016797512341416763,0.009911743917021532,0.007835803123197321,-0.025819205623867268,-0.002110568118286705,0.0,-5.369999408721924,-0.5688558948541691,0.002932660524087144,0.0010469763515214196,0.0007167774688358292,-0.002376299560108593,-0.00016600659708742557,-9.999752044677734e-06
3,GMe,Methane,100,1,-25.380000114440918,-0.6252771623313919,0.017269023666770297,0.00988362901363237,0.007144130895336602,-0.021445976442200337,-0.0020043717322330017,-0.00026919265173918646,-14.940000534057617,-0.5702290114124965,0.008949309100085663,0.0055441867486167844,0.004045541313238451,-0.00816609899267338,-0.0007851248333830077,-6.958154342352719e-05,-17.899999618530273,-0.6908529418736421,0.008124967254876563,0.0058094903480106815,0.004380419415771339,-0.007987177404585377,-0.0008499791741079648,-2.3121583323518382e-05,-1.140000343322754,-0.13734943579824435,0.002628978751516086,0.0005626502584494005,0.00024937140295329147,-0.002577677369416304,-0.0008027442234723094,-0.00016859575822250004,-90.2400016784668,-0.7965398618519973,0.039797242054857865,0.023371527434596227,0.018412670377395506,-0.08110427230931658,-0.008158366166956872,-0.0002239088811358858,-58.84999656677246,-0.7723096971610841,0.023810313950188407,0.014117320162999578,0.010584776306299089,-0.05638305723393494,-0.004253689243901038,0.0,-49.620001792907715,-0.7995488349161213,0.018201756066094723,0.01187193102899159,0.0095988545184395,-0.03295830223967184,-0.0026997615765063923,0.0,-2.9800000190734863,-0.3815621051096857,0.002312582551792593,0.0007179242354865531,0.00040205613821424785,-0.0016496903405971894,-0.00013235180188481686,-3.989915054484454e-08
3,GMe,Methane,100,2,-20.760001182556152,-0.6219293145076087,0.013599889125993447,0.007926964180705503,0.0056644175618126465,-0.015037917820875938,-0.0014995932479737809,-0.00010231104961520556,-11.289999961853027,-0.5485908650975311,0.007401340236494336,0.004227074077511565,0.0030048322675097776,-0.009293834676938801,-0.0007853022346412368,-2.1272129162082416e-05,-14.200000762939453,-0.6781280038576899,0.007110503068519233,0.004673260307488401,0.0034709350592201722,-0.005611278153383955,-0.0005371541144975225,-1.065565294594099e-05,-1.0,-0.27100270582468855,0.0020600667589690817,0.0004324871059711061,0.00022043378845374643,-0.0012887875414122286,-0.0001044538816747762,-9.999990463256835e-06,-77.48000144958496,-0.8067471960744048,0.030963765917832727,0.018340057854770175,0.014881128003951501,-0.05148784629165435,-0.004356534067517945,-1.7670975508397055e-06,-45.84999942779541,-0.7589802937196923,0.02262271187915931,0.011043896725783169,0.008226990529874103,-0.02944921503274177,-0.002666237122914161,0.0,-40.94999980926514,-0.8004300221149544,0.01660804514045939,0.009352062852512994,0.007673323987149377,-0.03164128862118789,-0.002674852643791368,0.0,-4.390000104904175,-0.5783926240643563,0.002486397026725548,0.0008760864626413013,0.0005802194924060831,-0.0017619569310214345,-0.00011293910243340794,-1.997951458501668e-08
3,GMe,Methane,100,3,-20.77999973297119,-0.627036817009176,0.012866733849459359,0.007967513679729228,0.005656438743888515,-0.0150590105047775,-0.0013982144533139006,-0.00011719641500017434,-11.070000648498535,-0.5554440782233043,0.007284741527273897,0.0039948450836035645,0.002957353307213946,-0.005783007291604161,-0.0005773917988000966,-2.4690715705516844e-05,-14.480000019073486,-0.6865813140971784,0.00705859726619649,0.004651855650668947,0.0035289910546879755,-0.005782242732028849,-0.0005622969477494436,-2.0177297651779533e-05,-0.4100000858306885,-0.10567012209734605,0.0019995021813205686,0.0003011936657947523,0.0001227549102857499,-0.0013685664900138215,-0.00011332086803406765,-8.332114254087935e-06,-77.22999954223633,-0.8102182101289898,0.03022062961722003,0.018213003225683613,0.014717492870142188,-0.04670939103748823,-0.0037925411470885123,-1.3000106811522833e-07,-44.74000072479248,-0.7621805816574931,0.02177128632921386,0.010782667797673716,0.007939645164489955,-0.02706911208374871,-0.0022164448849083247,0.0,-40.96999931335449,-0.8064960615878377,0.014227869362978315,0.009094967455278602,0.007538552858624979,-0.023801703530797438,-0.0020540984841346125,-4.999923706054688e-05,-2.6399998664855957,-0.31391199933231456,0.0024263000223793533,0.0007309160744532391,0.00048710487211100736,-0.002524582893635505,-0.0001992765273898944,-1.0000228881835938e-05
3,GMe,Methane,100,4,-21.179999351501465,-0.6299821542056812,0.012300175850654724,0.008095865356803374,0.00578785340388775,-0.015626098687045224,-0.0015015339729586403,-0.00010569213812915046,-11.460000038146973,-0.563421826557307,0.0069822847124194915,0.00413607546652562,0.0030464658385776977,-0.005986973564376562,-0.0005533052846320324,-4.3053503935847806e-05,-14.74000072479248,-0.687500016680404,0.007370590198156567,0.0047632937052071115,0.003591111611535434,-0.005871459729995407,-0.0005954815663476636,-4.2392344111154275e-05,-1.0499999523162842,-0.27631578039264404,0.00186052279499279,0.0004205973532870221,0.00024338955793931093,-0.0015124381957957343,-0.00013067155716289182,-1.121056008617996e-05,-78.49999618530273,-0.8112018074656746,0.03356031276219456,0.019443985555515006,0.014869744718946023,-0.059338966078633086,-0.0051393051332229095,-8.271510383852591e-05,-45.92999839782715,-0.7683171518185731,0.01766385150793525,0.010708636800779462,0.007914894222007446,-0.03878361492251882,-0.0032029659447705586,-5.9999465942382814e-05,-41.90999794006348,-0.8058065620569705,0.013892753501258471,0.009309694374281504,0.007649302584178193,-0.026171523640943453,-0.002044858467892684,-4.999923706054595e-08,-4.690000057220459,-0.5623501164763358,0.002660620440755962,0.0009981468494834054,0.0007117621455798377,-0.0016804569060900685,-0.00012201312476675494,-3.993098388678302e-08
4,GCO,CO,10,1,-1.5699996948242188,-0.04042223709207711,0.015799747291267412,0.0020480837172204927,0.0005025553451223448,-0.020588422285234064,-0.0020728926915769535,-0.00020071859464932778,-0.28999900817871094,-0.013241964074434674,0.006906260654073678,0.0007330802460101141,0.0001368673126467434,-0.009602508909443806,-0.0009086804274782376,-8.797729905430526e-05,-1.3199996948242188,-0.054187178232799255,0.007224614771435755,0.0009879320124784588,0.00040598421609539334,-0.007849092976969488,-0.0008038625606398756,-9.613392184726094e-05,-0.09999990463256836,-0.03636360168457031,0.0012884813033977854,0.00014524873376974776,3.472952467264944e-05,-0.0014209667066394853,-0.00013671411593870196,-1.1434422126500766e-05,-2.9099960327148438,-0.03364546311237492,0.049763539374535135,0.005174063897591783,0.001119203480446921,-0.07399055700004296,-0.006962758121539734,-0.0006465292427226702,-0.9500007629394531,-0.017070992576661018,0.033558956962721244,0.0031495716846761963,0.0004507983342894286,-0.03308294505779419,-0.0036373551965467243,-0.0004340489373853781,-9.209999084472656,-0.10809858467562625,0.0632731206614639,0.007130541327367481,0.0023929546656461047,-0.08173337837343483,-0.008009384011568163,-0.0008181472270053108,-1.7300000190734863,-0.17964693650202762,0.003294174158265539,0.000468940217350484,0.00022946699556039302,-0.002329904501199205,-0.0001999950408935547,-1.999950408935547e-05
4,GCO,CO,10,2,-1.6599998474121094,-0.040987650553385414,0.017484943279679584,0.0020894604403257568,0.0005225616981891167,-0.016661578564459885,-0.0017717401026924584,-0.0002858158630098392,-0.4099998474121094,-0.019007874511490604,0.0076852881963110275,0.0008964746675610847,0.00013788813689288024,-0.007973333899828447,-0.0006723520571797814,-9.517234315683102e-05,-1.4300003051757812,-0.05742973201138496,0.007026115100023956,0.0011083112066545037,0.00040626552234293453,-0.006954371459935764,-0.0006670898847668278,-9.546927789360109e-05,-0.18000006675720215,-0.06451615384168391,0.0011538810044088616,0.00016637081657264898,5.4696036204407696e-05,-0.0010976845481127074,-0.00010048627048386161,-9.999990463256835e-06,-3.9300003051757812,-0.04231266603564803,0.06838080033507311,0.0075888948587992345,0.0013768945226961518,-0.06704663226659316,-0.006637830775157841,-0.0006682498843386026,-1.5,-0.026819238187295154,0.035776143758921575,0.004053420045507162,0.0005255387946879789,-0.03646936390949849,-0.003616562238211473,-0.0003339373492753394,-10.569999694824219,-0.12110448948965225,0.07042864999971175,0.008466582112042823,0.002860910193322591,-0.09114641892021023,-0.008605602552784078,-0.0006923049076705718,-2.929999351501465,-0.29476855887236164,0.002218031547005186,0.0006864541066291802,0.0004134933932165856,-0.0022292614909389164,-0.00016505896161824704,-1.9990457534789735e-08
4,GCO,CO,20,1,-2.479999542236328,-0.06385168724236184,0.016082865979515908,0.002320167885611277,0.000769596512399166,-0.018019309423662887,-0.001760685075977985,-0.00024136724905120553,-0.5200004577636719,-0.02374431355348898,0.006809108928737198,0.0007701396421257082,0.00023858542769032145,-0.0069638650148411176,-0.0006651391184781871,-9.135766121346205e-05,-2.0799999237060547,-0.08524589984527807,0.0064015464211177485,0.0013762669200274975,0.0006662902222794022,-0.007485821598759835,-0.0007789427693830475,-0.0001195318964274006,-0.20000004768371582,-0.07272729006680576,0.0015329505472753764,0.00020354303051642553,6.82765362272044e-05,-0.0017455782134336681,-0.0001532337316611011,-1.0000108027683642e-05,-4.540000915527344,-0.05267433329768995,0.05762174456659416,0.005583416256242676,0.001667686463846219,-0.0588607167260298,-0.006067475683890775,-0.0006867889858870786,-1.6200027465820312,-0.029110560685765334,0.03608159091489226,0.004021193604092895,0.000757604742199911,-0.03344405397324102,-0.003538501627168061,-0.0004580852752968079,-13.709999084472656,-0.1609154879759126,0.05607277898036529,0.0077587225159812725,0.003442135381418128,-0.07438087120406452,-0.00655694263411951,-0.0005740155000582478,-2.5,-0.27173913606849204,0.002528946450843124,0.0006685821831810395,0.00038316780888899876,-0.002472149449845084,-0.00014741498626360996,-1.2879982030963895e-07
4,GCO,CO,20,2,-1.8699989318847656,-0.04533330743963068,0.01773794485634795,0.0020243784017157282,0.0006107233781399985,-0.019020419965460125,-0.0020395685284901616,-0.00034032444800521304,-0.5100002288818359,-0.023330293442001597,0.006592199928837182,0.0007692800825834858,0.0002089760138729597,-0.008387160697423344,-0.0008765946806817122,-0.00010182253274702067,-1.8799991607666016,-0.07395748053202571,0.006269813201080396,0.0013773660549748748,0.0005817709989728666,-0.008864855978211524,-0.0010587499653231605,-0.0001291274036945173,-0.2999999523162842,-0.1067615510410068,0.0016877765029122843,0.00023731571100397758,8.51506781521469e-05,-0.0013324154792485243,-8.702672678588098e-05,-2.4940310160467114e-06,-5.089996337890625,-0.05339903854581114,0.08045125331026234,0.008745533381093316,0.0016037281871233856,-0.06639748307057385,-0.006704117058895668,-0.0008832258575866448,-1.779998779296875,-0.031666941972759766,0.03283282166887322,0.00398792739370416,0.000830778388862122,-0.042410858870111465,-0.004218283008335854,-0.0005307608624897854,-14.080001831054688,-0.1579538021927534,0.06864783435668424,0.009203294030170351,0.0038047294275619305,-0.08875529288140063,-0.008474583046246894,-0.0008822801784747947,-5.40000057220459,-0.4655172753986071,0.0029102049406616193,0.0011694485830687864,0.0007789755109963335,-0.002757256204948784,-0.0002743007901992557,-8.19529368130322e-06
4,GCO,CO,30,1,-2.8600006103515625,-0.07305237545038272,0.018150580912197185,0.0021766346239205482,0.0007751954575056048,-0.020661097810655487,-0.002050862394976315,-0.00025357771297564136,-0.7100009918212891,-0.032228822954676016,0.006987649173942427,0.0009169896314289725,0.00024972187045925535,-0.0072184784337096,-0.0007121397347153616,-0.00011099038663774632,-2.5,-0.1018329970546807,0.006911561111743911,0.0015054619752864285,0.0006780446884450074,-0.0069287892334226305,-0.0007173780687630924,-0.00012223946078322191,-0.2799999713897705,-0.10108302285840294,0.0018110723341112876,0.0002329873958307383,8.780780317648328e-05,-0.00149333049358124,-0.0001253797899840298,-9.442125002859675e-06,-5.9799957275390625,-0.06866455366857467,0.05402724508411107,0.0055063923784055184,0.001603031877083271,-0.06172442025254512,-0.0060628479952080615,-0.0006565901268226327,-2.299999237060547,-0.04102013999605672,0.028887670963976934,0.003721592489751873,0.0008089400923509541,-0.03724988024960626,-0.003643088065687669,-0.00035920530459399497,-15.75,-0.18360923553430133,0.04832832498568738,0.008305418447865474,0.003750358964461367,-0.08548648782761542,-0.008718536267053023,-0.0006982401923455898,-3.9499993324279785,-0.38611920910843844,0.0024522104424056592,0.0008840283927701141,0.000566738402934316,-0.002418870697205934,-0.00019999980926513672,-1.999998092651367e-05
4,GCO,CO,30,2,-2.4199981689453125,-0.05975304120852624,0.018118849836771207,0.0022749293477797913,0.000770961821592048,-0.02628604131640755,-0.00270958001136501,-0.00020928571957661563,-0.7600002288818359,-0.03512015944165805,0.00784765420721725,0.001020134522186407,0.0002652923421487289,-0.00766837932503853,-0.0008351615383436029,-9.104092329462746e-05,-2.4099998474121094,-0.09678714394913553,0.00735870847778927,0.0015226520551233575,0.0007495142148319248,-0.006998475759279965,-0.0007157460598641962,-7.091154349769376e-05,-0.43000006675720215,-0.15467628459803098,0.001894838534826177,0.0002603993012084199,0.00012358555330656143,-0.001263520447808096,-0.00011808635742611245,-9.999990463256835e-06,-6.3899993896484375,-0.06879844507546308,0.06281732336273069,0.007481253115585328,0.002036273599072573,-0.062226110274793425,-0.005745928769887516,-0.0005325905937772549,-2.5400009155273438,-0.04552788804167982,0.030825042590018066,0.0040385107773951365,0.0008715646520420127,-0.035347130431563185,-0.0035449428258411703,-0.00033149734897605935,-18.06999969482422,-0.20703482982988408,0.04937443268068605,0.009935509251939778,0.004677712167507678,-0.07935833195928901,-0.007615622243472411,-0.000700089587410043,-5.079999923706055,-0.5039682502138672,0.0026899040877368437,0.0011531999663435086,0.0007959684039366784,-0.00272446674323534,-0.0002669928283666041,-4.981922378646998e-08
4,GCO,CO,40,1,-3.2199974060058594,-0.08407304099604437,0.016793157929157417,0.002613251804574403,0.0010170263156476138,-0.021764455277192542,-0.001930759837279458,-0.00019373980516308988,-0.7299995422363281,-0.0335323622823349,0.009434616982945794,0.0010145503080618708,0.0003067764050617133,-0.00784681186890847,-0.0008094083558346538,-7.865048925273372e-05,-2.8400001525878906,-0.11789124676625629,0.00622385654516644,0.0016682618532075524,0.0008715234915735996,-0.00806609597346794,-0.0007587620445744152,-7.647477348438703e-05,-0.3899998664855957,-0.14079417659604027,0.001811331690450839,0.00027450619737566805,0.00011661059230316605,-0.0013978068050546082,-0.00011900973463960197,-1.0306118213434888e-05,-7.0,-0.08233357182296322,0.048322930798979875,0.006471227753723335,0.002317544691581388,-0.058207304329388906,-0.005441267223135196,-0.0004707891721813822,-2.0999984741210938,-0.03811249604856892,0.029793372204373933,0.003915831676890063,0.0010135715438851093,-0.04287402720637814,-0.004146339943201545,-0.00037241079286004774,-18.860000610351562,-0.22439024301685764,0.05452034776934501,0.00951013284803836,0.0048000488205879625,-0.06834929712660805,-0.006649373559690472,-0.00048795212459355774,-4.2900004386901855,-0.44874479606583423,0.0025726668749837403,0.0008454847959937785,0.0005643980232180434,-0.002218260781458423,-0.00015430680974733117,-5.981889611256537e-08
4,GCO,CO,40,2,-2.979999542236328,-0.0741662399104676,0.016935614441714163,0.002662392650995995,0.0008005398796634713,-0.01706807440145525,-0.001953332990645849,-0.0001845583429642341,-0.8299999237060547,-0.0387669280533124,0.006706839526961353,0.0009483082424323972,0.0003085270831234618,-0.008720691816080671,-0.0008026793883306239,-8.166806641749414e-05,-2.75,-0.11115602366376696,0.006397646949323395,0.0016934739755212153,0.0008017348974428982,-0.008230112442525474,-0.0007659437332184128,-0.00010101706318696378,-0.5,-0.1798561169588938,0.0018317286279030914,0.0002677296981782417,0.00013904268552603896,-0.0012693370353038167,-0.0001006167016237878,-9.999990463256835e-06,-7.7599945068359375,-0.08416480220918146,0.06279233907590652,0.007378811001517437,0.0022391061854444786,-0.064353207292854,-0.006891044837981466,-0.0006773135272878266,-3.1399993896484375,-0.05669915726051289,0.03542044950358565,0.0039770442083653015,0.0010403201465830833,-0.04289973884730707,-0.004172115118016766,-0.0004501590806073645,-19.43000030517578,-0.22415782460507894,0.06582397637425554,0.011368789315145997,0.005047767019427459,-0.06874566155940454,-0.006882454617303595,-0.0005360925956051709,-5.420000076293945,-0.5324164944806803,0.002674287265700854,0.0012489994453818846,0.0008294364565253224,-0.0027230558011094824,-0.0002704946352209625,-2.485253529029463e-07
4,GCO,CO,50,1,-4.1399993896484375,-0.10786866270016351,0.014661811635249346,0.0027936410682421462,0.0011757501366479197,-0.019948197009961702,-0.0019363727474630142,-0.0001899393688256532,-0.9400005340576172,-0.043317995438184764,0.006458712964321144,0.0008901124965309353,0.0003169160293855188,-0.005659036111406807,-0.0005797017096424689,-8.00655484172823e-05,-3.479999542236328,-0.14398012127643842,0.006330643373637314,0.0018595815258944622,0.0009660922085577363,-0.006943854371890925,-0.0007298230543808176,-7.844294568536504e-05,-0.5299999713897705,-0.19133573106108662,0.001581542321625846,0.0002736361305679668,0.00014281426154703428,-0.001594981220687961,-0.00014455578453304973,-9.999990463256835e-06,-9.720001220703125,-0.11393742232880857,0.04482161327900604,0.006838059627079479,0.0028274924756736776,-0.05761260016617631,-0.005707852906662283,-0.0006775258630597261,-2.8700027465820312,-0.0519551531386139,0.03445181145670636,0.0041247325333188326,0.0011084275237216276,-0.03475491580470607,-0.0031834822023396087,-0.0002919332883169056,-22.60000228881836,-0.267994803724715,0.04222475230964091,0.010441135954213776,0.005359592625398188,-0.07755723195056267,-0.007866901192458055,-0.000800432052863588,-4.919999599456787,-0.5189873245812585,0.0022493391377037732,0.000934967418089468,0.0006283586047439685,-0.002391059217159044,-0.00016621503219714178,0.0
4,GCO,CO,50,2,-3.2099990844726562,-0.0795736011980835,0.017168424302636223,0.0023997243049795674,0.0009317169190828174,-0.018319952615560926,-0.0019631365544116636,-0.00032359739353540827,-0.9899997711181641,-0.046025093472052823,0.006028430110398438,0.0008888671595430368,0.00033883325484602495,-0.00759314831615152,-0.0006639585008138167,-7.907579335992494e-05,-3.1299991607666016,-0.12610794517533006,0.006141401049317085,0.0016639044212624157,0.0009127991702544745,-0.007573431117274627,-0.0008344160139993216,-0.0001633143134286176,-0.6099998950958252,-0.2178571091014506,0.0019471812361656314,0.00030430990215040294,0.00015952834479150953,-0.0013933638288418527,-0.00010316674216582876,-1.0291926167468576e-05,-8.099998474121094,-0.08752969952437066,0.06279238859322622,0.008514620687339292,0.002405474614892765,-0.05994478364187421,-0.006282854506913519,-0.0007917412863365616,-3.420001983642578,-0.061301343027774194,0.03907651325291198,0.003780679649012203,0.0011693776597200293,-0.030981030824155265,-0.0033969165592355865,-0.00035887037056027437,-22.150001525878906,-0.2546562505290272,0.04648967314460541,0.009883661416197766,0.005484334545226111,-0.08273920869988423,-0.008164247021876948,-0.001023099304488981,-5.909999847412109,-0.5811209245895872,0.002857004114274758,0.0013040450818928432,0.000849185159491803,-0.0028154382636551684,-0.00019999980926513672,-1.999998092651367e-05
4,GCO,CO,60,1,-3.729999542236328,-0.09546965885260701,0.015109533375342548,0.0026941068488848348,0.0011383771556433898,-0.016513617213704042,-0.002040951417338193,-0.0002863422787622266,-1.0200004577636719,-0.04617476010493267,0.009557265645827963,0.0010375402542477637,0.00040433423583386763,-0.008844801458976806,-0.0007932417258689042,-0.00012450654071168027,-3.3700008392333984,-0.1370476135958354,0.007160803251951906,0.0019395411114667093,0.001027991324536522,-0.009916702221830928,-0.0009946073698562684,-0.00014763821229792854,-0.4500000476837158,-0.1624548919791686,0.0018623523411215417,0.0002753595687162901,0.00013419050102716544,-0.001341504592281956,-0.000139321391107182,-1.4063932624069119e-05,-8.05999755859375,-0.09254791477223948,0.05375279492271088,0.006299456209731777,0.0025884139710958777,-0.057367457977842845,-0.0065235118443021925,-0.0007145513564033596,-3.0900001525878906,-0.05497242844541277,0.02987276568592443,0.003905388899810051,0.0012289194841362948,-0.04134143369086331,-0.00413723680833235,-0.0005131096792433005,-20.400001525878906,-0.2378176942898544,0.061951427943545995,0.01118518174858376,0.005331669686430372,-0.06553227727770698,-0.006217820848181793,-0.0006800066490807844,-4.46999979019165,-0.461300307921668,0.0030131114172156424,0.0009948229834644245,0.0006269521664303101,-0.0028028842975152844,-0.0002543332998970714,-1.0000228881835938e-05
4,GCO,CO,60,2,-3.3100013732910156,-0.08055491265513048,0.016717250838663336,0.0026246538317996034,0.0009613668777946668,-0.021531734955678696,-0.0021023428917195976,-0.00033337878002608886,-0.9799995422363281,-0.04501605519658307,0.008486866386341108,0.001112284589364753,0.0003706031425466704,-0.008403181302668455,-0.0008462277411417073,-0.00010074325960899127,-3.3600006103515625,-0.13306933110303218,0.006795994697937889,0.001963077806233164,0.000985205081699115,-0.007415929734684455,-0.0007277651643876355,-0.00012399735134579028,-0.7100000381469727,-0.2526690578664812,0.0016800362399522924,0.0003653700903211713,0.00018102368151250967,-0.0013092419597421387,-0.00010213035098770197,-6.974468674873234e-06,-8.720001220703125,-0.09216785925851737,0.05657703325983157,0.008164140499495253,0.0024029227511450776,-0.06518622119055377,-0.006215232483273354,-0.0007660655040579918,-3.3499984741210938,-0.05944984143450493,0.03085131476307736,0.003773129325931453,0.0012258322613182815,-0.03442638286475861,-0.0037864096595097325,-0.000342855083427057,-24.360000610351562,-0.2742316797052613,0.07989116841480674,0.012534071665119943,0.006180918083224682,-0.08456803214783883,-0.007578268919682265,-0.0005801350713703564,-6.380000352859497,-0.6188166918713559,0.0029705960459202687,0.0013810605505969987,0.0009177471842132111,-0.0028382721840792507,-0.0002731127873298018,-4.830604204997113e-06
4,GCO,CO,70,1,-3.94000244140625,-0.10063862804198953,0.015047089121583552,0.0023576106300979022,0.0011265165614752495,-0.018900935523131962,-0.0016251722602961933,-0.00022323170235375226,-1.0499992370605469,-0.04759742803627905,0.007148496519858752,0.00101386852430837,0.00036652788713615204,-0.008482869252246908,-0.000847412116033017,-0.00010053990854596528,-3.530000686645508,-0.14355431739491084,0.006473305133372509,0.001770109390472709,0.0009493459068667836,-0.0068645352726327555,-0.0007789781649905,-9.422044081619506e-05,-0.49000000953674316,-0.1768953115201276,0.001910135729575266,0.0002933534279296939,0.00014822429319788776,-0.0011502134651827974,-0.00010642159010833544,-1.034574732510793e-05,-8.319999694824219,-0.09553335681108992,0.05451090803483892,0.007046222990662232,0.002497576948105372,-0.06373139803413959,-0.006840016592227177,-0.0005979070213979632,-3.2099990844726562,-0.057107260927876095,0.03767054448641539,0.0039045321498295685,0.00119178499533055,-0.03770911339002751,-0.0037349069461140795,-0.00041550171264078946,-21.12999725341797,-0.24632778682806095,0.054642116122334355,0.00940233526129842,0.0050287484448417975,-0.0753766831608704,-0.00695276119353332,-0.0006060024039093527,-6.21999979019165,-0.5470536370094081,0.0026867126886610353,0.0011494412815171667,0.0007367010508370044,-0.0029470296062617503,-0.00028427692315100326,-1.7699488149654194e-05
4,GCO,CO,70,2,-3.279998779296875,-0.08031338802747366,0.018996434678388806,0.0024452044405147556,0.0011628990638787846,-0.02223773661155816,-0.0024272212014024796,-0.0002558578357094769,-1.029998779296875,-0.04739985278393031,0.006546826604710737,0.0011587453241232427,0.00044424723771772126,-0.007774588944227097,-0.0007894137785028914,-9.054669909099874e-05,-3.3700008392333984,-0.13426297960223652,0.0064711721795047954,0.0020943244299566864,0.0011027383457468101,-0.007432484572974336,-0.0007623060334945711,-0.0001319849489212259,-0.7100000381469727,-0.2526690578664812,0.0018401329365368604,0.0003449807343419627,0.00018535609828371016,-0.0011662803140622183,-9.544165073136748e-05,-5.81199731968778e-06,-8.600006103515625,-0.09157710327068742,0.0623967293901028,0.007794019565921585,0.0029955622405836504,-0.058898180442844755,-0.006049393725488703,-0.0007648088470702164,-3.5900001525878906,-0.06386764296496111,0.0314362616166245,0.003968197070051317,0.0014166159574509523,-0.04001267105546744,-0.0036534475676323003,-0.0003729117905177156,-24.079994201660156,-0.27301581672152275,0.06671286683757482,0.014210325315584277,0.006069353523417407,-0.07700154499302504,-0.007929996669743538,-0.000676608240211569,-6.220000267028809,-0.6086105777409248,0.003035762141531428,0.0013253445628536187,0.0009021868451797235,-0.002748805811592844,-0.0002878939726873961,-2.529057940832823e-05
4,GCO,CO,80,1,-4.840000152587891,-0.1258450407644947,0.013311369622857418,0.0025104706280411537,0.0012291937914138621,-0.01829318260471031,-0.0016115940062741058,-0.00021538170786993105,-1.25,-0.05726065068111044,0.0065776535774588795,0.0011125286375011055,0.0004209747479129321,-0.005925807130561332,-0.0007660310970328533,-0.00012773819355775307,-4.069999694824219,-0.16839055366061395,0.006109468911084809,0.001954276688588821,0.0010669540277493932,-0.006888219518217247,-0.0007881371663812711,-0.00010734941266721558,-0.6299998760223389,-0.22743677991348418,0.0016094535457912324,0.0003218680598158178,0.00016366569910633615,-0.0014555572841759117,-0.00015795370826437907,-1.703136656194708e-05,-11.339996337890625,-0.13292693309599427,0.049791935678590395,0.007480128631105211,0.0029308207941118893,-0.06223508963998668,-0.005886680100154896,-0.0005517510172251732,-3.8600006103515625,-0.06987690972240206,0.03621952288391636,0.0039935618606513085,0.0012902486821089966,-0.03658610167732767,-0.0034503860748863403,-0.0004321696632639278,-25.460002899169922,-0.3019091941937351,0.0487946911726411,0.011638123096520119,0.005671148540640872,-0.07661648217510013,-0.00697226688730503,-0.0004865019467949047,-5.179999828338623,-0.5452631398251182,0.002756476313801894,0.0010168331426979647,0.0006505910297464573,-0.002861832233378224,-0.00022866996342131885,-2.993932758003753e-08
4,GCO,CO,80,2,-3.9199981689453125,-0.09814717836078996,0.013765651129828898,0.002722068928840308,0.0012436674791560564,-0.020530502466758572,-0.001968111396729633,-0.00027429565768299956,-1.210000991821289,-0.05667451851061714,0.006103710430645938,0.001213288780418614,0.0005066563959383865,-0.007487094151180523,-0.0006651853400395835,-8.820824088347288e-05,-3.9099998474121094,-0.15874949170280084,0.006569860658819089,0.0021413963923033134,0.0011756263865380248,-0.0076248721177476905,-0.0007330743353091056,-8.563187539626187e-05,-0.8399999141693115,-0.3010752421700432,0.002008461014437362,0.00037847575655626953,0.0002019219689469958,-0.0013625336438342617,-0.0001176028031495508,-9.999990463256835e-06,-10.760002136230469,-0.11712203999722628,0.0623498596872253,0.008138228843323277,0.003164951336970144,-0.07707822387220584,-0.008686641930090513,-0.0008430666271047463,-4.240001678466797,-0.07656196454838925,0.032651730769531984,0.004702444016681836,0.0015794040812146283,-0.044476446741519925,-0.004576804378106468,-0.0004288249401035016,-27.199996948242188,-0.3148876801702597,0.04670936196937938,0.01164412398442206,0.006541499756454651,-0.07922916157652624,-0.006833017860757178,-0.0006077462118250509,-6.619999885559082,-0.6541501937174536,0.002752892474788043,0.0013600500416853399,0.000902621587789511,-0.0026666611917667924,-0.00026172697105048204,-1.1913984016754259e-05
4,GCO,CO,90,1,-5.040000915527344,-0.13159271582048612,0.015233173035426855,0.0034561324110856653,0.0015025771772251783,-0.019742552189825166,-0.0022415632984830215,-0.00025798173872547707,-1.2700004577636719,-0.058606389169005964,0.006422074726327895,0.0011402649718244052,0.0004768995431185605,-0.007411487800721212,-0.0008666260039730403,-8.930429143307842e-05,-4.219999313354492,-0.17539482157212938,0.006869919766299629,0.0023110282613660682,0.0012573250529840552,-0.006700153350830079,-0.0007258877399444395,-0.00010174219498985929,-0.6600000858306885,-0.24087594289544398,0.0016662763433810005,0.00032907500610485476,0.00017597499561560978,-0.0011084893675735456,-9.683218941383066e-05,-8.945214821590892e-08,-11.939994812011719,-0.14043748863151073,0.04412065703521571,0.007601277768594988,0.0036654622851277855,-0.059239798164311866,-0.0058981995361189095,-0.0005910238375843728,-3.9300003051757812,-0.07167609290412065,0.035692424076114435,0.004003043520136555,0.0013799902898370894,-0.03879568220414093,-0.0036246339053915035,-0.00032853402107480304,-26.3800048828125,-0.31386084384277474,0.051035328795398405,0.011832465549475573,0.0064867020610098495,-0.07794398853385982,-0.007744724558586694,-0.0005320294320491452,-5.579999923706055,-0.5818560828907051,0.0026123279040021694,0.0009789098180125939,0.0006407966912031546,-0.0024570091821609426,-0.00019574306518889336,0.0
4,GCO,CO,90,2,-4.319999694824219,-0.10708972926335208,0.014537912382586362,0.0026830335000727614,0.0011693823488950815,-0.015602116460899955,-0.001623416839572162,-0.00019496098464176037,-1.4099998474121094,-0.0653685613055638,0.007654608055423122,0.001466414765211573,0.0005322022810230378,-0.008588481179934928,-0.000964068721744954,-0.00010512629901303933,-4.25,-0.17123287881773278,0.007574431427196656,0.0022689453701319534,0.001161834804575596,-0.007050787484789345,-0.0007151209369529855,-8.410595294041962e-05,-0.8899999856948853,-0.3178571431612482,0.0015160873320895455,0.00036353431294806047,0.0002153656219730508,-0.0012955534561621934,-0.00010045181483692109,-8.545085138366096e-06,-11.430000305175781,-0.12351415811643822,0.05686614989610589,0.007534239695153884,0.003145694765682941,-0.058814580127964734,-0.006362742047897153,-0.0006462583069928925,-4.790000915527344,-0.0856427836472598,0.03333687936397582,0.005147366833103021,0.001727713940912004,-0.03290248567078146,-0.00323920031608219,-0.00029899576393650426,-28.710002899169922,-0.33007590010493265,0.05513397494587247,0.011751147643978107,0.0065263264385531285,-0.0818915564679921,-0.007661512099193094,-0.00039021858826139306,-6.440000534057617,-0.6564730131081119,0.0026361938790757673,0.0012871967057092094,0.0008923932311405549,-0.002484718055173172,-0.00020135194711830916,-1.7211839854997862e-06
4,GCO,CO,100,1,-5.060001373291016,-0.13081699414086964,0.016466142791392236,0.003096454608550648,0.0014203839944654428,-0.019974235311722183,-0.0019263041276400606,-0.00018065536402250864,-1.3400001525878906,-0.06129918184692769,0.006031329087124212,0.0012060638332291533,0.0004995355867676675,-0.00752919441948775,-0.0007314318634347169,-8.603507355052037e-05,-4.309999465942383,-0.17722037500105878,0.006658132521486202,0.0021875582735119228,0.001211128921075819,-0.007390912279579009,-0.0007780039931131828,-9.134629133187272e-05,-0.690000057220459,-0.2509091117165305,0.0016759594338620024,0.00035564759738481876,0.00018538100807995257,-0.001496979677050236,-0.00014495269862864322,-1.2812737045500351e-05,-11.990005493164062,-0.1391113256008447,0.043444720896489195,0.008157662877543104,0.0034462244290757176,-0.05453468969506846,-0.005568113738927539,-0.0006485523033705378,-4.020000457763672,-0.0724063477056678,0.03700662533973048,0.004321860866263281,0.001494036887583548,-0.028251965998393597,-0.00295186662807961,-0.0003493351849845443,-27.079998016357422,-0.3178403636893103,0.047681030132688366,0.011828423772238979,0.006343690278941269,-0.06583515174740452,-0.0058700852613922634,-0.00043317692159976196,-5.220000267028809,-0.5661605331721948,0.0027311265004099747,0.0010057762407674879,0.000638740456465852,-0.002478095467850726,-0.00017344314942888497,-1.998950433731124e-08
4,GCO,CO,100,2,-4.599998474121094,-0.11288339813794095,0.015455441990845163,0.003477651903460204,0.0013747607203254103,-0.02304380138820203,-0.0023272516026276134,-0.0002898048245353428,-1.4200000762939453,-0.06534745081489343,0.009120072645698484,0.0011812640078356427,0.0005131756852929046,-0.007438469969073858,-0.000772065414057741,-8.411966681723679e-05,-4.519998550415039,-0.18036706491386448,0.005902488411269963,0.002340288496510904,0.0013375220332549555,-0.00781432188862499,-0.0007708891809635837,-0.00010559119595127425,-0.9799998998641968,-0.3487544198647988,0.0017061347639900496,0.00040720009727729096,0.00024137547771530153,-0.0012150544892369428,-0.00010535164511625329,-9.133546022447328e-06,-12.19000244140625,-0.1302768246357121,0.058379055439149154,0.009667606848925253,0.00363830768419129,-0.07091608244550257,-0.00746120640364843,-0.0006855706995005923,-4.569999694824219,-0.08150525628139199,0.03581149665767896,0.005018768693488907,0.0017573494568772804,-0.04274756143535006,-0.0038187439519222197,-0.0003195705056935861,-30.799999237060547,-0.3504380413124468,0.039569435574817756,0.01249603096351726,0.0073984515502974885,-0.07880246630934781,-0.007609479648166027,-0.00046218609322416814,-7.059999704360962,-0.6955664994776871,0.002622449945382499,0.0013239664502939523,0.0008922800926113064,-0.002791799266353135,-0.0003724540150988094,-9.999752044677452e-09
4,GEa,Ethanol,10,1,-12.479999542236328,-0.29145258363336285,0.017946041749163047,0.005727061992091996,0.0029510264448065807,-0.021349777431551215,-0.0021642691375517455,-0.00021326260903790724,-0.3299999237060547,-0.013755728505814552,0.008144298422865518,0.0008448825969275796,0.00016456555824263678,-0.00976112278101438,-0.001065970388180808,-0.00011137970167319096,-6.420000076293945,-0.239195232481209,0.006930543257445408,0.002615736016855964,0.0015288789044605674,-0.008785551714848603,-0.0007885547883986196,-7.385712263283911e-05,-1.369999885559082,-0.48581557375559237,0.0013054291760227301,0.0003698692880823026,0.00021796845742030015,-0.0013909506128630903,-9.457411390183433e-05,-2.9910250916034833e-08,-40.46000289916992,-0.42923829813513675,0.05130816205691261,0.01451771972773858,0.009166461992417932,-0.061989949801584794,-0.006235275242078117,-0.0004856214778628991,-0.9500007629394531,-0.015684344852665268,0.04141214775442742,0.004156276532733882,0.0005421048561391928,-0.04358910873654171,-0.0040536006753274356,-0.0005005692547361985,-41.47999954223633,-0.46201826805773527,0.04376189703741975,0.013470204115319,0.008259158165103943,-0.0676834283902179,-0.006394750680925943,-0.00041608211744382216,-6.6600000858306885,-0.7681660931054517,0.0018776195887463363,0.0006469691994551327,0.00043145723319887313,-0.001956033517177822,-9.999990463256836e-05,-9.999990463256835e-06
4,GEa,Ethanol,10,2,-5.55999755859375,-0.13066974520063113,0.020836312114453606,0.0034562648864197294,0.0013980280122739242,-0.021505377713519187,-0.002166871670645729,-0.00032754924966671374,-0.20000076293945312,-0.008877086411186935,0.006772942547182261,0.0007051873499023369,0.00011779463218920004,-0.007151094608575054,-0.000747477970978016,-0.0001296479135787573,-5.229999542236328,-0.20061371704866804,0.0071690139484307976,0.0022838937477367162,0.0012436562365167924,-0.009613306008659445,-0.0007693754690653717,-0.0001468237195233453,-1.1899999380111694,-0.42960286866613495,0.001573919416986176,0.0004068440126234171,0.00020882699436400163,-0.0011367889121254244,-9.770974283785138e-05,-1.7732551204886383e-06,-17.860000610351562,-0.18385835621340124,0.05170314844622879,0.009107131794872353,0.004468367652617252,-0.07183999770913468,-0.007398310035562208,-0.0009181603357677891,-0.720001220703125,-0.012552322403099642,0.03349633233287283,0.0029863227206433185,0.00039320229099615224,-0.04316295719894225,-0.004006603962614369,-0.0004937416401082348,-35.62000274658203,-0.402440423532669,0.047290887158831216,0.01276023709694098,0.007586521883739256,-0.08300382384426436,-0.008018945669828966,-0.0007139075695333529,-6.499999761581421,-0.719822807729219,0.0018712829520624195,0.0008058616077224357,0.0005292091217065222,-0.0017274590691462224,-5.048955712873233e-05,-1.9960040924614085e-08
4,GEa,Ethanol,20,1,-16.3700008392334,-0.3711176742852221,0.017813767089170568,0.007241876046904492,0.004344180678160302,-0.01868539684699477,-0.0019394975130588505,-0.00015233056880538924,-0.26999855041503906,-0.010926692044464767,0.009317285814596244,0.0010702155949957458,0.00010968291358315548,-0.008170189992472082,-0.0008858532284533864,-0.0001420265993170212,-8.380001068115234,-0.30362322290913646,0.009003808501594556,0.003496760409282643,0.0021414397108610217,-0.007941917269485434,-0.0008723185727321941,-6.74739652652778e-05,-1.6999999284744263,-0.6007067047013113,0.0013833025815196162,0.0004121685658899461,0.0002535155707381034,-0.0011801940236269098,-9.322924814927684e-05,-2.995001142741596e-08,-50.34000015258789,-0.5182211289776093,0.0409181602307163,0.017804291817067285,0.01176780936012795,-0.07529671242536987,-0.007031761240535308,-0.0005576388568705492,-0.9900016784667969,-0.015916425503593696,0.043065933756397966,0.004109531812589883,0.0004583221628518665,-0.04082352019437538,-0.004028515969717814,-0.0005444102090298782,-48.56999969482422,-0.5333260113932404,0.046064495241631406,0.016368488464112846,0.010253261051560807,-0.07840122046042355,-0.006691442416175514,-0.000370927886077153,-7.509999752044678,-0.8391061354292148,0.0017152361634629597,0.0006918481769914838,0.000446860480813095,-0.001734374470640552,-1.4968492747651272e-05,-9.999990463257645e-09
4,GEa,Ethanol,20,2,-7.8300018310546875,-0.17635138653071683,0.01701485467020527,0.004825559595167038,0.0024314606549077017,-0.020005183608294348,-0.002134410193927396,-0.00029659440318250465,-0.18000030517578125,-0.007689034871808409,0.007860168838431669,0.0007999212033736925,0.00011530660261523379,-0.006702987144198356,-0.0007376047528656481,-0.0001078505548156367,-7.049999237060547,-0.2596684838348513,0.00924858916870231,0.0035872550090581684,0.002008657482226474,-0.009059302373940687,-0.0008903038617967333,-0.00013423991168755843,-1.559999942779541,-0.5531914821663322,0.0016128201400233458,0.00044129385981191464,0.0002738476259674934,-0.0013110506979373206,-0.0001100457942345827,-7.200641398313312e-07,-26.23999786376953,-0.25887921967010846,0.05993283685653869,0.01496104749709132,0.007636393632431808,-0.07639527849826203,-0.007690990593657619,-0.0008461238162856925,-0.7599983215332031,-0.012781673952828374,0.03790522653884597,0.0040428324762013445,0.0003909265502222483,-0.045959696504870515,-0.004667411273538921,-0.0004559971403099697,-44.900001525878906,-0.49124727326362205,0.04856189270948,0.017148403541678393,0.010229381951241364,-0.0696989609006006,-0.006481171675796449,-0.0006864067182004391,-7.779999613761902,-0.8062176084258562,0.0020700114568735204,0.0008644300154383266,0.0005983428946533277,-0.0016214816402320372,-2.092574145671484e-05,-1.9979990945578733e-08
4,GEa,Ethanol,30,1,-18.709999084472656,-0.4314041859640775,0.015801925281140022,0.007413970029843679,0.004921377765966628,-0.02359300600844621,-0.002550608156921378,-0.0002348501734773033,-0.2999992370605469,-0.01229505089142363,0.008099671190837328,0.0008183917747821108,0.00010963260363079987,-0.008600945209298428,-0.0009510384141606032,-0.00012644622298655812,-9.690000534057617,-0.35625000964192755,0.0077042633529877955,0.0038231238058872227,0.0024663020244636165,-0.007854795607806329,-0.0006728846293107332,-4.615065205116238e-05,-1.869999885559082,-0.6584506838289992,0.0017345110232043432,0.0004438760598236057,0.00025763021332439717,-0.0011908071490043851,-9.999990463256836e-05,-9.999990463256835e-06,-55.4900016784668,-0.5799540290706404,0.042116140008256406,0.01788596104230024,0.012735975962882652,-0.06427890347920015,-0.005734398925672328,-0.00030777741670015416,-1.1300010681152344,-0.018409922587997972,0.03773267121256777,0.0035785006550879085,0.00040419016132093113,-0.04512939394972876,-0.0050893418483773855,-0.0005217390367227532,-53.46999740600586,-0.5913514542004281,0.0446845382426811,0.015753922028263097,0.011106071855143689,-0.07194914042442536,-0.006493042392411842,-0.0003878451793114595,-7.529999732971191,-0.8615560560830346,0.0017125152218425124,0.00064994756281154,0.00043170033727684803,-0.0015126060365932663,-3.940489188575762e-06,-3.994095414496836e-08
4,GEa,Ethanol,30,2,-10.09000015258789,-0.22437180072707433,0.01728795473711017,0.005685863629292985,0.0030720187656486414,-0.019755335876545523,-0.0018635085414029934,-0.00017174248138134942,-0.25,-0.010633772759086455,0.00682097185470798,0.0007757177647347528,0.0001168518287092617,-0.00838869903507993,-0.0008435505858339119,-0.00010699594724390595,-8.629999160766602,-0.31473373948775796,0.010396480717860338,0.004298563567352363,0.002445116095510697,-0.009141778227445429,-0.0008712291082663637,-5.455135789998736e-05,-1.7499998807907104,-0.6161971597462453,0.001343265311246604,0.00044343168824180306,0.00028139968254259915,-0.0011899587517668847,-9.999990463256836e-05,-9.999990463256835e-06,-32.5,-0.3180972945331657,0.0689292202844502,0.018678267036453634,0.009669070518231949,-0.06927379691577383,-0.006360794521892158,-0.0004070339601827547,-0.9199981689453125,-0.015431032965907983,0.047000122070312504,0.00470001220703125,0.000470001220703125,-0.0353515395906929,-0.003581308865232007,-0.00036064881956090344,-50.61000442504883,-0.5517279251382843,0.043380239096216015,0.017172427116622806,0.011507320308663844,-0.07776052355281982,-0.007826683533832918,-0.00041042186183661694,-8.740000009536743,-0.8493683228316398,0.001921942217266178,0.000871329291765806,0.0006012918448402934,-0.0018677884806029773,-2.460541810445557e-05,-1.9979990945578733e-08
4,GEa,Ethanol,40,1,-20.719999313354492,-0.47874306602952055,0.013620091826924644,0.007852753326648998,0.0052444873450843005,-0.01780331767596045,-0.0017649574390017045,-0.0001057148919932273,-0.4900016784667969,-0.02017297900361807,0.007215300375850997,0.0007061210581159052,0.0001395865966047146,-0.00785503920096605,-0.000833181988325391,-0.00010169439965567156,-10.829999923706055,-0.39889503041887414,0.0076221674132673865,0.004166223073449278,0.002671625490692156,-0.007184887577681601,-0.0006276206032458108,-3.0000686645507814e-05,-1.959999918937683,-0.6950354487008173,0.001658971267989494,0.0004434207101471886,0.0002586952199405446,-0.0012953486315932408,-9.11690984606753e-05,0.0,-59.220001220703125,-0.6212757176909508,0.04091015167101819,0.0186427318544973,0.013146895753178315,-0.059852833000133894,-0.0056045064057205045,-0.00020999908447265627,-1.7600021362304688,-0.028673869429838253,0.0391276010947635,0.0037053392535745925,0.00045079844269335846,-0.03475333897665696,-0.003401876641274515,-0.00035397542764263265,-57.439998626708984,-0.6330174121553898,0.04066490465911446,0.015755616165871584,0.01131997130564573,-0.07255078441438136,-0.006427498641438914,-0.0001699981689453125,-7.660000324249268,-0.8784403772569244,0.0016762865416873156,0.0006406350673173673,0.0004184830460302209,-0.0018416459747684513,-4.872459701162895e-06,-4.9870202080374375e-08
4,GEa,Ethanol,40,2,-10.819999694824219,-0.252155668452578,0.014750265439802769,0.006027386738988275,0.003404027917792139,-0.02294937455049257,-0.0023681533632586155,-0.00024941647677057986,0.1399993896484375,0.006167373786039855,0.007625585367402859,0.0008048172255508462,0.00012854794248109416,-0.00904176957273733,-0.0009941677569593886,-0.0001058337304355831,-9.040000915527344,-0.34385700268987657,0.008174396758701085,0.004285990057783851,0.002626350817169969,-0.007261599972945918,-0.0008214245699330487,-8.494071869346944e-05,-1.8199999332427979,-0.6523297340957714,0.0014174236704226975,0.0004641771892284987,0.0002819847087328038,-0.0012853311339981952,-9.515477721579203e-05,-4.981136342505359e-08,-35.28999710083008,-0.3605435031783039,0.06396747948089321,0.01865488585030894,0.010613250642126936,-0.06815980180930024,-0.006720902039898105,-0.0005762736701335905,-1.029998779296875,-0.017728034532662803,0.04369912060920819,0.004311097799177776,0.000565056236939272,-0.03737052296961958,-0.0036469412130616724,-0.0003334533591616884,-52.540000915527344,-0.5894099312909425,0.03992403467336428,0.016922201835523815,0.011907456692438055,-0.0739758111230453,-0.007270410403911786,-0.0005130570652968986,-7.8200002908706665,-0.8518518552185306,0.002124210205686817,0.000826986269512144,0.0005614297274174848,-0.001567729141928481,-9.999990463256832e-07,-9.999990463257645e-09
4,GEa,Ethanol,50,1,-23.149999618530273,-0.5136454354400359,0.017634517783637914,0.008728667799634531,0.005838265687677292,-0.02367151940175998,-0.0020983453693297067,-0.00017269257326080886,-0.22999954223632812,-0.009192627419195734,0.008004823992821455,0.0008119095389522568,0.00013968527658961025,-0.00987432399556376,-0.0008960364879278596,-9.251013211960598e-05,-12.14000129699707,-0.4304964882466069,0.008803025305725982,0.0048127662478031005,0.003044020453811357,-0.007945352263712936,-0.0008125717469973134,-6.16664848621547e-05,-2.0499998927116394,-0.7218309699531298,0.0014087270158604987,0.0004274625487364076,0.00025577541412949423,-0.0010554606214859923,-8.906960538444785e-05,-6.969071231894488e-08,-64.7599983215332,-0.6540092962734698,0.044473758222563844,0.020116517963385067,0.014345933163760607,-0.06007242957713406,-0.005528181790785035,-0.0002202212142944336,-1.0099983215332031,-0.01601900608651443,0.05379993422669372,0.005681462590817676,0.0005870249882738391,-0.05101310329371218,-0.004897800709046213,-0.00045235296982681087,-60.89000129699707,-0.6589826871371135,0.04875490918560939,0.01662233107008187,0.012230683549994457,-0.07860606481292556,-0.007460797695181692,-0.000309627873901453,-9.340000212192535,-0.9103313843892998,0.0018026597684412393,0.0006443982083913286,0.00041019627894719806,-0.001376513706958116,-9.999990463256836e-05,-9.999990463256835e-06
4,GEa,Ethanol,50,2,-13.020000457763672,-0.29517116929506887,0.02110971869028432,0.007007433293441095,0.003803523221862573,-0.02665470474835543,-0.0023209777290520163,-0.0002685230503368947,-0.5300006866455078,-0.02263992695856841,0.008441542921271047,0.0008472742033004976,0.00011728466129864299,-0.007149218168525491,-0.0007157494725891821,-9.101778903636591e-05,-10.520000457763672,-0.38991848169956217,0.009054467233977934,0.0045352929031019906,0.0028399336972473334,-0.00697664331737754,-0.0007218379929547036,-9.803549799197548e-05,-1.9399999380111694,-0.6855123640677075,0.00169029409993462,0.0004631864085817337,0.0002850896797588502,-0.0013146068449606993,-8.669418132171562e-05,-2.995001142741596e-08,-41.68000030517578,-0.4144377093730947,0.05006982301974085,0.020520607025068194,0.01169813032558089,-0.07409014532362025,-0.007597135216183046,-0.000744985516162485,-2.700000762939453,-0.045286830112563,0.035690120058963326,0.003872988055262446,0.0007655942373872061,-0.03437194131175273,-0.0034843085584840383,-0.00032900924126191627,-57.92000198364258,-0.633698041758163,0.038128805252718924,0.017214758816269035,0.012299167375194904,-0.06368920062225504,-0.005854698715810322,-0.000474780651509717,-8.100000143051147,-0.8672376885140447,0.001785630458852108,0.0008274174778455963,0.0005513966690368793,-0.001642357358660858,0.0,0.0
4,GEa,Ethanol,60,1,-22.30000114440918,-0.5295654433908356,0.01520308223373225,0.00804185769332221,0.005540222118725267,-0.020414255870712182,-0.0017356736569095863,-0.0001979193194722761,-0.43000030517578125,-0.018228075557202104,0.0077269171861434815,0.0007726775855960736,0.0001039487034079933,-0.008779517458384302,-0.0007676004969123615,-8.530476001921218e-05,-11.920001029968262,-0.4506616516499322,0.007358215257215205,0.004293790087036176,0.0028772788725429125,-0.007899091428998074,-0.0007087317251712142,-5.8696091397189515e-05,-2.0799999237060547,-0.7402135110538831,0.001494971684427112,0.00044422628225693347,0.0002471138955503699,-0.0011617203755573944,-8.74783044114345e-05,-4.990005236156694e-08,-61.99999809265137,-0.6675279923134341,0.03843487872946036,0.01845498712077718,0.013572485621217623,-0.06485882806861576,-0.0061995651357108356,-0.0004183854757582819,-1.6800003051757812,-0.028103050175330584,0.038210106977783195,0.0031827569127231897,0.00031125837421883346,-0.045926142121259374,-0.004692763171555357,-0.00045669953540562226,-60.30000114440918,-0.6788247202684228,0.03682746187940543,0.015685119491224173,0.011780450695684761,-0.07307887544300454,-0.006962463382701169,-0.0004893125750391951,-7.7000004053115845,-0.895348844623617,0.0015666537568675648,0.0006185879291943672,0.00039093078260810533,-0.0012933059656722512,-3.920891270743138e-06,-3.992005187924585e-08
4,GEa,Ethanol,60,2,-13.249998092651367,-0.3152509749578686,0.023021598242888016,0.006782196155162784,0.004036162159904274,-0.018743325247499967,-0.0021265968686139908,-0.0002365024448848537,-0.20999908447265625,-0.009416999625885955,0.007510950700352058,0.000709891820022308,0.00010310962554134852,-0.006561047209618057,-0.0006779758858666441,-8.664801279151668e-05,-10.530000686645508,-0.4084561833274207,0.007976076741206255,0.00458744678035525,0.00292042375310526,-0.00795254700621431,-0.0007651387159608732,-9.409260595537964e-05,-1.9699999690055847,-0.7086330896689712,0.001354910281694294,0.00043129882126190743,0.00026156630289954374,-0.001141294864216372,-0.0001000706838161923,-5.963141918853341e-08,-42.11000061035156,-0.4384631425335961,0.07320277659504078,0.019295046423844758,0.012083125037282462,-0.07160044356441042,-0.006838820764041476,-0.0006283744529529472,-1.1399993896484375,-0.01992657591140994,0.031306482688066135,0.003497539747873919,0.0004358859646676188,-0.03548269622029568,-0.0036408242781128626,-0.0003909614603265383,-57.44999694824219,-0.651360532154612,0.043820843077314264,0.017336910329802103,0.012342185272150535,-0.07855661523242262,-0.006567965237518475,-0.00022110348190374597,-7.779999613761902,-0.8741572974411739,0.0018432975078835727,0.0007635312315826761,0.0004948758464182036,-0.001484890913601853,-9.999990463256832e-07,-9.999990463257645e-09
4,GEa,Ethanol,70,1,-23.65999984741211,-0.5560517102619482,0.016565413793285577,0.008530562759717385,0.005927397909774253,-0.023052679749530854,-0.002213129775735746,-0.00019764473303087842,-0.25,-0.01048657711408873,0.007994186916537041,0.0008167553945716665,0.00012155035420840576,-0.009571394580586728,-0.000840074090329028,-0.00011192930550623353,-12.739998817443848,-0.4769748878370423,0.007755719007777091,0.004647759315273935,0.003125470285743628,-0.007611389599493362,-0.0007416790769193499,-6.337991789901036e-05,-2.1399999260902405,-0.7561837398524669,0.0013951776300156515,0.00043265224786549376,0.00024508609639404855,-0.0012365961680510028,-0.00010000109672546387,-1.0000109672546387e-05,-64.93000411987305,-0.6914066828651491,0.035348401256607626,0.01906540995518716,0.014010199652418918,-0.061933918736638456,-0.005626046889175844,-0.00037207159164884886,-1.25,-0.020691938473056434,0.03943052410649156,0.003851260229075705,0.0004266711534858394,-0.04307148164713229,-0.004272799478529695,-0.0004140277736759473,-63.029998779296875,-0.7020494501703145,0.041113372719092656,0.016263634701905602,0.01210532114358913,-0.08380033055257524,-0.008715325479632744,-0.0006108273270998103,-7.660000026226044,-0.9011764736736522,0.0017146802930550669,0.0005998088428964763,0.0003810278389724214,-0.0013968959990854621,-9.999990463256832e-07,-9.999990463257645e-09
4,GEa,Ethanol,70,2,-15.329999923706055,-0.3372195387690225,0.01623205671709855,0.007868160772320729,0.00456228289427306,-0.022064284743840305,-0.0023943393688576034,-0.0002933238246443893,-0.3899993896484375,-0.016588659542815597,0.008449172940217924,0.0009950557499791,9.925074309658188e-05,-0.009201278956480461,-0.0008660492599959449,-8.397096734457686e-05,-12.089999198913574,-0.4372513332987964,0.009045798398938737,0.005199311352010341,0.0032703021677999954,-0.008188630114240404,-0.0008260042231054392,-0.00012699570974470666,-2.049999952316284,-0.7269503549097361,0.0015064220026900087,0.00047219163756358337,0.0002842307299975763,-0.001178000442524894,-8.572672409903095e-05,-8.944287239922698e-08,-48.529998779296875,-0.4693877460662387,0.05987520445721361,0.02349251256936766,0.013783695540000869,-0.08339845694604049,-0.007912722709881739,-0.0007670632926340265,-1.8000030517578125,-0.030349064408695246,0.03424756677489251,0.003576649659615846,0.0003985704135074653,-0.04352995426817807,-0.004117979902239049,-0.0003985239341660801,-61.610002517700195,-0.6716450481089324,0.04202892711348691,0.01812428915057533,0.013282363860443456,-0.06958949207202511,-0.006013431020404119,-0.00038661780651685906,-10.410000324249268,-0.9107611589070008,0.0017388391141578115,0.0008406190383440262,0.0005416551065304925,-0.0019166248304850902,-9.999990463256832e-07,-9.999990463257645e-09
4,GEa,Ethanol,80,1,-26.670000076293945,-0.5815525451666472,0.016244775688521337,0.00927566458647689,0.006640241544455388,-0.027451214441362812,-0.0022865541693615327,-0.00010158997143652904,-0.23999977111816406,-0.009471182702169545,0.008904105432519047,0.0009309321266849697,0.00012894068614742644,-0.00891524553768549,-0.0008162475294469033,-0.00011768857040318251,-14.309999465942383,-0.49982535401370987,0.00838958384385563,0.005138825884411945,0.0035155265385288428,-0.008092056941087129,-0.0008073934348556411,-2.3268287052512522e-05,-2.1399999260902405,-0.761565825504408,0.001378820265928349,0.0004117388216983677,0.0002454309504398785,-0.0013394130051058682,-7.211131334276829e-05,-1.9970010945094874e-08,-70.9000015258789,-0.7104920420423291,0.03800726883460104,0.0202595283303876,0.015442437195949487,-0.07311851588355003,-0.006558228720077653,-0.00019999694824218752,-1.2000007629394531,-0.01892745637316162,0.043329841763541,0.004087367728494182,0.000464267977270432,-0.04242501980937191,-0.004303266313673554,-0.0005624519196906821,-65.56999969482422,-0.7121755176731067,0.04100173656720418,0.016533587070374337,0.012801103870655759,-0.06860090347485713,-0.006231956066609482,0.0,-10.020000219345093,-0.9312267663758551,0.0014966621013897717,0.0005940829188990598,0.000374558599418885,-0.0013089097730159124,-9.999990463256832e-07,-9.999990463257645e-09
4,GEa,Ethanol,80,2,-15.399999618530273,-0.358890693854408,0.018587423060690764,0.007631917173117854,0.004578859178920573,-0.017972964767701053,-0.0017767082256885888,-0.00019694002405345825,-0.3400001525878906,-0.01493193437648632,0.006561742494102216,0.0006371290297190138,0.00010827616404077446,-0.008413214884388119,-0.000823665524762753,-6.0175953959075754e-05,-11.989999771118164,-0.45537409061376566,0.008393549807429259,0.004784567734960956,0.003201425759215622,-0.008354681150358867,-0.0007662590977985295,-4.043980572318824e-05,-2.069999933242798,-0.7392857030338169,0.0014757576795539744,0.0004360178676447791,0.00026829800534072877,-0.0013181423055245282,-9.310640733414605e-05,-3.9840749152000415e-08,-48.51000213623047,-0.4936902206553468,0.059992809771783756,0.022194259130195633,0.013441912813101925,-0.07702218045558518,-0.006969905912360457,-0.0006234763830566294,-2.19000244140625,-0.03750004082509809,0.039880325463201055,0.0037475628893425136,0.0004698585651934279,-0.04107373083722912,-0.00413557597001629,-0.00037249560803423866,-61.72999954223633,-0.6900290652132439,0.04234659255480198,0.017164741171010852,0.012993581500341397,-0.06738801488339206,-0.006843050445944425,-0.0003889612596562188,-8.259999990463257,-0.8929729719419737,0.0016882801505570155,0.0007726510168023869,0.0004918608193003231,-0.0016983749158333286,0.0,0.0
4,GEa,Ethanol,90,1,-26.510000228881836,-0.5945279241570772,0.015435807689671979,0.009051955731611388,0.006523893831532176,-0.027236651358203502,-0.002612706714066842,-0.00021682257434831758,-0.4699993133544922,-0.01886789707882396,0.008627567420279158,0.0008476252840584727,0.00011631378418274012,-0.007235689499389179,-0.0008048464914468464,-0.00013159513106591642,-14.319999694824219,-0.5145526314797509,0.008931256787143233,0.004997869655736426,0.003495061098660907,-0.008452911318975428,-0.000802430175784841,-9.441396962944888e-05,-2.1799999475479126,-0.7730496450902639,0.0013464897136048475,0.00039141599165225623,0.00023600094322069278,-0.0011904397299121474,-9.752579208092945e-05,-4.982033199799464e-08,-70.30000305175781,-0.720951712764217,0.03642285151724284,0.019967533026699992,0.015103846971714994,-0.05877342384216974,-0.005782798139811225,-0.00034804720055361574,-2.1300010681152344,-0.03405821933057249,0.045134415681776625,0.004549854438603545,0.0003335164959955905,-0.0475173028102054,-0.004492950444269764,-0.0004404034934274524,-66.50000190734863,-0.7275711246954398,0.03424019590401881,0.016492857773236384,0.012768977090921526,-0.06526067579928636,-0.006173745754387717,-0.00037501222016192356,-8.349999904632568,-0.919603521452946,0.001371932375746265,0.0005698049279874064,0.0003644731040470493,-0.0014216128052443257,-2.940987245153326e-06,-2.994007134694608e-08
4,GEa,Ethanol,90,2,-16.26999855041504,-0.38156657559345203,0.014294335107249173,0.00781755528936472,0.0048237588839025874,-0.025941850988128075,-0.0026128908527089994,-0.00029251222833722384,-0.4400005340576172,-0.019408933946926908,0.008278795913897602,0.0009069744799161143,0.00013793254067898702,-0.007302413296724122,-0.0007091465956822488,-9.08965853048205e-05,-12.340001106262207,-0.47243494294712957,0.00882206067482471,0.005001181577742281,0.003323966509291218,-0.007743880706472737,-0.0007739181244502881,-7.933987798877455e-05,-2.0799999833106995,-0.7482014405456526,0.00145011223982516,0.0004496274867441435,0.0002545694598781275,-0.001200363423295361,-9.420816009175442e-05,-5.979047206035872e-08,-50.08000183105469,-0.5135883574393558,0.05619461446914506,0.022026047994880425,0.014030052887538004,-0.09059010054400493,-0.007783066511875629,-0.0006840688502128843,-2.4199981689453125,-0.041868480984228865,0.0393380877555157,0.0034753763020800446,0.0007092501323436927,-0.03992707775534951,-0.003649760338825201,-0.00035537485304878926,-62.59000205993652,-0.7046043090146066,0.03540992666489726,0.017183963451710606,0.013131432859137695,-0.06039010135554759,-0.005717518524496543,-0.00027377826324189044,-8.20000034570694,-0.8971553651742986,0.001910380320761551,0.0007396017736778308,0.0004605586276552986,-0.0017226249248121954,-3.911285319804089e-06,-3.9910091828785e-08
4,GEa,Ethanol,100,1,-27.31999969482422,-0.6100938016875308,0.03131291276121748,0.009280987937891665,0.006584451452667526,-0.02393236058600529,-0.002439073108741696,-0.0002077728790872975,-0.43000030517578125,-0.01718626288203575,0.009331383985136383,0.0009265349064708373,0.00011157734702851377,-0.01040812400971431,-0.0008925469954244558,-0.00012854696074373858,-14.890000343322754,-0.5314061420436947,0.014594485904907313,0.005203255077047215,0.0035410231533869975,-0.00864842998221873,-0.0008306374522484494,-6.556819290703421e-05,-2.209999918937683,-0.7836879330689706,0.0013383566836363142,0.0004034128568487679,0.0002351618999364085,-0.0012371042755793082,-7.298194443987476e-05,-9.942244605032281e-08,-72.22000122070312,-0.7349888016547695,0.06674376008374004,0.020240547003231458,0.015150764971147868,-0.07956986224005327,-0.00671923296646736,-0.00035599475539245355,-1.8199996948242188,-0.0290224800094896,0.045906782561644564,0.0046480694415951766,0.0005617292823633594,-0.04712512235969477,-0.0048310942711086305,-0.0005002262509874941,-68.22999954223633,-0.7410665772606919,0.03594326326102315,0.016412864689399887,0.012714576316986796,-0.06277709296039832,-0.005918590666827105,-0.00021554598148957647,-8.800000011920929,-0.9263157907285189,0.0031448087166680446,0.0005948564263928904,0.00035403502651314795,-0.001281442489649918,-1.9899981021881088e-06,-1.9989980936050488e-08
4,GEa,Ethanol,100,2,-17.56999969482422,-0.40261228094773727,0.020454351484517252,0.008740304244155344,0.005201200500673354,-0.02216041392104962,-0.0022965747373154773,-0.0002784307328021908,-0.5900001525878906,-0.025552193533518203,0.008280150833185276,0.0010285071737619598,0.0001577523027446719,-0.009227117390429827,-0.0008363140794952564,-8.265205952243248e-05,-13.19999885559082,-0.494196904082426,0.009057367708365816,0.005275652821035544,0.0035188413902903447,-0.007701695030158995,-0.000801297694495663,-6.676241559323246e-05,-2.119999945163727,-0.7571428504525397,0.0013174586150555096,0.00044429451249925183,0.0002643722450196284,-0.0013650062617104426,-8.192352734044598e-05,-5.970096064881763e-08,-53.52000045776367,-0.5384305798408834,0.053122326894835446,0.023027527752044676,0.014885945400257205,-0.07208392503459995,-0.0071737768967645695,-0.000746019045852182,-3.729999542236328,-0.063543432602326,0.036638737580137776,0.004000384076366317,0.0009717812876615338,-0.046073969487975756,-0.004156175494792938,-0.0003891107056190419,-65.35999870300293,-0.722848927522438,0.03564036058819986,0.017895063950097274,0.013411985202107887,-0.06453066478892627,-0.005553833387006237,-0.0002579937116504923,-8.279999792575836,-0.8999999961127405,0.0017023585848899797,0.000759635701836264,0.0004779895564277814,-0.0019044845808364398,-9.999990463256832e-07,-9.999990463257645e-09
4,GEy,Ethylene,10,1,-10.620000839233398,-0.26061351752719997,0.014780943333284582,0.004093122904377717,0.0024891447309316516,-0.022425081696930128,-0.0017987942160814768,-0.00023967455467928064,-1.3299999237060547,-0.05823116965064288,0.007180667445808258,0.0011188815682966731,0.00038934279659683395,-0.0072276279970948645,-0.0007240858598617268,-0.00012513434223848587,-6.810001373291016,-0.2658080074245144,0.007665202931658887,0.002706680322705243,0.0015625571469100388,-0.006747819706417378,-0.0007181904942438918,-0.00012092668810728472,-0.36999988555908203,-0.13357396682556075,0.001776508679129291,0.00024957192133618364,8.89349582522275e-05,-0.0017774147240361845,-0.0001565989471150298,-9.923030441270923e-06,-28.289997100830078,-0.3112895901827957,0.04589450515816653,0.011928729663504944,0.006280079514150563,-0.060531697053263625,-0.005824510902018455,-0.0006446989858027904,-5.459999084472656,-0.09421913740447212,0.03151385429208117,0.003637471515637114,0.0015245614373529397,-0.04408493438713762,-0.004214536212972253,-0.0004461732559539628,-35.62000274658203,-0.402440423532669,0.04926256947501604,0.012772980328234637,0.007557563697085139,-0.057761983984910746,-0.005595062894703358,-0.0004120745909723003,-2.6600003242492676,-0.30090500886140353,0.002232741085231711,0.0004972770393760236,0.00026563626091127536,-0.0023363752727909273,-0.00016652349726777998,-9.915377358485906e-08
4,GEy,Ethylene,10,2,-6.470001220703125,-0.1675731965403927,0.019140720766389997,0.0034983862664948948,0.0014986603944976643,-0.020485303390908816,-0.0022417649935260985,-0.0002321569735929785,-1.3400001525878906,-0.0645472128041525,0.006968969591222401,0.0009981403522840884,0.0003180218915333775,-0.008059797161687908,-0.000737439624030959,-7.81733679202139e-05,-5.409999847412109,-0.22731092524523455,0.007309329795517833,0.0021959390038861475,0.0011975381724912636,-0.008452257155517708,-0.0007485631372042509,-0.00011605493165883229,-0.3599998950958252,-0.1313868225703733,0.0014399773232129497,0.00021366525947654914,8.832083331970708e-05,-0.0010906519079534628,-0.00010125916501602678,-8.882911822713804e-06,-19.459999084472656,-0.22033513532284424,0.046220029355911796,0.009286720722791632,0.004326378149369133,-0.06272407751131612,-0.005870863177623344,-0.0004892062757467637,-6.119998931884766,-0.11409394111711746,0.03017105342451317,0.0038730049254449396,0.001437921096514706,-0.026421596619158147,-0.0028601507796709234,-0.0002625630406880662,-30.62999725341797,-0.36564400717274226,0.03979759034955008,0.011440129871081945,0.006363519213879218,-0.07747897531873567,-0.007549430573904479,-0.00040812514686221923,-2.4699997901916504,-0.26473738589383816,0.0024891471208324223,0.0005557746984579711,0.00032784554186515236,-0.002539424683104641,-0.00017195562894699323,-1.9959565039699996e-08
4,GEy,Ethylene,20,1,-13.079999923706055,-0.32224685574119455,0.013055758864566348,0.005118378350501177,0.003231027965441842,-0.02266769464513065,-0.002196858473533819,-0.00019724668809086683,-1.9599990844726562,-0.08592718677609491,0.006955152857562491,0.0012723608267021002,0.000579986380238957,-0.007467762406091339,-0.0007944355951860222,-0.00011468696725629748,-8.25,-0.3235294117647059,0.0076514398989561225,0.0032336583540412923,0.002057798465828487,-0.006998939291702475,-0.0008535875088065875,-0.0001015948062283306,-0.5999999046325684,-0.2158273060458407,0.0019470941571693874,0.0002987364611107026,0.0001329937490649967,-0.0015155304456469887,-0.00013516808768382598,-7.73951267647342e-06,-35.69000244140625,-0.3941468938549463,0.041907902841698125,0.014238231642907696,0.008221655763608652,-0.06876996300519012,-0.006344174934742917,-0.0004773185313947857,-7.950000762939453,-0.13754326761032246,0.03338772054916352,0.005001133644984132,0.0023201392388638694,-0.04299549256167846,-0.004493373300074193,-0.0005566068939143801,-42.70999526977539,-0.48424032593604976,0.04203967453272256,0.014483033441927362,0.009328979816990603,-0.08333454822466278,-0.008508221049570159,-0.0007319887378769009,-3.6600003242492676,-0.4159091187410112,0.0022316337528803173,0.0006312341219902008,0.00036534704207657017,-0.0022594503851457383,-0.0001242065306545318,-1.4899328556160218e-07
4,GEy,Ethylene,20,2,-7.740001678466797,-0.19770118459256014,0.01893391667771728,0.004183773950452364,0.0022147735101731574,-0.02077785337563098,-0.0018053706322861524,-0.00020409661954179272,-1.6800003051757812,-0.08139536602982413,0.0074222641485645145,0.001332047557658233,0.0005488340978620734,-0.006488558518674462,-0.0006560051192094732,-6.389159782226209e-05,-6.349998474121094,-0.2631578406536238,0.006518641565800929,0.0029508668146460723,0.0017583780480924802,-0.008180272188599284,-0.0006953179060770335,-0.00010022722506728824,-0.5699999332427979,-0.20727270299738104,0.0019751992154274176,0.00027782254584627426,0.00014232186565750585,-0.0014216758076085146,-0.00012938556680954053,-1.0054099121566099e-05,-23.56000518798828,-0.26206901877756056,0.04791777546791484,0.011796539908677772,0.006525523912993198,-0.056521208143391684,-0.005802895425839505,-0.0005895944146042502,-7.349998474121094,-0.13968070359779897,0.03304193888810753,0.0048574005139902995,0.0023060006262981057,-0.036694088700622,-0.003406423219477116,-0.0002489173854719619,-35.89999771118164,-0.42136149057599603,0.05072990251172414,0.01393756466182458,0.008731721597639021,-0.07698396506924428,-0.00684612043080678,-0.00039286811866764135,-3.5900001525878906,-0.37631029003595273,0.002499600670049344,0.0007137157372280799,0.0004900281282677396,-0.0025941004266844905,-0.0001702079179022295,-1.998950433731124e-08
4,GEy,Ethylene,30,1,-15.119998931884766,-0.37407223198494505,0.012254878759550024,0.005772378640540684,0.0037261318024051342,-0.019892921843267727,-0.0016931085873348262,-0.0001414777499222025,-2.460000991821289,-0.10803693203187995,0.008448680954974025,0.0017963226393428683,0.0007472393458356583,-0.007498562548693158,-0.0008027647361953964,-0.0001163275618453406,-9.499999046325684,-0.3743104554948589,0.007079655780604014,0.003694352154096083,0.002355484167947318,-0.006231430988239053,-0.0006000137329101562,-6.000137329101563e-05,-0.7599999904632568,-0.2743682294932908,0.00180195245140264,0.00031610314233468167,0.00016713065974621028,-0.0013283220480985116,-0.00010467730416630343,-9.999990463256835e-06,-40.720001220703125,-0.452947725579085,0.053663153919492584,0.015679236954360486,0.009445094050771694,-0.05684346604597817,-0.005440408429637924,-0.00046354129078006223,-9.90999984741211,-0.1718993856914911,0.02684645286236024,0.005848221015093509,0.002833036969478599,-0.04109790539451872,-0.0037734924049325374,-0.0003745090300825209,-47.84000015258789,-0.5443167651019738,0.04578485827302663,0.01545382743905174,0.01028528419769264,-0.07842567910352083,-0.007534784617723612,-0.000554076594403589,-4.220000267028809,-0.481735177713285,0.002665728666599537,0.0006743034828827161,0.00042081814195568944,-0.0019896470712251644,-7.786081649401708e-05,0.0
4,GEy,Ethylene,30,2,-9.339998245239258,-0.2428496741439099,0.017459474044068793,0.00527974796452715,0.0026587607526337245,-0.015072888737788243,-0.0017719511687434991,-0.0002166251582295648,-2.1399993896484375,-0.10323200370980698,0.007160189550290215,0.0012885929241449475,0.0006902580640875955,-0.0075554531987612784,-0.0007417049958697525,-7.323415099320921e-05,-7.460000991821289,-0.31490083679384123,0.0071529938246825,0.003385877304397022,0.00203954036992953,-0.006625898984800487,-0.0006926168836132326,-7.893176108702022e-05,-0.7400000095367432,-0.270072995241287,0.0015938658609481369,0.0003336044446637572,0.00018153203205935404,-0.0017879351910643053,-0.0001888292606574716,-1.660932532379585e-05,-28.35000228881836,-0.3221225042687246,0.05234211466689501,0.013682374347220276,0.007587241774938956,-0.059783742641121976,-0.005978411857029672,-0.0005399172900163205,-9.479999542236328,-0.17716314407771974,0.029621846446962835,0.0062917533817513655,0.002784707919970979,-0.04048469027011707,-0.003924929672704807,-0.00037916083496089645,-40.349998474121094,-0.48497596098738305,0.049714674148919294,0.01641691756523973,0.009604457524599192,-0.07621326319095384,-0.00756967592782655,-0.00048183701897406,-4.139999866485596,-0.44612068810481376,0.0028246722324800112,0.000804531087903593,0.0005525254778287541,-0.0029701008621691896,-0.00022447299243431182,-1.0000228881836145e-08
4,GEy,Ethylene,40,1,-17.01999855041504,-0.4109125857754335,0.01512160703428542,0.0064775170702902314,0.004194609422857021,-0.021025727208405478,-0.0016809692322167402,-0.0001720049647597905,-2.950000762939453,-0.127760967667591,0.007474362571188126,0.0017351583274065002,0.0009142723081485484,-0.008376047817207476,-0.0008407586578306814,-9.086331505475308e-05,-10.699999809265137,-0.4116968027508679,0.007267446306683992,0.004020623547477302,0.002632000361171524,-0.0076401721342136955,-0.0007724664550576721,-3.853423442472391e-05,-0.8700000047683716,-0.3129496452237168,0.0013392976033163452,0.0003364648800874862,0.0001918629537643484,-0.0014188911797365204,-0.00012390926729682515,-6.7641776809796875e-06,-45.189998626708984,-0.4901301531720988,0.042390872408816435,0.016767920651900557,0.01037051518242246,-0.05671241842759998,-0.005415857926309157,-0.0004039266813651389,-11.610000610351562,-0.19880137511994414,0.03363631559656247,0.006911448456906947,0.0034644228380477596,-0.03144525762188656,-0.0032613608270544974,-0.0003623407976486654,-52.11000061035156,-0.580418816204841,0.042460259311907986,0.01609830186407253,0.011192177933384086,-0.06531585970943922,-0.006182929286917696,-0.0004151053544074598,-4.730000019073486,-0.5255555576748319,0.002401742888384662,0.0006953153067492749,0.00045144186889938394,-0.0019255723645896436,-9.19800025830307e-05,-5.980885662100875e-08
4,GEy,Ethylene,40,2,-10.770000457763672,-0.2756590873275697,0.014090033298380197,0.005245096876051817,0.003032458336022782,-0.01658437976733386,-0.0019057963759413774,-0.00027389802413436775,-2.559999465942383,-0.12331403842572444,0.007361822579663157,0.0015860720443392757,0.0008117877639930341,-0.007743184323095566,-0.0008539894343572476,-8.414852695248807e-05,-8.499999046325684,-0.353283426226076,0.0069728482114614545,0.0036419070840541115,0.002292264062668454,-0.006880436949354985,-0.0007051280585096985,-0.00011840922866183552,-0.8500000238418579,-0.31135531791326976,0.0015538595042035462,0.00037331387712067607,0.0002047592402151338,-0.0011373480468719757,-0.00010177310368778201,-6.097224530249773e-06,-32.18000030517578,-0.35923196748607283,0.042914842283879394,0.015579021490709423,0.008542916143037515,-0.06344523579611544,-0.007060017116507025,-0.0007717113477779579,-11.209999084472656,-0.2094935420687836,0.024043786010563867,0.00607873830366707,0.003140690780370608,-0.036743536762490994,-0.003359093236480114,-0.0003076199228024494,-45.02000427246094,-0.530208483462248,0.05112225007005196,0.016250574071282695,0.010389195385264697,-0.06664755650847114,-0.006294525952194867,-0.0005038532807755219,-4.640000343322754,-0.4941427235007788,0.0026729392880950674,0.0008558175279380215,0.0006141421965475423,-0.0029663671624041935,-0.00018762366316025662,-1.997951458501668e-08
4,GEy,Ethylene,50,1,-18.139999389648438,-0.4441723634151105,0.014207123063507823,0.006599949369293991,0.0044077510010130175,-0.016001296234333957,-0.0014898704701571419,-9.133968487825178e-05,-3.470001220703125,-0.1511983052439204,0.0071047437156919815,0.0018723182837648803,0.0010464696005567115,-0.005993016570013407,-0.0006198947212971168,-9.088499823616905e-05,-11.370000839233398,-0.44379392922664757,0.007274785493629376,0.004048130012200829,0.0027573674849251913,-0.0071153754675307435,-0.0006669575629163452,-3.080688170882485e-05,-1.0099999904632568,-0.3633093528264823,0.0018099433633401493,0.0003736345332464252,0.00021324237397849272,-0.001619900370677432,-0.0001363619038318674,-6.821987089075705e-06,-47.8599967956543,-0.5266285017834802,0.039531290190192796,0.016390989111141712,0.010833711660603483,-0.05241128024985175,-0.004843029903247489,-0.0002431187997841512,-13.369998931884766,-0.22952787865896593,0.02706040475716883,0.00648432252995682,0.0037339354746456985,-0.031445261769009955,-0.002916380569878435,-0.0002518048665573888,-54.7400016784668,-0.6162332607239671,0.04320063691733051,0.01584987998454821,0.011627500831714791,-0.07009418425741454,-0.007015129021932019,-0.00020905209358465342,-5.080000400543213,-0.574011319952008,0.002196627663837097,0.0007583133501358311,0.0004820826585375044,-0.001962291026998428,-9.999752044677735e-05,-9.999752044677734e-06
4,GEy,Ethylene,50,2,-11.729999542236328,-0.30443809794614235,0.015480223200721703,0.005618638199132689,0.003346200318505115,-0.020790307735872517,-0.001757036766430847,-0.0001537666458024006,-2.989999771118164,-0.14507519080889347,0.00629298804283435,0.001667136448041476,0.0009348274116235748,-0.0059899116054954035,-0.000591286222402709,-8.16042982833478e-05,-9.129999160766602,-0.3849072270261981,0.006953987484027084,0.003913322783443377,0.0024627754305444898,-0.006843032337676269,-0.0006002899684933957,-2.6801462662082755e-05,-0.9500000476837158,-0.3505535181960001,0.0012692810341378776,0.0003695652610213413,0.00022541078874257917,-0.0011370292966956966,-9.756995357535658e-05,-4.432935018942966e-06,-34.730003356933594,-0.3946142769451943,0.04130668139104893,0.015834662783649176,0.009228214430115896,-0.060409676102481345,-0.00570054529806275,-0.00032671315826807965,-12.599998474121094,-0.23719877122508876,0.024992466052681406,0.0061717910619782605,0.003551773407387198,-0.03916081622901349,-0.003529147826053335,-0.00022667107004191702,-47.090003967285156,-0.564087231356993,0.04400081868839932,0.015960818731401826,0.010901803305938327,-0.07316205179890574,-0.007148035986260974,-0.00041573690402419566,-4.899999618530273,-0.530303002154437,0.002372993909658397,0.0008991457723350214,0.0006153627214529703,-0.002303486041586083,-0.0001270493568554276,-4.9929278308404537e-08
4,GEy,Ethylene,60,1,-19.239999771118164,-0.46261119741594847,0.014497967017138421,0.00733550431868659,0.004764687389627177,-0.023084437356149727,-0.002320441206387559,-0.000193233530208615,-3.6000003814697266,-0.15638576498184206,0.007438817339925526,0.0021702861172076754,0.0011624053558090535,-0.006366385297295989,-0.0006797117804935538,-6.557433049722517e-05,-12.120000839233398,-0.4640122683697858,0.007783085839296019,0.004426440201740041,0.002988082687467525,-0.007688408385252061,-0.0007933757817536191,-5.5089815695700106e-05,-1.059999942779541,-0.379928300097726,0.0013965027943881989,0.0003955275075398102,0.00022234367746267855,-0.0014122542972083727,-0.00010425074868034679,-5.937940877708263e-06,-50.5,-0.5457099578602508,0.04078533521078559,0.01769807663726527,0.011695578147384426,-0.06531341089191618,-0.0061579912402250645,-0.000456027682151567,-13.979999542236328,-0.24061961978300742,0.02839348489317419,0.007509672792353893,0.0041173921922850985,-0.04838791198141971,-0.004871506113475677,-0.00034274002184798996,-56.97999954223633,-0.6324084407016096,0.037530372416175725,0.017172306414077954,0.012219891967141645,-0.0804838634957103,-0.008180905263340598,-0.000566787129582689,-5.400000333786011,-0.5882353109227495,0.002170358976545866,0.0007760129094707368,0.0004922017877757425,-0.0024128527009513634,-7.403213314781254e-05,-2.9930417861325816e-08
4,GEy,Ethylene,60,2,-12.879999160766602,-0.3310202829934795,0.01613590507320354,0.006146131435330495,0.0036409318942783875,-0.01905978726304439,-0.0017016650284426094,-0.00021706379639362437,-3.3999996185302734,-0.1630695230850929,0.005786863399826495,0.0019122299066499588,0.0010427666501937837,-0.006130313520902346,-0.0005888801782889406,-7.027147592130381e-05,-9.960000038146973,-0.41465444830696213,0.007831177303305771,0.004191023924143229,0.002640937889608254,-0.006862966376717812,-0.0006451559645368047,-6.39875470303692e-05,-1.059999942779541,-0.38545452464710583,0.0014956356069449326,0.0004037922391537562,0.00024733475067924163,-0.0010933474796648824,-9.829621557707856e-05,-3.1821622161306226e-06,-37.8699951171875,-0.4242186237399042,0.05045415659422616,0.016683879846720574,0.009913071265687974,-0.05969586065621602,-0.005472594160450572,-0.0005301426545364645,-14.19000244140625,-0.2632653439646608,0.024522620873724886,0.0064802989623883745,0.0038305635245456113,-0.03984406607648164,-0.003866214098274839,-0.00041657507382622945,-49.86000061035156,-0.5912486603550685,0.03884613443141209,0.016190380478626237,0.011274949777918822,-0.08603180886448734,-0.007942305615561494,-0.0004716886970719552,-5.270000457763672,-0.5612353849924168,0.0023900295917059183,0.0009197331543431196,0.0006549625934158389,-0.002038861514858595,-0.00014799752638317053,-2.997069595909099e-08
4,GEy,Ethylene,70,1,-19.84000015258789,-0.4828425426846426,0.013903233034430577,0.0072713095287134455,0.004889130453489168,-0.018780855995985404,-0.0019175378900973617,-0.00011791536393973765,-3.940000534057617,-0.17167757747616647,0.007296725282965761,0.0021842715639003476,0.001244197326082375,-0.007081135590191024,-0.0006996039217427503,-9.575563578338535e-05,-12.460000991821289,-0.4833204290128583,0.007294296801787976,0.004420273840083011,0.003049492315540946,-0.006746901421193045,-0.0006614478848404205,-4.90926309316509e-05,-1.1399999856948853,-0.4100719415205531,0.0015122849814768052,0.00038188795657679593,0.00023336077764800025,-0.001570201887293014,-0.0001386012147617017,-1.0607653456920175e-05,-51.9900016784668,-0.5679484504969899,0.04216938728774951,0.0172145048535702,0.011955260923450926,-0.060385655787216795,-0.005982626605260049,-0.0004671535815693108,-15.380001068115234,-0.2633561757922192,0.034679625878585404,0.00875712890695271,0.004368630628196744,-0.033447046378183666,-0.0035726858159393256,-0.00042955746943512115,-58.28999900817871,-0.6539151829402834,0.039957739418571156,0.01683382857810297,0.012189083714105282,-0.0696248964535723,-0.006404256493992095,-0.00031836807663383965,-5.369999885559082,-0.6054114943453133,0.002246997832283908,0.0007867286141759385,0.0004979665632897651,-0.0015897473643145317,-4.320622382432379e-05,-1.9990457534789735e-08
4,GEy,Ethylene,70,2,-13.239999771118164,-0.34569190691540885,0.013143736355408664,0.0061853522662424195,0.003729885551068079,-0.01824671735831101,-0.0017802248927895135,-0.0002007017149400161,-3.5900001525878906,-0.17418728996954905,0.005901134002824193,0.0020352264554556,0.0010835760550894343,-0.007004992571486769,-0.0006544096552536948,-7.900203942186202e-05,-10.130001068115234,-0.4290555191122629,0.008239693129025538,0.004182492332461465,0.0026988505102960407,-0.00635286333248074,-0.000637021017843848,-7.770591139868402e-05,-1.100000023841858,-0.4059040621246667,0.0012506705377605066,0.0004037616588867246,0.0002499534835688618,-0.0010745810546628548,-9.999990463256836e-05,-9.999990463256835e-06,-38.8599967956543,-0.44310146120744176,0.04888411796992845,0.018004573837640942,0.010153667543410315,-0.06130146952471824,-0.0058083554776478695,-0.00045465204571585953,-14.71999740600586,-0.27710839047420094,0.021835816647005596,0.0069336406370323015,0.004050259458088312,-0.03756173651818465,-0.0038799926751477073,-0.0003611148933838363,-50.619998931884766,-0.6104679214867935,0.03213465625624079,0.01615197914185341,0.011376161295032829,-0.05742733781926027,-0.005931882411054472,-0.0002968837551855114,-5.299999475479126,-0.5767137886265357,0.002391202256926619,0.0009437839963928022,0.000634629972275211,-0.002739242737756679,-0.00014871441908503172,0.0
4,GEy,Ethylene,80,1,-19.919998168945312,-0.5007541171497594,0.013500343337326151,0.006816195408648525,0.004741856042939291,-0.02019615873055538,-0.001714601069040711,-0.00010636125183858237,-4.190000534057617,-0.1873882119715979,0.0064437436604194084,0.002192553201741271,0.0013370260126780308,-0.007156840732590146,-0.0008219739580058048,-0.00010099226726419032,-12.640000343322754,-0.5051958478042545,0.007892227057481358,0.004322862521660347,0.0029958353050395844,-0.0070434377578551515,-0.0006112910097623213,-1.5166724378666097e-05,-1.2100000381469727,-0.4368231214724594,0.0012687955903660085,0.0004023092153673924,0.0002448656785080743,-0.001296605713739152,-0.0001312345880364643,-6.835924880660059e-06,-52.27000045776367,-0.5896886373835859,0.03973692290376171,0.01659678262756129,0.01164298768415971,-0.061282286039202376,-0.005994249244525395,-0.00038281492730330303,-16.23999786376953,-0.2853126912542634,0.031186267882099054,0.007425425833813681,0.004620612323862823,-0.04322810634855877,-0.003639554542532053,-0.00034069504544756364,-58.579999923706055,-0.6758191014935675,0.03228125454411499,0.016366136741839694,0.011958531859167528,-0.06727788952560718,-0.005702762666922805,-0.0002090632415504005,-5.549999952316284,-0.6313993147215309,0.0023033548405670262,0.0007844618755750019,0.0005105749406455509,-0.0018650439783767187,-4.1401481398574316e-05,-2.9919417913862095e-08
4,GEy,Ethylene,80,2,-14.329999923706055,-0.36894953314646817,0.011914223715695824,0.006438291805094031,0.003987568700320994,-0.0225882300485488,-0.002063386509004668,-0.00017089234954406932,-4.029998779296875,-0.193563825089715,0.006754746854763724,0.001990307033661818,0.0011767898545408208,-0.006245934064404596,-0.0006857075111389175,-6.048090708427763e-05,-10.919999122619629,-0.4553794550073311,0.007779642398112282,0.0043587119583550615,0.002843354002820783,-0.0055134887294348255,-0.0005488359701716234,-6.087561627647103e-05,-1.2100000381469727,-0.4384058124376581,0.0014436411569495704,0.00042012533959177357,0.00027223476707471115,-0.001127977163833524,-0.00010014424851344482,-9.999990463256835e-06,-41.93999481201172,-0.46981064623204727,0.04170710069835317,0.016943483910331274,0.010733367914768716,-0.060037286168339775,-0.005731507499246737,-0.00047812737672177797,-16.240001678466797,-0.3012987239094885,0.02386139450932984,0.007333459109270685,0.004300046070298847,-0.032919348761890996,-0.0033616613407038004,-0.0002447256752215181,-53.42000198364258,-0.6334637830396744,0.04554561184244351,0.01646528185589293,0.012030251198185972,-0.07352521459078974,-0.006484676109517047,-0.00026984628751446717,-5.719999551773071,-0.6085106153086648,0.0025295103639017924,0.0009740812939380056,0.0007128507789619804,-0.0022401945496768366,-0.00015159752315809088,-2.995928711511002e-08
4,GEy,Ethylene,90,1,-20.959999084472656,-0.520615994990296,0.014873891127863803,0.0071394779439940305,0.004995371987341746,-0.016074167123231307,-0.0016473654051076955,-0.00013138778009323372,-4.700000762939453,-0.20732248553692117,0.00778507438704748,0.002439598918149476,0.0013663650081918572,-0.007098871023660932,-0.0007205508634249301,-8.061436192213457e-05,-13.299999237060547,-0.5256916853016392,0.00747842830436385,0.0043758009649313145,0.0031142736494720025,-0.007048351844760339,-0.0006176894039561608,-3.0306961754816145e-05,-1.2799999713897705,-0.4604316491233186,0.001785607942115014,0.0004527251703794025,0.0002515659246075518,-0.0013611724047679348,-0.00011201172055965576,-7.5585399958237294e-06,-54.62000274658203,-0.6097343338928903,0.039387826620385105,0.01660891187516216,0.0120625596079891,-0.0600680842367472,-0.005806233723048288,-0.00026704700634533915,-17.55999755859375,-0.3053381685114541,0.02520298736334069,0.007610155676417629,0.004741945401988701,-0.038131439252948554,-0.003838240753568749,-0.0002595968321370421,-60.659996032714844,-0.6925447947127483,0.03038935431875969,0.01607639351972565,0.012164121340285295,-0.06087220363901333,-0.005213445085766417,-0.0001540899594499405,-5.640000104904175,-0.6445714405604771,0.0022477499442330614,0.000795888348199836,0.0005093549767900463,-0.0017366137705512022,-4.627284007218912e-05,-1.9980467306137398e-08
4,GEy,Ethylene,90,2,-14.780000686645508,-0.379850957198822,0.012372711352912544,0.0063653986407757575,0.004102134893102328,-0.016866348827292377,-0.0015496493741026665,-0.00016245366915032725,-4.279998779296875,-0.20498079268791197,0.005752248759706354,0.002118690647530765,0.0012333217382225964,-0.006919358377353908,-0.000647810383505814,-7.55100744695442e-05,-11.15999984741211,-0.4653878257068286,0.00752509260898348,0.004389923394093931,0.0029148210541470447,-0.0076567302751985615,-0.0007288724270693414,-6.920248331458871e-05,-1.25,-0.45454545454545453,0.0019170874062077754,0.0004349786864471745,0.00028110403239564927,-0.0011887150086891543,-0.00010052376583034333,-9.999990463256835e-06,-42.87999725341797,-0.4803405272307519,0.04655938865014685,0.018088502268843995,0.011058208812939578,-0.05879702188073169,-0.00584647070827552,-0.000471396953658162,-16.970001220703125,-0.3156035163889027,0.02649785177256529,0.007845080040242433,0.004494085346225611,-0.0370308768256909,-0.00382301424211847,-0.0003618624890057247,-54.32000160217285,-0.6441361368756594,0.046101654057271915,0.016736591848606434,0.01203572347879839,-0.06514842255482078,-0.0066993506387596265,-0.00033984405771515243,-5.710000514984131,-0.6133190394871343,0.002403173100164613,0.0009830695349539239,0.0007200234933376752,-0.0022589456034824416,-0.00013736212424660988,-1.0000228881836145e-08
4,GEy,Ethylene,100,1,-21.979999542236328,-0.5349233258849722,0.012070529628122354,0.0073600151863646495,0.005235513511400382,-0.01857455093288153,-0.0019260361876829984,-0.00012991917797627463,-4.930000305175781,-0.2141616076081832,0.006724984756092348,0.00257994858274875,0.0014768266995002408,-0.00730247929388839,-0.0008977370706811365,-0.00010650224380668704,-13.929999351501465,-0.5395042415238224,0.007901299963708643,0.004588112124842545,0.003255376211056118,-0.00692508090913644,-0.000699266478249369,-5.8383050829927344e-05,-1.3299999237060547,-0.47670248813290733,0.0015040715619864318,0.00041711041950048827,0.0002557786284482784,-0.001641316292923264,-0.00013590234156119914,-3.910154496279052e-06,-57.55000305175781,-0.6264286636684456,0.032103555719845654,0.017520210057168223,0.012563114792521157,-0.0620736959581046,-0.00455783228545916,-0.00029192703544560797,-18.450000762939453,-0.3159246623437787,0.030337624317264538,0.008371578846708172,0.005050306222595004,-0.032907857385014644,-0.0031460700294005453,-0.00038677317720328035,-63.2599983215332,-0.7071316674371962,0.0326986122667272,0.016414857996236598,0.012630784610887747,-0.08012868778665198,-0.00781665870118399,-0.00031446310849010407,-5.920000076293945,-0.6696832549896369,0.002144733135998797,0.0008309139733198478,0.0005112277757591096,-0.0017277437504344445,-9.999990463256836e-05,-9.999990463256835e-06
4,GEy,Ethylene,100,2,-15.430000305175781,-0.39963740122394376,0.015429917922724443,0.006715971019365923,0.0043137289711227735,-0.016741340675617403,-0.0016370739660854726,-0.00013400743718918896,-4.460000991821289,-0.2145262527857931,0.00803052150450804,0.0022068499587014974,0.0013753028138777381,-0.007257340622337767,-0.0007457206256700059,-7.53130263773907e-05,-11.529999732971191,-0.4838438845944419,0.007249663931789302,0.004418921658903217,0.0030405152898260726,-0.0061922204658846555,-0.0006845701998875757,-3.821518626457078e-05,-1.2899999618530273,-0.46909089521928266,0.0013708143573922002,0.0004431578658073298,0.00028218264325459154,-0.0011169163003603602,-0.00010037593898694537,-6.075916968059833e-06,-44.5099983215332,-0.5021434863269095,0.050227318968882266,0.017437601919621806,0.011424311237435853,-0.06567027045942364,-0.006275756037071127,-0.00048706262615415817,-17.73999786376953,-0.33072330472831873,0.02270336167430147,0.007263673766608896,0.0047243876969156,-0.034142459878106005,-0.003376335918071391,-0.00023198192547476597,-55.52999687194824,-0.6628864640947127,0.03465202717126064,0.01705516145461838,0.012120193340373056,-0.06332883649772156,-0.005173654280766932,-0.00023687887942528134,-5.820000171661377,-0.628509722225369,0.0023414349633314687,0.000988843630492064,0.0006905219113731096,-0.003134258853449505,-0.00019485210451062685,-1.0000228881836145e-08
4,GMe,Methane,10,1,-10.069999694824219,-0.26597991369474283,0.014148641319019906,0.004394943846521766,0.0026162638984998806,-0.01498081104418764,-0.0014758200043699164,-0.00015167967632172456,-3.710000991821289,-0.17296041304722454,0.005964329488350339,0.0018035100613310571,0.0010031283378324795,-0.006866721062318535,-0.0006960277188289337,-5.3173314250092596e-05,-6.960000991821289,-0.2929293318508033,0.006435502910097942,0.002837482635766635,0.0017097406416707744,-0.006640910987107901,-0.0006977640611073607,-4.709030404234185e-05,-0.039999961853027344,-0.014598526172921514,0.0010236005702496038,0.00011554390392113514,1.6311757622909186e-05,-0.0013313389121319315,-0.00012311831669366727,-9.862103515114791e-06,-32.540000915527344,-0.3893275927572054,0.0360217901249834,0.012616305799126211,0.00774228081918258,-0.051266203424585495,-0.005126043672315291,-0.00036388237917899045,-19.959999084472656,-0.36853765030847563,0.028814000937329717,0.007592948865836586,0.004732322292667993,-0.037665850621661244,-0.0036263861295519027,-0.00026957435947237707,-44.310001373291016,-0.5361161591680904,0.03599787985607651,0.012921216913213197,0.00871931194778706,-0.06495797168786209,-0.006075844799126057,-0.0003469296399191391,-0.5099992752075195,-0.05598235943222144,0.0028095753249506887,0.0003295229922611795,6.731649753948874e-05,-0.0023776442046555936,-0.00020290076866341146,-1.0876085358646631e-05
4,GMe,Methane,10,2,-11.100000381469727,-0.28072837947534696,0.01650343360103977,0.004928001133350054,0.0029021410393776192,-0.02060281387232317,-0.0017635279724808612,-0.00021296209604124242,-3.6799983978271484,-0.17415989323180064,0.006773838965079177,0.0017510874408835555,0.0009972597948565496,-0.006545443773996755,-0.0007218153510025981,-5.1547300358528644e-05,-7.260000228881836,-0.29851974999929415,0.0068014760604031355,0.00298008112874558,0.0018039663125527417,-0.0073220083142704895,-0.0006637291984981745,-6.885418984834585e-05,-0.059999942779541016,-0.021660629311438532,0.0017885479557547411,0.0001751056805976745,2.322607820304168e-05,-0.0015337212052704981,-0.0001627784986328105,-1.597071501628878e-05,-38.21000289916992,-0.42347336226973253,0.043045561610888544,0.014088032685561991,0.009035595419954625,-0.0526917593558799,-0.0047990774867958975,-0.0003062985173693724,-20.84000015258789,-0.3828770904968414,0.023748332172476176,0.007417238034591647,0.004833108168423833,-0.03914529903119845,-0.0035984364683964336,-0.00021519794533062818,-47.59000015258789,-0.5643305955089257,0.04568010695724513,0.01385083444295189,0.009042359780428017,-0.05884959674605883,-0.00592649200834972,-0.0002352678299577328,-0.8499994277954102,-0.08919196764031848,0.0029051464317142754,0.0003673696750688729,0.0001229322144963434,-0.002896256728347047,-0.00024182373118576775,-1.0000228881835938e-05
4,GMe,Methane,20,1,-13.769998550415039,-0.3658341863364109,0.016248035691625466,0.006371699432272473,0.003987279408607889,-0.016650853455973103,-0.0016241091163227126,-0.0001344732943723014,-5.320000648498535,-0.2502352112523161,0.005876415321721217,0.002690313463393417,0.0016201097957441106,-0.006197649756356977,-0.0005584175914926739,-6.680141121869557e-05,-9.170000076293945,-0.38773785303188996,0.006769572976357347,0.003891209486947627,0.002464264318890945,-0.007198365133245194,-0.0006640329101244143,-6.415184366388455e-05,-0.059999942779541016,-0.02222220063700145,0.001287075163283912,0.00013298013498170826,2.7094155217907397e-05,-0.0010231097990839324,-0.00010151442948417483,-9.999990463256835e-06,-42.41999816894531,-0.5109612127705152,0.03922651940686049,0.015555765507309412,0.010593211689125073,-0.04943918225355189,-0.00443040343160734,-0.00032001237422626337,-25.920000076293945,-0.4832214834308153,0.021135711665595705,0.009032530144388276,0.006357863021773712,-0.035314507782959824,-0.0033711622980870303,-0.00018949110573395506,-51.349998474121094,-0.6254567530876048,0.03240873287784496,0.015365781314034686,0.010590755138050922,-0.06091910103490562,-0.005713729884498758,-0.0003634071113049152,-0.8500003814697266,-0.09476035185796909,0.0027620067785540693,0.00036658695704812116,0.00013379723297583985,-0.0022367398388227627,-0.00016777235246535349,-3.231076845184372e-06
4,GMe,Methane,20,2,-15.129999160766602,-0.3849872634729917,0.013046364148296536,0.007131799851193585,0.004384628218443989,-0.020797397622004103,-0.0017622287611183927,-0.00017941288410770195,-5.4800004959106445,-0.2597156586178665,0.007360508542840656,0.0027263986462890202,0.0016383067639849564,-0.007372789166640057,-0.000728164634099979,-6.455020349621171e-05,-9.659998893737793,-0.39900864349612214,0.006909655913673173,0.004053096911603264,0.002622116951927065,-0.006501086388175749,-0.0006745638519857103,-5.643944291658483e-05,-0.08999991416931152,-0.0324909439671578,0.0016194684615534565,0.0001319626444457144,2.601937334126049e-05,-0.0014912646070960125,-0.00013967187156555926,-1.2258688051604851e-05,-48.8900032043457,-0.5457691695134238,0.04556567933834162,0.01711234092878995,0.011938318529270363,-0.06460323669482099,-0.006345136504003056,-0.0005103908728307122,-27.28999900817871,-0.5038773834022212,0.02491514229635072,0.009413649978585585,0.006437286255448984,-0.03316271421186101,-0.0033055566537322735,-0.0002041108831700566,-54.55999755859375,-0.6513071474870311,0.0432115324091473,0.014168135974960465,0.010668714876768428,-0.05344805936820948,-0.005074862275394314,-6.28639312371562e-05,-1.3600006103515625,-0.1422594718260578,0.0029863977379115713,0.00038746972026199825,0.0001738766799215068,-0.002671973522406834,-0.00018535840010989598,-1.0010199140021815e-05
4,GMe,Methane,30,1,-17.119998931884766,-0.45314980108645164,0.015727623285131945,0.007254529153280166,0.00478232020120219,-0.01783260452542728,-0.0016119571158407977,-0.00017290320504533094,-7.039999961853027,-0.32728962747291385,0.006330813516999039,0.0032030934624050996,0.0020361981620471512,-0.006942942739278672,-0.0007314373026543144,-6.75718124670427e-05,-11.110000610351562,-0.46759261377643546,0.00694246581043666,0.004298250239619797,0.0028751154961125223,-0.006322554491622642,-0.0006720770694762198,-7.035479893406287e-05,-0.11999988555908203,-0.043636322021484375,0.0012292585605947965,0.00014211387285112325,3.2775477253786076e-05,-0.0011227600143479447,-0.00010344265465423668,-6.361103138572556e-06,-49.480003356933594,-0.5939976175773917,0.03518015281936081,0.016250114088962864,0.011701836092356926,-0.05000749091736724,-0.004466845154402998,-0.000307601910614367,-30.799999237060547,-0.5672191467737461,0.02884310282581816,0.009751152101698145,0.007102304210804421,-0.041926674795516115,-0.004175431280694917,-0.0003654408556784011,-56.71000289916992,-0.688478827342556,0.03789960497334022,0.014701650364243025,0.0112241717877664,-0.07160876413995299,-0.006925630914628377,-0.0003693388590613346,-1.4499998092651367,-0.15778018231472646,0.0023959867791643404,0.00037934555358223106,0.00017434971389622883,-0.0023550460623110708,-0.0002006895769287384,-9.99927520751953e-06
4,GMe,Methane,30,2,-18.339998245239258,-0.46103566636568466,0.02036084407222196,0.008169162038464767,0.005439337887244756,-0.020922736304926574,-0.0022532472332350262,-0.00017517563926570655,-6.829999923706055,-0.32415757107883697,0.006421064937539129,0.0032647281340211116,0.0021010698774969277,-0.006535117574331043,-0.0006125020575588746,-4.1052327741014164e-05,-11.539999008178711,-0.4700610740043523,0.007705246581435548,0.004720081292261267,0.0031341645051686353,-0.006791156380861661,-0.0006349705771721231,-7.219121870769265e-05,-0.07999992370605469,-0.02919705234584303,0.0011417932057560514,0.00013101153359463676,3.165406782239801e-05,-0.0016549164159867613,-0.0001567858548686239,-1.4380976275635554e-05,-55.849998474121094,-0.6145466567124108,0.03793359676364901,0.01900382132289267,0.013398110270820059,-0.06173922617751961,-0.005527411039132885,-0.00036503431741810593,-30.580001831054688,-0.5673469566855647,0.019632685268810082,0.009663643985382199,0.007187960540011634,-0.03460985147498595,-0.0032621776438205995,-0.00016463525103839143,-59.69999694824219,-0.7007042146317106,0.042334495440244244,0.015040829882174174,0.011372844390748,-0.07548022627411215,-0.006605468893910975,-0.00019147417482560404,-1.1800003051757812,-0.12407994498171773,0.0029342111714298646,0.00043378463064241795,0.000190324539909458,-0.00289603206942906,-0.0002697836007050787,-1.0000298186702526e-05
4,GMe,Methane,40,1,-19.309999465942383,-0.5051006983300845,0.015314436559296717,0.00800540949251013,0.005349124253982456,-0.016568091501380482,-0.0016398966592340582,-0.00016419681641967562,-8.170000076293945,-0.3787668146446177,0.006691212596518642,0.0035437804627506102,0.0023908749483629046,-0.006668256477930077,-0.0006568782781278567,-6.68648325661499e-05,-12.420000076293945,-0.517069102397939,0.007693878192588611,0.004561379467902686,0.003193455005387887,-0.006548713776649834,-0.0006019845802170212,-3.8241248854885926e-05,-0.1099998950958252,-0.04014594697553416,0.0012825461751429911,0.00013506029430165273,2.983541930406481e-05,-0.001049989167406167,-0.00010295533790504064,-1.0685103728819074e-05,-54.33000373840332,-0.6412132843844318,0.032678804247979934,0.017272606343607978,0.012522250578078225,-0.04949674870485925,-0.004735060897904557,-0.0003349650134325276,-33.43000030517578,-0.6141833569307715,0.02183553587227679,0.010323909511323809,0.007604481035231779,-0.02739633783050897,-0.002562809762187684,-0.00015645544607035373,-60.50999641418457,-0.7223349509253316,0.045045417415027565,0.015702181873303352,0.011791446487553774,-0.057774316517757135,-0.005255570407668037,-0.00023943213322173094,-1.0900001525878906,-0.1192560297204138,0.00264668506221001,0.0003621397348209215,0.00014085352478609867,-0.002511207618850815,-0.00019569287650468027,-2.6791484641090732e-06
4,GMe,Methane,40,2,-20.520002365112305,-0.5241379710176559,0.01497891918564216,0.008664326585387285,0.005744798175567313,-0.017705990300376787,-0.001745229543417767,-0.00017252547058043888,-8.040000915527344,-0.38212930445235344,0.007200698143008727,0.003625141398049271,0.0023568888449998367,-0.007038422004852289,-0.0006505704765438957,-5.330397594536406e-05,-12.719999313354492,-0.5271446231144578,0.00792771997850085,0.004959302719629561,0.0033227983679873564,-0.00645891069801426,-0.0006145746974827099,-7.429873774842227e-05,-0.16000008583068848,-0.057761764235525884,0.0015631095537885012,0.00016065542815204789,4.167108810582736e-05,-0.0015083264755841206,-0.00014362997574433525,-1.2187314483581792e-05,-59.950002670288086,-0.6692342201929408,0.03375868596229187,0.018765939130951547,0.01347804929836548,-0.05631576321231975,-0.005500345504216185,-0.0004540062266737954,-33.709999084472656,-0.6224150513191591,0.02526545640963331,0.010005442367252388,0.007416077439171649,-0.02563773127567838,-0.0022510935010245045,-3.3847446140796035e-05,-62.03999710083008,-0.7405992549477449,0.03121921674448506,0.014564050970339247,0.01124165178677351,-0.05017273674985503,-0.00475158385659392,-0.00011999893188476563,-2.25,-0.23560208953533693,0.0022461918961244266,0.0004913232575638918,0.00027477847203645473,-0.0032369657095430507,-0.00027737728623891434,-1.0000228881835938e-05
4,GMe,Methane,50,1,-20.940000534057617,-0.5455966636606959,0.014328987572304466,0.008472720014727892,0.005722953546698031,-0.016771212581847147,-0.0015683967835565765,-0.00015397481942474922,-8.979999542236328,-0.4180633023096145,0.008078929580157788,0.00401208524258287,0.002594129132342858,-0.007426044628466187,-0.0005984701121421084,-6.907010002298058e-05,-13.34000015258789,-0.5537567483641062,0.008219237090316918,0.004929393455900228,0.003400332591563384,-0.006536448225064469,-0.0006106005365049945,-6.006513266330925e-05,-0.1100001335144043,-0.04029308891790279,0.0011287440303860974,0.00012857699195496585,3.277552795321294e-05,-0.0010577942978267675,-0.0001018503802542447,-9.999990463256835e-06,-57.30999755859375,-0.6740766857377608,0.03845478344085492,0.018462776966584292,0.013105379643949368,-0.05130464086950781,-0.0052826745433485565,-0.0004606875032961661,-34.57499694824219,-0.645356956000286,0.021561078439816778,0.010438276863974779,0.0078123532309942074,-0.03150914033365311,-0.003133683443345218,-0.00022392088039808436,-62.47999572753906,-0.7458517157850513,0.03499172952748096,0.01529992749224701,0.012119890998854415,-0.06252556026000908,-0.0060107385595541815,-0.00035933387774195907,-1.2100005149841309,-0.13296708398474877,0.002739160942750308,0.000400545218193524,0.00015905864151347256,-0.0024495414715051183,-0.000230407948758105,-8.591223728835882e-06
4,GMe,Methane,50,2,-22.220001220703125,-0.561962587410496,0.016272261816248943,0.008945372835739774,0.0062088221615169996,-0.0204553315700345,-0.0019234381451424772,-0.00014391164257120408,-9.00999927520752,-0.4226078519782927,0.009485584803591098,0.0037829903252972774,0.002618989204928698,-0.006242095731178137,-0.0006775972253757403,-8.138790985283931e-05,-13.720000267028809,-0.5632183876546628,0.00785371252356368,0.005155389972189124,0.00357158586894269,-0.006307475693039848,-0.000628699072031928,-7.761252592384868e-05,-0.1399998664855957,-0.050541468393356576,0.0010140010092371916,0.0001303759507927819,3.9140511869244685e-05,-0.001500442544879376,-0.0001381043855806648,-1.052992860697402e-05,-63.21000289916992,-0.6980673745868289,0.05356000687725259,0.019025909077487885,0.014348021922477814,-0.05622146744694286,-0.005457462394020735,-0.00024479683213460296,-35.810001373291016,-0.6546618075653327,0.02027542915106706,0.010265249557785006,0.00791310269113761,-0.0336731611634687,-0.0030356778236744104,-0.000130268161845337,-64.66000366210938,-0.7615121996628007,0.039114119972892325,0.015704784407398826,0.011841466799539636,-0.05338583415351121,-0.005161948759730515,-7.226574712937959e-05,-1.799999713897705,-0.18887720507170622,0.002780470838918303,0.000527901762110117,0.0002748529010150735,-0.0024211487929245087,-0.00019280321632029587,-1.9771357201298282e-07
4,GMe,Methane,60,1,-22.039998054504395,-0.5798473829981314,0.012843803680775381,0.008362593088701851,0.005951789921172524,-0.01608482286146254,-0.0018363578133749146,-0.00019648676701431128,-9.800000190734863,-0.4534937489099604,0.007230224640288609,0.0039830902277572305,0.0028116519831685497,-0.006548156958365206,-0.0006181561332592896,-6.50282436687017e-05,-14.010000228881836,-0.5859473156959557,0.007658563900813277,0.0048519576079629366,0.0035251342494269635,-0.0070013430886154415,-0.0007306831706449698,-6.961933625481524e-05,-0.12000012397766113,-0.044117692174795525,0.0019157460034503336,0.00018390030208409363,4.041472258375589e-05,-0.0010891974090879374,-9.859086073516831e-05,-6.642628344165002e-06,-59.08000183105469,-0.7020796287553914,0.03277918145776361,0.017336670979367825,0.013203917374497696,-0.051988026791402527,-0.0048150228702061,-0.00016362106320912456,-36.8700008392334,-0.6773838073215555,0.020682808045946344,0.010295286237208573,0.008070063876240052,-0.03256213314853001,-0.0028865179324739677,-0.00013869317602167598,-63.889997482299805,-0.7679086517520557,0.03527702283696728,0.015619843468354795,0.01200648401169568,-0.09150453658485777,-0.008408505531698678,-0.0001254788414026285,-1.4099998474121094,-0.15597343510641856,0.0027275030761902907,0.00044624638839517537,0.00018241028607444412,-0.002159510450950587,-0.00017537698247933748,-1.0010219110488892e-05
4,GMe,Methane,60,2,-23.300002098083496,-0.5975891535021786,0.014104804749137804,0.008829696748286552,0.006349113348032024,-0.020848681645516814,-0.0018604864971734692,-0.00011934172274223622,-9.619999885559082,-0.45787719089763496,0.007127230027879428,0.003891979923799894,0.0027492688414954103,-0.0056774746228084785,-0.00046487585712326674,-2.1187911916543335e-05,-14.269999504089355,-0.5950792233734364,0.007485356431279993,0.005062128999988429,0.0036767668501375347,-0.006174978318494677,-0.0006205634406182975,-2.9998779296875e-05,-0.20000004768371582,-0.07194246393597346,0.0018016216932509694,0.00018704182163461488,5.045853950270131e-05,-0.0014102364118568063,-0.00011755230501299101,-8.732569572919198e-06,-64.49999618530273,-0.725126457540338,0.030342914961630052,0.01821435638798016,0.014143797317324522,-0.05212177972616422,-0.004642514502808873,-0.00019107476248837355,-36.89999961853027,-0.6829539228616373,0.01739975876903255,0.01002462257587538,0.007768451790845724,-0.03190271885947509,-0.0030691189210855863,-0.00012153215616756129,-65.09999656677246,-0.782451910512334,0.02735543751371992,0.014430966482485432,0.011508633002839564,-0.06666582431454796,-0.005676922357286454,0.0,-2.560000419616699,-0.2680628658102372,0.002122325419674502,0.0005802138101137635,0.0003254993387837396,-0.002418605661221868,-0.00018834160033004638,-1.0000228881835938e-05
4,GMe,Methane,70,1,-22.900001525878906,-0.6108295679013539,0.01250557623297728,0.008486785255113831,0.0060475777571344655,-0.020308267061680433,-0.001960298622994494,-0.00012206670954853816,-10.160000801086426,-0.47947147451727384,0.007399635694797924,0.004035040343198464,0.0028937299236468676,-0.006642713484079537,-0.0006132403855780287,-4.6968680101365756e-05,-14.430000305175781,-0.6137813766351499,0.007442838982388065,0.00491101644131548,0.003566596089178347,-0.006097617965880108,-0.0005874533121993644,-4.3402564803347e-05,-0.18000006675720215,-0.06617649443524906,0.0019267643259513597,0.00019755410344367774,5.619210875059004e-05,-0.0014565207126401311,-0.0001375319283292333,-5.886460946899936e-06,-59.94000053405762,-0.7268097447173358,0.030753202751788982,0.016915266411528688,0.01307072960558043,-0.05234607895195403,-0.004555539491407436,-0.0002648363276046032,-37.25000190734863,-0.6978269232294692,0.017631850214394958,0.010289236976382985,0.007981590216719915,-0.037781961162806604,-0.00337423014956271,-3.8028665659499116e-05,-63.86000061035156,-0.785582481130881,0.03322376993619418,0.014473063395284312,0.011864844197139941,-0.07208799092717055,-0.006852891272299055,-0.0002738288846974466,-2.3499999046325684,-0.2590959188205477,0.002265586761535102,0.0005150031728587788,0.0002599093990041971,-0.0022921004099223626,-0.0001751881532944246,-1.5870958908322248e-07
4,GMe,Methane,70,2,-24.56999969482422,-0.6251908440663354,0.027980259004307062,0.011440016249123833,0.006815855200763068,-0.019951732043180598,-0.002311146261236359,-0.00026003579907673483,-10.220001220703125,-0.48574148174874127,0.012308347614631098,0.0049795641885329615,0.0029478924181745763,-0.006365863945717389,-0.0006208366003597458,-4.930422539948803e-05,-15.069999694824219,-0.6235001922736835,0.01633881557080955,0.006546248314674455,0.003907542984425736,-0.006382744858808917,-0.0006146921835022559,-6.836086912654123e-05,-0.2799999713897705,-0.10144926534683554,0.0015805895768523,0.00021102665763148929,7.46716714060679e-05,-0.001651498912012214,-0.00014775724798467258,-9.999990463256835e-06,-66.70000267028809,-0.7445858596440127,0.05902362179689976,0.02270741785710789,0.014747247581784447,-0.06529861790858965,-0.005768615597509665,-0.00023616703351091227,-37.89999961853027,-0.7014621594448884,0.027768410405459198,0.011308846767907806,0.008033112563267044,-0.026802573404824774,-0.002580532065484437,-2.8053770266230706e-05,-66.74999618530273,-0.7968246252857836,0.04167805598210672,0.017355271832652598,0.011885523836679582,-0.07140152203069557,-0.006684120677565736,-0.00017513818975863874,-3.3499999046325684,-0.3526315689086914,0.002320049642557821,0.0006783769740712575,0.0004079536864548551,-0.0022947839240292645,-0.00015211847859714008,-8.900536301626853e-08
4,GMe,Methane,80,1,-24.08000087738037,-0.6360274825456947,0.0179593127302444,0.00859248187857472,0.006220021439329121,-0.014931256954110917,-0.0016171646371683742,-0.00011956811796464069,-10.949999809265137,-0.5097765382971283,0.008785379839497464,0.004198701826620212,0.0030168980407277593,-0.00701153663625525,-0.0006495646517706199,-7.439805803741557e-05,-15.15999984741211,-0.6380471254787337,0.007243044742863639,0.004924497100033224,0.0036686914902545583,-0.006740299483832629,-0.0006129736921735428,-5.890372578879944e-05,-0.21000003814697266,-0.07720589556547583,0.0019078938171007355,0.00020851073117311784,5.716655970083485e-05,-0.001111029788592343,-0.00010360792803217383,-9.999990463256835e-06,-62.04000282287598,-0.7447779177670366,0.0349998902489384,0.017491105586811086,0.013366561542709638,-0.04397496892769344,-0.003925420412919153,-0.0001357415967182268,-38.97999954223633,-0.7197193436494975,0.018878762838782082,0.010399996633148988,0.008219807794791685,-0.02692172546695102,-0.0028609578524984845,-0.00019960621515427326,-65.94000244140625,-0.8005341780098757,0.030051488278804654,0.015013748227075338,0.011963493509578165,-0.05108918560746834,-0.004649779429437887,-5.768273223489634e-05,-2.380000114440918,-0.2609649281037263,0.002270720508697413,0.00047126453346671036,0.00028267224812929037,-0.002300781749013677,-0.0001579626200244061,0.0
4,GMe,Methane,80,2,-25.49000072479248,-0.6472828855617005,0.013143474105088392,0.009211797834519708,0.006752660237661098,-0.018052796572762653,-0.0016782325270674513,-7.283333756014418e-05,-10.779998779296875,-0.5101750689755244,0.006921801646387638,0.004203046815003562,0.00302712909330273,-0.006372550590586822,-0.0005812597463424915,-3.2229587246903983e-05,-15.649999618530273,-0.6453608090115577,0.00786674899130381,0.00520429428737489,0.0039007911995658177,-0.006956479498309907,-0.0006009129111878293,-2.1474400520731955e-06,-0.2799999713897705,-0.10144926534683554,0.001953965729023487,0.0002332996622212291,7.286251295787375e-05,-0.0014844368138774925,-0.00015015005526711347,-1.1772347367027681e-05,-68.42000198364258,-0.7610678623175214,0.03026880442346351,0.0183290201998754,0.014528165574104092,-0.058312670445298254,-0.005398831007727808,-0.00019463005785354005,-39.09999942779541,-0.7200736644045675,0.021095678330454157,0.010335141899900062,0.008190392890227504,-0.03284432630853794,-0.0031607673408104216,-4.8115772988663335e-05,-68.30000114440918,-0.8099134312986291,0.030127021501653764,0.015097347237397737,0.01170012884617707,-0.060352952325552676,-0.0051668697564867284,-2.3987786483764886e-07,-3.4099998474121094,-0.3578174126925149,0.002687982328146013,0.0007076769477129821,0.00045421873569369275,-0.002414895729941424,-0.00017743631679036274,-8.93947939324702e-08
4,GMe,Methane,90,1,-24.530001640319824,-0.6543078298769234,0.013260040586186333,0.008646875416390877,0.006345749917357456,-0.014236521788663492,-0.0015304733899344591,-0.0001763625183924023,-11.3100004196167,-0.5297423989478225,0.0071983106450526045,0.004245155641686965,0.0030973467610582676,-0.0068380476241638715,-0.000602843120526731,-5.425813253911001e-05,-15.440000534057617,-0.6559048399982499,0.00746562413705633,0.005034541990716787,0.0037377040673603665,-0.006251422263786111,-0.0006589894574275418,-5.8401147615086074e-05,-0.31999993324279785,-0.11764703304297398,0.0015556651161426761,0.0002097004784262118,8.001863706562671e-05,-0.001118744184093579,-0.00010438340813387128,-9.722606752236812e-06,-62.71000099182129,-0.7603977211543763,0.029323270917972467,0.01654211715162488,0.0133812329934579,-0.051625349335297686,-0.0047368851157046305,-0.0003155471435263476,-39.219998359680176,-0.7329471050253701,0.017408369622586434,0.010260922511409356,0.008058219490697264,-0.029349446295007593,-0.0028400130351703616,-4.623169289604779e-05,-66.20999717712402,-0.8117949872369468,0.02350548103249275,0.014621791781748545,0.011875250324160464,-0.07254605879530601,-0.006895462986190572,-0.00022559974512643776,-3.369999885559082,-0.37486095343247444,0.0020370207397935433,0.0006097185440445718,0.00038098306629702245,-0.002925645810539145,-0.000185794981349918,-1.9949605226704834e-08
4,GMe,Methane,90,2,-26.14000129699707,-0.6664966976900171,0.013531683426054236,0.009226329269966034,0.006855813201766879,-0.018400991330934556,-0.0015968927816179764,-6.401631099780999e-05,-11.15999984741211,-0.5311756176028395,0.0068368849628185,0.004174917798134178,0.003060148696071118,-0.007798282546851714,-0.0007137520567106426,-3.39595841462223e-05,-16.06999969482422,-0.6648737957839626,0.008564845379311322,0.005254691925929085,0.003947371811862794,-0.006511652123965894,-0.0005560818379528913,-1.4633156158539804e-05,-0.28999996185302734,-0.10545453158291904,0.001940949148964882,0.0002121629040764693,8.034139073125713e-05,-0.0015151262545758436,-0.00014220068490123028,-8.604954041199399e-06,-69.53000259399414,-0.7761777313325549,0.03557218798091951,0.019006907568972758,0.014673894399835095,-0.06267071395692474,-0.005720658971136268,-1.3999938964845003e-07,-39.88000011444092,-0.7363367840989106,0.019300818259454254,0.010425640541213423,0.007927556316632766,-0.027467523257706922,-0.0025060540787156375,-5.999755859375e-05,-68.94000339508057,-0.8202260665312227,0.033332773932204365,0.01506813135034673,0.011776446547680085,-0.05556363343954564,-0.004567440621037136,0.0,-3.5900001525878906,-0.37473905857810147,0.0025839221423419293,0.0007139024754049384,0.0004358529786489888,-0.002809726093679636,-0.00017986090961701496,-5.98387659793189e-08
4,GMe,Methane,100,1,-25.34000015258789,-0.6693079699966911,0.012987324822629504,0.00867091107323028,0.006504193964898282,-0.01560635271097555,-0.0014841769582495227,-0.00013156770587691898,-11.769999504089355,-0.5479515714581787,0.0074753200080710045,0.004317835537234993,0.0032074396994638222,-0.006841003734013185,-0.0005573060362710252,-3.9450109481085266e-05,-15.97999906539917,-0.6714285536831304,0.008175822515735159,0.005158951636262492,0.0038310665133906266,-0.006392389291512262,-0.0006465513787985389,-3.9147061077597864e-05,-0.28999996185302734,-0.10661763191274722,0.0018555737758243487,0.0002249051223031519,7.563644077110033e-05,-0.0010578895196845068,-0.00010345335114869993,-9.999990463256835e-06,-64.4900016784668,-0.7715960787943549,0.03307297798540697,0.01754907804686668,0.01364820030857657,-0.051774808876323804,-0.0048002102982363645,-0.00012606536891385798,-40.39999961853027,-0.7459379566534596,0.01814141903023688,0.010458267249848255,0.00838192098350752,-0.02966058322681868,-0.002838086401359906,-3.0888803786866946e-05,-67.75000190734863,-0.8197217260320937,0.029963711168562855,0.015395203879584738,0.012151304629650798,-0.06439892677828865,-0.005904656222445997,-0.00011000788022025532,-3.0300002098083496,-0.336293022512429,0.0021940989967448783,0.00057707424329901,0.00034643428457655477,-0.0022275059200621275,-0.000167070805697514,-1.9970487067713514e-08
4,GMe,Methane,100,2,-26.869998931884766,-0.6809427155424845,0.015532584445307227,0.009282107836555586,0.007013914940369872,-0.017126983330345912,-0.0015279234513010636,-0.00010388635978507318,-11.609999656677246,-0.5486767363137368,0.00709776505701366,0.004364432289915698,0.0032207172948603207,-0.00806478464643284,-0.0008718608193651849,-6.117866185383929e-05,-16.470000743865967,-0.6783360905308705,0.008757934408219597,0.005325810680992493,0.004051915876111619,-0.0062195349550440305,-0.0005332792693257711,-2.9998779296875e-05,-0.2999999523162842,-0.10909089175137607,0.0016111555749616629,0.00024331340583255793,8.020594603275514e-05,-0.0013923612593609038,-0.00013130736924778921,-8.231828718442868e-06,-70.8900032043457,-0.7856588780554252,0.04083544047270315,0.019403502622915157,0.014691817251920744,-0.0542983589284369,-0.004729356346332553,0.0,-40.69000053405762,-0.7475656863112011,0.01847733067847421,0.010296300782632248,0.008300255069704231,-0.03283880528865137,-0.003038314538894856,0.0,-69.70000171661377,-0.8265148844209631,0.030281689600607172,0.014900649804658755,0.011823713731501168,-0.06646089117310233,-0.005134260996274082,0.0,-3.5199999809265137,-0.3689727458073068,0.00278760375753318,0.0007707205652765436,0.0004442220546117259,-0.0027990418781252842,-0.00023419056171592543,-1.9949605226704834e-08
5,GCO,CO,10,1,-0.779998779296875,-0.019686996474630385,0.017809071222459835,0.001901459871557581,0.0003272102818356872,-0.017435400819624587,-0.0017528265559920608,-0.0002337174261693696,-0.4399986267089844,-0.018174252100289515,0.00648135878987067,0.0007729368590837712,0.00013798149400107306,-0.007750498465081157,-0.0007568792003215496,-9.092542518419544e-05,-2.0999984741210938,-0.08248226824964124,0.005171870123579443,0.0010462328447126145,0.0005230328979991866,-0.004858804048447371,-0.0005413143897283735,-0.00011540964711641825,-1.3699989318847656,-0.06375053264197787,0.003890542282330739,0.0005489999697790065,0.00018815560314634116,-0.005353694016306197,-0.0004878721938233467,-1.5033514790031246e-05,-3.44000244140625,-0.03207461483828671,0.08477146761664633,0.008426637189006367,0.0010520712747441492,-0.06889102959594579,-0.00663032793266673,-0.0008608493944918284,-1.5499992370605469,-0.025726128415942687,0.031242223959444204,0.0032080257742406523,0.00034440063935445276,-0.030946383707083348,-0.0031071533184374896,-0.00034475678693241256,-6.370002746582031,-0.1158392899099769,0.024571712837855024,0.004068946821494803,0.0014594744605173884,-0.02699033631412709,-0.0024196469410402563,-0.00024738759028221195,-2.299999237060547,-0.0932306132933772,0.007802734430769959,0.000989599999899312,0.00019475000987416094,-0.007822646476764646,-0.0006504118983884711,-5.7759636852259026e-06
5,GCO,CO,10,2,-0.7000007629394531,-0.017703610185415122,0.019826613181026527,0.00186147986431116,0.0002616281922111755,-0.017989470187744102,-0.00181355707761497,-0.0003062519954468373,-0.4099998474121094,-0.017012441532048877,0.00879967647554879,0.0009404608249156655,0.00013063664222001312,-0.008894138395947016,-0.0007904005460014341,-0.00010521108303947165,-1.4200000762939453,-0.055081459987296674,0.0072480646324451364,0.0010284139345820842,0.00034465737637006733,-0.007713437191010227,-0.0007841548905738419,-0.00013006406091480206,0.18999862670898438,0.007770904735388735,0.0056523766153842225,0.0005117694533911316,5.1812642724619957e-05,-0.0068708913408522115,-0.0006868937264941622,-7.179813950950108e-05,-2.6200027465820312,-0.024329117719238288,0.08559867996701404,0.008403179042325603,0.0008946453076670788,-0.08792753120811346,-0.008681333758727833,-0.0011577863821785434,-1.4900016784667969,-0.02382477864813816,0.03769693638872818,0.003770403180484216,0.0005821608067978089,-0.039146441991782126,-0.003729923519309661,-0.00038924719584286055,-3.9099998474121094,-0.0716248367188684,0.028697284887343064,0.003528171472942929,0.001024648614229386,-0.0276771022766094,-0.0031537428596762973,-0.00043447487189578454,-0.75,-0.015534383159960027,0.023877047805016215,0.002193679331844982,0.0002207562633770248,-0.02280202622843206,-0.0021956407521513646,-0.00021861537993259883
5,GCO,CO,20,1,-0.8800010681152344,-0.021728421434944058,0.024621165329932856,0.0025058832491694676,0.00034935848630565723,-0.01959702223370249,-0.0020143983639858095,-0.0002958956854283483,-0.3600006103515625,-0.015056487354621503,0.007364651594691537,0.0007802115439483707,0.00018322506074288421,-0.007812920497506544,-0.0008369710874582376,-0.00010840684987152922,-2.9099998474121094,-0.11123852692606122,0.006560284204288379,0.001349383873653208,0.0007714788024463829,-0.007458346216929628,-0.0008433875720782263,-0.00010717770057957827,-1.7299995422363281,-0.09371612286218858,0.0031858323374038093,0.0006512838569064574,0.00033717758069679997,-0.00426658615721427,-0.00037825067876515043,-3.0018779754638675e-05,-3.5699996948242188,-0.03260273693903396,0.08086761839524033,0.008465194894751091,0.0013366199663433112,-0.08722504532609611,-0.008558394502241527,-0.0010092757420121737,-1.1199989318847656,-0.019822989944863107,0.03652509555688965,0.0036727263263916384,0.0006003021205258777,-0.0429672194527033,-0.004479370472657597,-0.00045760972255155856,-8.65999984741211,-0.15322009513930496,0.026885816916427812,0.0048958881119693,0.0020911281082772824,-0.03809338631756894,-0.0037192549069216987,-0.00036580131570110893,-2.190000534057617,-0.11986866333804586,0.003432040817421192,0.000645052605249176,0.00029035944787092027,-0.003842628743377527,-0.0002442885396569706,-2.2821592526700072e-07
5,GCO,CO,20,2,-0.6700019836425781,-0.01620711130066689,0.022822295747800078,0.0019483786925178648,0.0003620773314211387,-0.0215684763999242,-0.002318828397598404,-0.0002980321913633279,-0.5799999237060547,-0.023107566330327397,0.009417449635626653,0.0009349162915617979,0.00024481660908196533,-0.010244658469659221,-0.001025919342790034,-0.00015713484358146658,-1.9099998474121094,-0.0710301186599276,0.006669690532841185,0.0011699730224138684,0.0005002849102296497,-0.007335078353282142,-0.0007490131313712099,-0.00015050541390715963,0.0800018310546875,0.003338974712504597,0.0046658668320967095,0.0004656146969576768,4.301259736555528e-05,-0.007422888968113652,-0.0007834932133301138,-8.885353468465565e-05,-2.8199996948242188,-0.025106834958032558,0.09274892379083984,0.009005527452377845,0.001114211138016178,-0.08586267718102224,-0.009005809616717294,-0.0012118638141450527,-1.8899955749511719,-0.029489712637630287,0.03606522462411052,0.004271330492408911,0.0007446062171068935,-0.043351552583134306,-0.0044652267383036405,-0.0005115975189151418,-5.279998779296875,-0.09295772623623225,0.027517971451790944,0.00391286490124631,0.0012718139436421162,-0.030384525658351022,-0.002913488367888968,-0.0003902718786008598,-0.7399978637695312,-0.015464950624183347,0.02285786723541741,0.002238264366265259,0.00021880265987105524,-0.02207111532835946,-0.002122550186842094,-0.00020277897463427127
5,GCO,CO,30,1,-1.25,-0.03142282650472455,0.02086130879258344,0.0019816849245418624,0.0004605352155492993,-0.01908785864377987,-0.0017649418216891582,-0.0003399675380768222,-0.5899982452392578,-0.024370023442820347,0.008223952702412739,0.0009361406982563687,0.00023855477095051223,-0.008587401239271604,-0.0009910069650068767,-0.00014069903093369876,-3.8299999237060547,-0.14949257604398486,0.004991995341938137,0.001885404056179349,0.0010252294502944724,-0.0057699235476851626,-0.0007088913773876549,-0.00011429009833606774,-3.940000534057617,-0.19191429139213498,0.0037458874273505385,0.0009229397700914578,0.000517675873991485,-0.0033198395681938156,-0.00028280128218582446,-1.196234172004887e-07,-5.0800018310546875,-0.047365984438738344,0.07774609103854815,0.00758410506907357,0.0017436551409934146,-0.07972041136621344,-0.008215431646509721,-0.0008403830230163946,-1.8299980163574219,-0.03061221234067991,0.04629975618611848,0.004147274514366478,0.0006855232609103577,-0.0326894228334009,-0.0034559101719135437,-0.0004699075561964356,-11.209999084472656,-0.20285920059654522,0.024873307249132223,0.004892475020341347,0.00269861201964759,-0.0355040146334078,-0.0032175997969227507,-0.00033869346567523827,-6.739998817443848,-0.2967855169158566,0.004095381055068078,0.0008029897960747155,0.00040189475951908025,-0.005933438283874074,-0.000283624719906525,0.0
5,GCO,CO,30,2,-1.4099998474121094,-0.035232379592304,0.01960358589935281,0.002034576671478234,0.0005863107774302039,-0.026114785271715114,-0.002431783875854347,-0.00024214887130312695,-0.9300003051757812,-0.03805238481397771,0.007270880302453948,0.001106801173019404,0.00034273182419222075,-0.009111476064634902,-0.0009251615899704609,-0.00010529734463497013,-2.720001220703125,-0.10413480602257726,0.0061788500261860824,0.0015474283419091655,0.000805265950300678,-0.00826659243881809,-0.0008047140462050632,-7.995992469787598e-05,0.1100006103515625,0.004526774230667372,0.004829147864673043,0.0005257278308944163,9.87641723682312e-05,-0.006401778349316632,-0.0006166544802394639,-6.170484728061292e-05,-6.05999755859375,-0.05557591257990171,0.08642066847587962,0.009270615657765248,0.002461717435667142,-0.07886176991297075,-0.008001514006049038,-0.0008238289241076653,-3.509998321533203,-0.054912365802264516,0.03648732698084062,0.004696026776581659,0.001212926865855744,-0.043902995300162284,-0.004038790682309071,-0.00040657671577081037,-7.5,-0.13572204538192087,0.02470120412282589,0.004929640978801608,0.0019747144590625283,-0.028194250248234187,-0.002702585051555843,-0.00026460022577059073,-1.4899978637695312,-0.03079144208644629,0.023609471190176902,0.002199014396404862,0.00033474010858451707,-0.029689795188032282,-0.0026634178604527754,-0.0002244256116733064
5,GCO,CO,40,1,-1.4300003051757812,-0.03660098071014881,0.02228948391773225,0.0024428025578712605,0.00043761481041848564,-0.021513586075168786,-0.0020430537055442007,-0.0002773666029407066,-0.6500015258789062,-0.027139937585502177,0.006973204076333215,0.0006792207733300903,0.00019478406284709627,-0.009160149234282084,-0.000978471148237949,-0.0001348429899656235,-4.229999542236328,-0.16825774243964614,0.004729882886149711,0.001799694347002038,0.0010713302874716247,-0.0059399046652231936,-0.0006426042980728272,-0.00011290989041404663,-4.810001373291016,-0.22688684906557013,0.003601652918858168,0.0009726045912476946,0.0005662018649232328,-0.0042471233270296145,-0.0003911525337915808,-3.0000686645508434e-08,-5.709999084472656,-0.054123214070830865,0.0803408771438243,0.00778649228869924,0.0016250175433709267,-0.08218754056616583,-0.008369813780709291,-0.0010208503846758355,-2.0999984741210938,-0.035317835628246516,0.03232493792986966,0.003521651229612767,0.0006934629282338546,-0.035776984534231775,-0.003673049758576948,-0.00046922012059733546,-12.129997253417969,-0.22384199226459062,0.024000942834686664,0.0058502912950132765,0.002761284649759602,-0.030758956641262186,-0.0030970129707306626,-0.0003983161897071093,-8.910000801086426,-0.3656134794522521,0.003914731530082761,0.0008372274315833082,0.00042754855466478625,-0.0056080171892292936,-0.00031089260219995484,-2.6822866854392353e-07
5,GCO,CO,40,2,-1.4399986267089844,-0.036641187141577394,0.020094413600084366,0.002376486422531006,0.0004775783976528205,-0.019019245480430668,-0.001919152094439585,-0.00023239079603504375,-0.8999996185302734,-0.03751561596985896,0.006730606403735521,0.000980189702871143,0.0002711309963450918,-0.008368191752464317,-0.000899442908896559,-0.0001062633057929608,-2.9300003051757812,-0.11418551530004319,0.006681052961074326,0.0014716021524299953,0.0008168546111937043,-0.005805857759174851,-0.0006264477169910874,-7.059996975589866e-05,-0.2700004577636719,-0.010971168267671767,0.0064963244154410595,0.0006701904693582731,0.00010379692374546168,-0.006891881458703385,-0.0006980152169402637,-5.59579626515396e-05,-5.930000305175781,-0.05506546727401435,0.07545937907374732,0.007975024375194194,0.0019673898251500767,-0.08245063792093321,-0.008233789144384064,-0.0008346306497650308,-2.9300003051757812,-0.046723016232689846,0.03888279346425234,0.004454907684802383,0.001081585328167774,-0.04462938705833435,-0.0045335661485934285,-0.0004457916065426946,-7.75,-0.14233241306536248,0.02848022284591241,0.0049678744844378776,0.0019275579868317314,-0.027543690402721498,-0.0028117101011476677,-0.00024305916700094617,-2.509998321533203,-0.051752542712024806,0.022503851398206164,0.0026577252568974904,0.0003966808066412273,-0.02086522227494942,-0.002030891530233547,-0.00010763446029671549
5,GCO,CO,50,1,-1.7399978637695312,-0.04427475566281143,0.019719135986845538,0.0022525315458563322,0.0006529994480605355,-0.01758502546317888,-0.0017478169412355937,-0.00023174051304740483,-0.8299999237060547,-0.034655528069560966,0.007689015954766233,0.0009643161771632537,0.00028151369878477034,-0.008245054655552914,-0.0008240123773416472,-0.0001036303839854722,-4.710000991821289,-0.18587217693210126,0.006404414937673263,0.002350618078055711,0.0013195433955087374,-0.0063301198673113125,-0.0006724706499421316,-7.869102161709227e-05,-5.170001029968262,-0.2467780831356337,0.003999900817871094,0.0010561416784470594,0.0006279032994230135,-0.0056172651231701535,-0.0003654419008176855,-1.9888935476409237e-07,-7.350006103515625,-0.06909848560431481,0.07799847437874104,0.00839860653767732,0.0024716950930764444,-0.08693991647627834,-0.009104762518763035,-0.0009451328288661141,-2.700000762939453,-0.045286830112563,0.03310027692946287,0.0036451161647755616,0.0009328060451315945,-0.040616669680418965,-0.0037452089823909835,-0.0004294939480222863,-13.35000228881836,-0.24396933463092527,0.020662909543491165,0.005805514961305493,0.0033187135399530667,-0.03450288589026791,-0.002905284266003674,-0.00028142732021244375,-8.739998817443848,-0.3738237438481274,0.0035471029230641337,0.0009117416721671776,0.0004567554997663578,-0.004618607500976539,-0.00013594399384997695,-5.96598375707896e-08
5,GCO,CO,50,2,-1.6399993896484375,-0.04106157851872645,0.020639292582612285,0.0023057335321516655,0.0005795797465739318,-0.022725728610648515,-0.0023271681159815426,-0.0002864333111919431,-0.9899997711181641,-0.04064038367459944,0.007212819203827277,0.0010073870281030164,0.0003492109204304251,-0.008627719836748201,-0.0009368453944329744,-0.0001233914994672166,-3.3400001525878906,-0.12811661648200917,0.0052694026876752564,0.0017699064418812095,0.0009229475628330938,-0.007214677464081605,-0.000819814655562822,-9.783408375459665e-05,-0.2700004577636719,-0.010971168267671767,0.0052920078967134505,0.000571713851853608,0.00010526332025500517,-0.007494023424509317,-0.0007291535272166829,-7.499373249730984e-05,-6.870002746582031,-0.06300442671404766,0.06494428075421314,0.008519331996381305,0.0023338254652224073,-0.08924331893064184,-0.008927431955887117,-0.0009969251834243248,-3.479999542236328,-0.05474279627092188,0.03765617665054059,0.0041648571199168405,0.0011982071385027067,-0.04809825451561449,-0.004842759229789327,-0.0006325745922951745,-9.069999694824219,-0.16413318802599214,0.02567880563902694,0.004824782464194753,0.002288877291703526,-0.02680913056786612,-0.002630622680931503,-0.00026867572652067995,-2.740001678466797,-0.056113077528582495,0.022004192206754362,0.001980849648715837,0.0003611255640751092,-0.021614478387258683,-0.002137459009497517,-0.00013497000747421752
5,GCO,CO,60,1,-1.6999969482421875,-0.042734967330540365,0.020993278597514382,0.0023813168509894843,0.000685133320163588,-0.020165923859770687,-0.002102329196393176,-0.00025210278791459,-0.8799991607666016,-0.036348582984086046,0.0074148751416363,0.0009384974759931784,0.00029003312885349177,-0.006980430834622236,-0.000741395418849423,-9.168310206568348e-05,-5.3899993896484375,-0.21005453708886268,0.005491263385899455,0.002558941061664117,0.0015142257058770548,-0.0052703628173772585,-0.0006142140175188517,-8.211197035475702e-05,-6.070000648498535,-0.2996051618916266,0.0033898416451110603,0.0011238699378162225,0.0007034472264582596,-0.0031575855543791624,-0.00024782847152311435,-5.98615898918024e-08,-7.069999694824219,-0.06592074307528409,0.07199751909928406,0.007806886285541226,0.0026215012533237327,-0.08298400397268821,-0.008516200858445759,-0.0007750429623313779,-2.5400009155273438,-0.042717809529711846,0.03410484727252313,0.003926115803249384,0.001015817262859941,-0.03039466590622454,-0.0031882521038807577,-0.000317551801133153,-15.35000228881836,-0.2770758459572955,0.023650498986339957,0.007075625163948465,0.003796822518747295,-0.027217541142714952,-0.00250942839120997,-0.00024694831481994874,-9.430000305175781,-0.4298085722713418,0.003704303769274849,0.0009461666787174208,0.0005060205373987133,-0.004622836841713511,-0.00023296300049895134,-1.999950408935547e-05
5,GCO,CO,60,2,-2.020000457763672,-0.04916039061237264,0.017936347690125642,0.002039842520615405,0.0005390495109942883,-0.019267563880249777,-0.0019126335193471369,-0.0002643337837036897,-1.289999008178711,-0.05147641802354685,0.007999992370605469,0.0010845845202337172,0.00038843672625282603,-0.007287247676782217,-0.0007656535590575912,-0.00011705012115597493,-3.8400001525878906,-0.14398200755916518,0.005158996974013241,0.0018331415990265928,0.0009529130591870083,-0.007645892470925433,-0.0006514397763091174,-0.00011372600929561467,0.14999961853027344,0.006318433865899249,0.005383603607469965,0.0005072853781244593,4.728505474859466e-05,-0.004550473103067883,-0.00043991605887795454,-5.8748684506788816e-05,-9.200004577636719,-0.0826075635337009,0.08383288215733554,0.009422011970309592,0.0025344548881902516,-0.07909196380260704,-0.008787630664087833,-0.0009949041694303333,-4.80999755859375,-0.07484048249304932,0.04258688257425067,0.0058139903018992346,0.0013920079322516034,-0.04006490826186557,-0.004751222400519107,-0.0005042466119279971,-10.790000915527344,-0.1913799345709741,0.028349386215114354,0.0058246185253304095,0.0024853050375950943,-0.03242178252847513,-0.0028502699916134098,-0.0003057612020610302,-1.9599990844726562,-0.04096131968599101,0.02175949754584544,0.0021826366862493737,0.00035032784550834085,-0.025238506627116776,-0.0025873922393034065,-0.00024384474731330727
5,GCO,CO,70,1,-1.7999992370605469,-0.044709371885338876,0.020824990776536892,0.002540544190505165,0.0005901616617803097,-0.02261767471328436,-0.0020960347262976523,-0.00021307304636117714,-0.8500003814697266,-0.035153034356570384,0.007145513694644255,0.0008397346999457171,0.0003059515428358713,-0.0074296117112162795,-0.0007667841134695189,-7.204887046798521e-05,-5.659999847412109,-0.21777606376518255,0.00848309051363615,0.002349997128709324,0.0014442122339251044,-0.0078435064023555,-0.0007462516255786161,-0.00010232568267984818,-5.809999465942383,-0.29210656833735965,0.003456740952773007,0.001085770227495545,0.0007132556169298738,-0.0042725153572826195,-0.0003188309547482079,-1.194604937413817e-07,-7.629997253417969,-0.07026427397304931,0.08384250848448899,0.008204608658629103,0.002278736479630201,-0.07576873143567037,-0.006941186792513967,-0.000898252280677379,-2.470001220703125,-0.04229454034532154,0.03815785108281428,0.004451890945087767,0.0010858622096487649,-0.03481452011095985,-0.0036639255297753145,-0.0003593755658556296,-15.959999084472656,-0.28454268213683165,0.02224486435484296,0.006476457209313068,0.0036370297327360393,-0.035771562724048724,-0.0037223802357041497,-0.0003039925326639607,-9.520000457763672,-0.43194192660204295,0.0030660050390274984,0.0008666611664507623,0.0005444217845864735,-0.00420263967924499,-0.00020002448272705078,-2.0000476810455324e-05
5,GCO,CO,70,2,-1.80999755859375,-0.04605591841556304,0.01688995357450623,0.0022995136975112788,0.0006951609802801032,-0.019951195967012513,-0.0017179472019712718,-0.00023862296759905754,-1.1100006103515625,-0.04626930474955256,0.007099588093351457,0.0010380005155872303,0.0004212810781154812,-0.00889198162623847,-0.0009687723436908446,-9.914316454973478e-05,-3.760000228881836,-0.1467603476079489,0.005450795235057149,0.001917836220523322,0.001100180722335275,-0.007708458374521354,-0.0008265643213712814,-0.00010750028691847753,-0.45999908447265625,-0.018721981692558065,0.0055842139257892415,0.0006042433704213435,0.00011478697823609805,-0.006595996868040155,-0.0006176754175889736,-4.380062395646689e-05,-7.459999084472656,-0.06955710102072407,0.0866901010723152,0.010018302299160831,0.0030056159730919123,-0.08562794290221552,-0.008539390548720903,-0.0007825569353783194,-3.8400001525878906,-0.061400705090723796,0.03576798065223645,0.004814682780089255,0.001388032700912426,-0.04220561321920738,-0.004001627878355405,-0.0004497630755925663,-9.989997863769531,-0.18391012370939702,0.025387576005420243,0.005067835177370547,0.0027490883847214897,-0.028102472918688625,-0.0026588182476519817,-0.00018253189883215556,-3.9099998474121094,-0.08025451045659232,0.020826429169759318,0.002053436388903752,0.0004279491040344027,-0.021305364074746733,-0.0020502119211714565,-8.08021205696229e-05
5,GCO,CO,80,1,-2.009998321533203,-0.05144607978585362,0.0179081985578028,0.0024195576967784094,0.0007643363652918965,-0.0202123637093007,-0.0021030057232197187,-0.00021672175328770163,-1.0,-0.04194630845635492,0.007840346810452422,0.0009145985515410179,0.00034577656308209647,-0.009408676143934131,-0.000997640645787556,-0.00010833298137991016,-5.44999885559082,-0.2167859581506153,0.007710071599816019,0.0024849449358283057,0.0015219161612152338,-0.005698395021953502,-0.0005518313681812015,-8.361536769863562e-05,-5.909999847412109,-0.27707453673470317,0.0038912693936631495,0.00109903284354378,0.0006442942435164041,-0.003726007097813295,-0.00029087451932866486,-2.999877929687366e-08,-7.989997863769531,-0.07573457690776807,0.08319327493036459,0.008549461833292403,0.002825397194317518,-0.08437624883755908,-0.008427263710007193,-0.0007301506949255127,-3.1000022888183594,-0.05226778312324199,0.03003583122473163,0.0037797865859658785,0.0009971962020604828,-0.03183956487506865,-0.0030439770043943996,-0.0002979503329823437,-14.930000305175781,-0.2755120997145981,0.023990079768093996,0.0067802499193946,0.003651991232852799,-0.02557243846300431,-0.002529459826282363,-0.00020436603863944086,-11.109999656677246,-0.4447557990500518,0.005403172122457452,0.0009263477686163158,0.0004728846180404995,-0.004698068981220686,-0.0002213247573913217,-7.983820022026852e-08
5,GCO,CO,80,2,-1.5600013732910156,-0.03913701328157748,0.017505224235992236,0.0021625180189114254,0.0006443268319273767,-0.02181059747157941,-0.002202725183370402,-0.00024308881601994327,-1.1300010681152344,-0.04638756321028377,0.007938589834075454,0.0011817263895640912,0.0004453438881906881,-0.008042661910691999,-0.000825806888639467,-0.0001109549853358543,-3.799999237060547,-0.14621005273279616,0.006635282710915647,0.0019286375368823053,0.0011095430054553193,-0.007919728638290453,-0.0007787459003537188,-9.929141468791754e-05,0.18000030517578125,0.007556687971532301,0.004624034928228773,0.0005110243180450752,7.758463679086842e-05,-0.006258843012358223,-0.0006101110655006917,-5.446348133854771e-05,-7.629997253417969,-0.07026427397304931,0.08160141436108415,0.00875107405967494,0.0027422904096583746,-0.07026728877297835,-0.0074454908305706426,-0.0008942368766487593,-3.950000762939453,-0.06213624008025686,0.03572257303377684,0.004222672830709906,0.0015048568086382657,-0.03835653064911752,-0.004227599750909437,-0.000529212662851912,-10.520000457763672,-0.1908216987836769,0.024472760381476062,0.005439245339748976,0.0027733939846182813,-0.04109151391829104,-0.003946974368418605,-0.0003288189819802593,-2.270000457763672,-0.04733111970593424,0.02026563690612971,0.0021900462933378503,0.0003829801503837681,-0.021723278972536765,-0.0021378761542311707,-0.0001549701086650981
5,GCO,CO,90,1,-1.8199996948242188,-0.046216344475871945,0.02095996718261009,0.0026973442244415985,0.0008540155477094565,-0.017830573165913303,-0.0018896890558985663,-0.0002446705460363551,-0.9800014495849609,-0.040782414547727804,0.007125136686282673,0.0010259258860826513,0.000385101087904868,-0.007817468766218767,-0.0008602421671163532,-0.00012071473426359934,-5.760000228881836,-0.22730861066287666,0.0061649452272309144,0.002706923126443538,0.0016816234855545,-0.0051098328931656325,-0.0005673562546323573,-9.929588907563953e-05,-6.699999809265137,-0.32072762111161995,0.003412968314535088,0.0011855670269490365,0.0007507079825500513,-0.0036457579303269625,-0.00023844089697658174,-1.7926593990147464e-07,-8.110000610351562,-0.07624330545213001,0.07960307022091626,0.01025729138044798,0.0030818773042134884,-0.08215964397061097,-0.00850534331464898,-0.001099967803615697,-2.6800003051757812,-0.04507232335083629,0.031618565777210624,0.004231757830643635,0.0011728098680508,-0.03839727320416796,-0.003631809190433194,-0.0003909274496826864,-16.080001831054688,-0.2938596760295918,0.02292209223387536,0.006851641633047862,0.004129858330054795,-0.028855343018556332,-0.002731011822274844,-0.0003042767565841976,-11.9399995803833,-0.49237111671683714,0.004029582798034991,0.0010352134360688372,0.0005397361434724775,-0.0036987735821318287,-0.00011097643101298164,-1.0000228881835938e-05
5,GCO,CO,90,2,-2.289997100830078,-0.0575665452765646,0.01984768412066429,0.0022076457151795977,0.0007904825282802542,-0.02000004753893407,-0.001696906063941911,-0.0002799237215592654,-1.3700008392333984,-0.05649487996838756,0.0068112391927449166,0.0010952669476584768,0.00046960343989791537,-0.007545977991525456,-0.0007221337317303824,-8.050178193285171e-05,-4.280000686645508,-0.1651872138885016,0.007187934788167989,0.002083938815149761,0.0012168422258018884,-0.007226173868959705,-0.0008003778010148359,-0.00010465257401195524,-0.48999977111816406,-0.019975530265065468,0.005793339751917953,0.0005575296031166268,0.00011282169021984643,-0.006716947731973524,-0.000567260672611506,-5.3667017025633487e-05,-9.189994812011719,-0.0846302156914709,0.0647121876297403,0.009862870558521707,0.00290728261653701,-0.07259890380754798,-0.0076240392391736765,-0.000881756195487697,-4.799999237060547,-0.07613004433216751,0.04799995422363282,0.004799995422363281,0.001516332298977042,-0.04790414637847459,-0.004681596826168623,-0.0005248850337696593,-11.269996643066406,-0.20546940668346106,0.022969568060463266,0.005599246520562238,0.002914995292773519,-0.027102573828785944,-0.0026827846598531727,-0.00029901094911576834,-4.0800018310546875,-0.08412374909391108,0.020335924527711664,0.0019079652952233997,0.0003886526471767679,-0.02107372568431275,-0.0020928410017574135,-0.0001315085407544419
5,GCO,CO,100,1,-2.240001678466797,-0.05597205529347385,0.017921267449932235,0.002429241201694099,0.00077848727312321,-0.018363761800335776,-0.0019173938126976202,-0.0003257316198725578,-1.0599994659423828,-0.043711318183191045,0.007597247931513054,0.0010429132151763185,0.000398357088673968,-0.007641951044916182,-0.000731696797764423,-0.00015380679119074311,-6.980001449584961,-0.2698106386992989,0.007064651350260518,0.003114208691942737,0.001886256352776628,-0.006766772936531046,-0.0006543161835522001,-0.00017129523357254286,-7.719999313354492,-0.38161144280980464,0.00324209390061035,0.0012700517650939091,0.0008148007899083243,-0.0037571172626376832,-0.0002338051218597113,-1.395838940490912e-07,-10.260002136230469,-0.09487703157147044,0.07445974901957074,0.009044413024599542,0.003308564949742626,-0.09016882097799794,-0.008897473536174703,-0.0012235688279438781,-3.240001678466797,-0.05462825161770881,0.036911243486606383,0.0038187229897176053,0.0010599456847597284,-0.037754806922315205,-0.0037079302818436716,-0.0005154596919438538,-19.35000228881836,-0.3467120912503451,0.020289473559417848,0.007844982364861842,0.004645729964935404,-0.027772563335096243,-0.0029653323275904988,-0.0004210349241781446,-11.700000762939453,-0.5253704769844605,0.002842818460879917,0.0010110505602764915,0.0005864055851240074,-0.003343486397995983,-0.00010188122807061194,-1.3946460942184437e-07
5,GCO,CO,100,2,-2.1199989318847656,-0.05118297985522938,0.017403622448724114,0.002562259819578065,0.0007264254724262898,-0.022379163308322566,-0.0023585182969517457,-0.0002738917215619826,-1.5,-0.060048039531137354,0.007427253800581058,0.0012596527542581926,0.0005018735466162206,-0.008782921260080269,-0.0009136222816382808,-0.0001005217907809001,-4.489999771118164,-0.16641956439210506,0.006897427324361117,0.002240845425641757,0.0011986034804929602,-0.007762226644409289,-0.0007584244305579918,-0.00010112293008700257,-0.2199993133544922,-0.009083374054151536,0.005160276550253039,0.000590586444264807,9.865953190209433e-05,-0.007981181814327823,-0.0007736308568961504,-7.42281993102957e-05,-9.829994201660156,-0.08713761558725712,0.07213558050793414,0.009478692839991632,0.0029587361655408354,-0.09181344489631932,-0.009135465367563407,-0.0007295172105949549,-5.219997406005859,-0.08166454248338709,0.03938136435543164,0.004634757858595741,0.0016231018036075105,-0.04873499875282842,-0.004907187389490197,-0.0004498606020418496,-11.950000762939453,-0.2098331975917371,0.02467931013775124,0.005766090409689251,0.0029258941974723996,-0.034581360494854566,-0.002985699710334811,-0.00028419752474408697,-2.3199996948242188,-0.04902788904873929,0.02125123281312708,0.0019275416329508055,0.000401792618050314,-0.02101631756987307,-0.0021948193329965637,-0.00017995168995888812
5,GEa,Ethanol,10,1,-2.229999542236328,-0.0533875872108554,0.02327634759835193,0.00280733615055035,0.0008267186185479513,-0.022244945374712013,-0.0022317870526470697,-0.0002765040070690528,0.20000076293945312,0.007855489793062404,0.008165433308109246,0.0008485415932035691,0.00011772932722964091,-0.008230960494261821,-0.000778333031095392,-0.0001034304171141111,-8.940000534057617,-0.3308660393263939,0.008290932066914388,0.003730759457099889,0.002217876427312454,-0.005772307018242129,-0.0006573084768223931,-3.894966792688604e-05,-8.029999732971191,-0.532846708399675,0.0029580356289590493,0.001082039171991051,0.0007182089075365001,-0.001955303284949307,-1.8736121693740444e-05,-1.0000228881836145e-08,-11.870002746582031,-0.10704304095875118,0.07717207193820541,0.011754944987241053,0.003773282716250815,-0.069119817496177,-0.006640090053205652,-0.0007553782571629063,0.5,0.008124796759205823,0.034573294604158644,0.003436650826230231,0.0003799891897772667,-0.05290412552239801,-0.005010894627668631,-0.0005149047802996382,-24.25,-0.4279915295677078,0.02390746169978687,0.009135225799601457,0.005618290915542398,-0.032147116208991106,-0.002978751031977777,-0.00012906598394255982,-7.599999904632568,-0.5680119461605949,0.0022214351099995346,0.0007831395019994894,0.0005330351114851618,-0.0021203575323332727,-5.430529930615103e-06,0.0
5,GEa,Ethanol,10,2,-2.19000244140625,-0.05538701038689751,0.017133322501904896,0.002119180249932022,0.0006431988568469275,-0.021087285637408155,-0.0020792118418542158,-0.00024873880439533244,0.1900005340576172,0.007969821008452978,0.00918719576687829,0.0008198377135967701,0.0001362024821091231,-0.009412887856386878,-0.0010654790448281863,-0.000135066230316578,-8.280000686645508,-0.324705909280216,0.006400764387420492,0.003107861955933257,0.0018162225831415146,-0.0072669694188888,-0.0006591766237776498,-0.00010413722090578924,-6.619998931884766,-0.41246101224719905,0.0026371939837909605,0.0009736792558579678,0.0006850240820544379,-0.0027534421950991942,-0.00014109150604629377,-7.985815974534603e-08,-12.099998474121094,-0.11189197838371127,0.05833531982506625,0.01013585935404131,0.003328606487885637,-0.07783394971789874,-0.007972102479252716,-0.0009474573436808712,0.5,0.008059316451023138,0.036063992717424526,0.0035833799893080845,0.00040561264111646283,-0.04086808945649739,-0.004133169637464773,-0.00048046836596483776,-21.790000915527344,-0.4011414034967965,0.022996044038454226,0.008171170530315307,0.00458729236162162,-0.032716452239737945,-0.003039027759757497,-0.00018986369509978258,-11.700000286102295,-0.5948144504688131,0.0027269818523629535,0.001008855858857868,0.000739285760842872,-0.002986433857451576,-9.999275207519532e-05,-9.99927520751953e-06
5,GEa,Ethanol,20,1,-3.779998779296875,-0.09126023530659963,0.018532949491802987,0.003158848600566249,0.0013498452544188114,-0.01980704102326146,-0.002098761406554128,-0.00022262861193399566,-0.1999988555908203,-0.007905093344740233,0.008186136637941242,0.0008037266472012649,0.0001392528323394889,-0.008305391851880421,-0.0008890459368057589,-0.00011776432761649146,-11.4399995803833,-0.4268656681364164,0.010653395146403209,0.004826453857240207,0.0031324282730050947,-0.0063561368377755495,-0.0006826247542113847,-7.202565926109647e-05,-10.519999504089355,-0.6481823660384286,0.0027001802331972358,0.0010888176865882142,0.0007619456164141881,-0.0019285851484744003,-1.9900455474853657e-06,-1.9990457534789735e-08,-18.76000213623047,-0.17060751448186898,0.06742167544851976,0.012239489620834897,0.006409723923781688,-0.08286598076773084,-0.008189069226934218,-0.0007433254303762111,0.5,0.008124796759205823,0.03703045969407545,0.0037244359291948898,0.0005029723756078356,-0.03702763014070675,-0.003936250566150818,-0.00042744995550612403,-30.899999618530273,-0.5467091183345134,0.02446250543416872,0.010959526618102408,0.007368909070193433,-0.029917561377285275,-0.0026466607382850853,-0.0001797888857491511,-10.429999828338623,-0.6921035195455777,0.0019047150283181603,0.0008329675270810565,0.0005908903817342819,-0.002353477653215544,0.0,0.0
5,GEa,Ethanol,20,2,-3.4099998474121094,-0.08710088670515208,0.014287673023233789,0.002692537624880062,0.0010959897593621744,-0.019864770699163852,-0.0019475299504828879,-0.0002659766165362392,0.10999870300292969,0.004643254559863412,0.0078096068190949336,0.000793345664964278,9.088985793218595e-05,-0.009548736863284885,-0.0009773668032880013,-0.00011763029334705628,-9.619998931884766,-0.3826570869307922,0.006835313084260272,0.004109492575933929,0.0025123241403017314,-0.005056139553901048,-0.00059349912663226,-7.869424148296722e-05,-8.069999694824219,-0.5156549451457488,0.002576837714116816,0.0010003460249848426,0.0006463872942232339,-0.002368880623612499,-0.00010000228881835937,-1.0000228881835938e-05,-17.540000915527344,-0.1642168459549422,0.06326073521053617,0.011515711613109717,0.005426615634813556,-0.08340608582141912,-0.008723242147848939,-0.0008888931410316709,-0.48999786376953125,-0.007919797514607849,0.03718638875504302,0.0038500902957245256,0.00045574259695180334,-0.043483988426256885,-0.004294735461440297,-0.0004400131202927104,-25.399999618530273,-0.47681620800189856,0.01902446549339705,0.009499565254382428,0.006082744994450761,-0.023429453447946298,-0.0024005529989864546,-0.00014775311365062876,-12.619999885559082,-0.6705632353984453,0.0021387772308313004,0.001011124989772723,0.0007070548323403967,-0.002936450738032142,-1.9801453208923416e-06,-1.9980467306137398e-08
5,GEa,Ethanol,30,1,-4.599998474121094,-0.11403070046408997,0.017432814052192797,0.003916402806045043,0.0015498284772041129,-0.0192542584302872,-0.0019494545489611046,-0.00017845106140867466,-0.22999954223632812,-0.009307954300202946,0.007696429606436267,0.00076414573761791,9.771881434843042e-05,-0.008288967993104183,-0.0008403388528031975,-0.00010889760947602343,-12.519999504089355,-0.4832110991054233,0.012975180872333562,0.005638200485567049,0.0032610830979881984,-0.005405128918731631,-0.00043088478956939167,-3.0000686645507814e-05,-10.070000171661377,-0.6744809086286764,0.002579284047304882,0.0011369824704162018,0.0007550168499953786,-0.0019286034366842553,-9.999752044677735e-05,-9.999752044677734e-06,-22.959999084472656,-0.21320455533432744,0.05111262043900218,0.015279217921220799,0.0073522394167450916,-0.0877857332999524,-0.008579880544414423,-0.0007318482689930298,-0.6399993896484375,-0.01056627691717037,0.04351464688897431,0.003837714486270519,0.0003853267258847605,-0.04152510214054793,-0.003919977502203621,-0.0004128613405511455,-33.07999801635742,-0.603099342508915,0.025047402379727503,0.012155317187740475,0.007657152029318483,-0.030996550900504675,-0.0024584224153287406,-1.7778242809057235e-05,-9.149999856948853,-0.6974085317653144,0.0021265278380477874,0.0008910392722497057,0.0005838723711580883,-0.0019047945079281815,-1.9605473959784545e-06,-1.9959565039699996e-08
5,GEa,Ethanol,30,2,-4.979999542236328,-0.12798765257686184,0.01594054014767742,0.004085772787635714,0.000855624274367211,-0.01705101344930811,-0.002305889024597681,-0.00045605039150907174,-2.0,-0.08507018207269164,0.009654816582709967,0.001125665860499341,9.775338950411705e-05,-0.007718469009717741,-0.0012764783126149686,-0.0003356871619431944,-11.179999351501465,-0.4475580286780333,0.008040742396842666,0.004551512394870922,0.0025536231555881583,-0.005077237870482065,-0.0008003287260733797,-0.00014661802640291504,-8.990000247955322,-0.5737077347916334,0.0019815960965480998,0.0009825055628873852,0.0006504192972866926,-0.00252791180903363,-8.504327896029341e-05,-7.979169906922136e-08,-22.62999725341797,-0.21363161699445646,0.05343904840650342,0.01466462760745971,0.005185123511189746,-0.0715131767118579,-0.007568420160717514,-0.000993200339210771,-4.170001983642578,-0.06793747004036382,0.03499551989746727,0.00329694928124425,0.0003760940000162519,-0.03614070564410564,-0.0035897857116736014,-0.000881052776657425,-28.979999542236328,-0.5479296630112697,0.018606080771404396,0.01035547386480063,0.006332317732573431,-0.025609829626887744,-0.0025790760082905527,-0.00028222150221080927,-13.640000820159912,-0.7167630230161746,0.0022883538225726653,0.001056271118424887,0.0007392590033235188,-0.002201444511634907,-9.99975204467779e-07,-9.999752044677452e-09
5,GEa,Ethanol,40,1,-5.760002136230469,-0.13562519356421876,0.022116874167841805,0.004492296976975697,0.0020227425396954104,-0.018335175252661977,-0.0018261600142633846,-0.00028465819084600916,-0.31999969482421875,-0.01247075981009765,0.008060049482467984,0.000768540408372117,0.00014982129879527093,-0.008154057761144048,-0.0008678361827198256,-0.00011772405156298632,-14.549999237060547,-0.5296687149892679,0.012525329905771935,0.006246499693766624,0.00387320333200452,-0.008788564788891725,-0.0008689647212340347,-0.0001141193904054992,-9.65000057220459,-0.6883024434468428,0.002818749627252471,0.0010908080156640087,0.0007213472002478733,-0.0020371477477175363,0.0,0.0,-27.68999481201172,-0.2475857986292739,0.07400054931640625,0.018778858197565005,0.00919614164219357,-0.07781177750959331,-0.007758061629910466,-0.0009917368418547166,-0.6399993896484375,-0.01056627691717037,0.03143262870528313,0.003182534652247614,0.0005138504979890839,-0.0447169889125123,-0.004107787487361443,-0.00039438553898637785,-36.89999961853027,-0.6463478633719638,0.02586105592896116,0.013220886150395204,0.00867291067271562,-0.027409997718376725,-0.0028300387570394,-0.00017250600780453052,-8.670000076293945,-0.7077551082688935,0.001886052615120303,0.0008389177921722345,0.000558472609890237,-0.0018408828877201843,0.0,0.0
5,GEa,Ethanol,40,2,-5.420001983642578,-0.13489302992723973,0.022177007625782442,0.003943443143308803,0.001856051894064869,-0.017419295096206114,-0.0019378016262485594,-0.00020739441023113139,-0.25,-0.01045587626915266,0.008728029408114076,0.0009639412465045153,0.00011047460560037986,-0.007250420271648329,-0.0007378547002297552,-9.06245412007265e-05,-12.500000953674316,-0.48487201787195977,0.007210044737806719,0.0048956597392981315,0.003258317308030628,-0.006420626894538929,-0.0005126529238439403,-4.000091552734375e-05,-8.230000019073486,-0.5808045148032194,0.0019999926094728428,0.0009782349616875778,0.0007451122592389168,-0.001985400530420481,-5.536826162592557e-05,0.0,-27.209999084472656,-0.24745361323229542,0.06692793665071353,0.017004589870019033,0.008514475766499038,-0.08137023747921399,-0.007898574962988028,-0.0008620073996186356,-0.7999992370605469,-0.013069747574354813,0.03915687007791746,0.004041192092391958,0.0004782853540426044,-0.04350706240898039,-0.0041499331705643384,-0.00047084451251558487,-32.28999900817871,-0.5886964431441786,0.020040922748140556,0.010907990698061362,0.007655726740461749,-0.027301378952534767,-0.00256494759719728,-0.00010461098298221872,-11.559999942779541,-0.7044485100712891,0.002197605531887085,0.0009939829348993158,0.0007709918572400238,-0.002199542423358836,-0.00010000228881835937,-1.0000228881835938e-05
5,GEa,Ethanol,50,1,-6.560001373291016,-0.16000003349490283,0.021091560601558874,0.004727453316187268,0.0022954575870996466,-0.02165811939578744,-0.0020605759224596423,-0.0002527796643469017,-0.2700004577636719,-0.010756990185665569,0.007627783364128917,0.0007935228080587448,0.00012379750437355823,-0.008035399338239227,-0.00088539625358845,-0.00010968571186397496,-14.899999618530273,-0.5622641365483122,0.013102749836941617,0.005911400411306876,0.003881292374403778,-0.006424809952502913,-0.0007912084450831644,-7.091898287438353e-05,-12.019999027252197,-0.7374232877215655,0.003110099336945782,0.0011371436355819026,0.0007302815903049743,-0.0018332514109897099,0.0,0.0,-31.76000213623047,-0.2912692761332124,0.07419824169489314,0.018735439220286327,0.010465291675905253,-0.09990386059567341,-0.010023109695664272,-0.0008282483849454005,-1.2900009155273438,-0.021016632340813923,0.03875225186068914,0.0035615344823521026,0.0005308462348836842,-0.036835574718957285,-0.003608516077201175,-0.00040753059212478087,-38.03000068664551,-0.6797140333881118,0.025709117342233447,0.012229212189292252,0.008655602602218466,-0.02695383978431714,-0.0024263850618666555,-8.888596735141108e-05,-11.519999742507935,-0.7685123361178419,0.002329416485541248,0.0008902199536178578,0.0005777608783564775,-0.0017079944991395524,-0.00010000228881835937,-1.0000228881835938e-05
5,GEa,Ethanol,50,2,-5.8600006103515625,-0.1491094331835377,0.015118133344028046,0.0037336114984457642,0.002022767827217673,-0.02200437627185422,-0.0021924566718836865,-0.00021588139067923575,0.10999870300292969,0.004627627298467397,0.007799251775014931,0.0008509699991639856,9.804749275639196e-05,-0.009187173775470493,-0.000972404030767565,-0.00013606745511656474,-13.069999694824219,-0.5157853045036159,0.0069257914573994505,0.004904732342657416,0.0033782736623715237,-0.005770652582885756,-0.0005123078937819088,-5.991146120313715e-08,-10.290000438690186,-0.6391304468870354,0.0022446307161996045,0.0010391829018941887,0.0007468465248148535,-0.0022593449937519223,-1.2654005212815007e-05,-6.973215530640253e-08,-29.420005798339844,-0.2731916160401906,0.07244003318231264,0.017961080616871378,0.00920821196237433,-0.08754116934772718,-0.008625451039983384,-0.0006951468438484741,0.5099983215332031,0.008199329827614323,0.04245404910452405,0.004201841394296149,0.0005500812954674807,-0.04009076675608622,-0.003954568221893603,-0.0005287443536785205,-33.459999084472656,-0.6205489655180221,0.020326602012420907,0.010927721185833045,0.00777126226872891,-0.02649438568797656,-0.0022001385257000906,-1.551061136739557e-05,-14.81999921798706,-0.7611710190365548,0.0023391431963012683,0.001030894166062851,0.0007709633411393871,-0.0020794302958920775,-0.00010000228881835937,-1.0000228881835938e-05
5,GEa,Ethanol,60,1,-7.289997100830078,-0.17419348546304045,0.01893389228457892,0.0054149544682547185,0.0026806042072511824,-0.02232575736258232,-0.002114543115569718,-0.0002070094504172901,-0.2800006866455078,-0.010963221480359388,0.008959777816729401,0.0009404926631361398,0.0001338564702992142,-0.00848029411943158,-0.00090877285572836,-0.00012034875854805272,-15.890000343322754,-0.5861305785900789,0.016104643729531277,0.00654029517622582,0.004158188577798986,-0.008916522077423102,-0.000709066014426814,-3.391175244179097e-05,-10.940000295639038,-0.734721292370215,0.0027018063050690067,0.001124591361655344,0.0007098549772587198,-0.0019340588303397431,0.0,0.0,-35.30000305175781,-0.3183335129051598,0.06482461545585164,0.02278779351355104,0.0116052435566874,-0.09698663677199659,-0.009620515549943955,-0.0010305769351345374,-1.4300003051757812,-0.02342342871492939,0.03567689986254251,0.004026690308241732,0.0005917512537345722,-0.03452520843240086,-0.003992271921703717,-0.0004093678712421138,-39.75,-0.7015531257862427,0.03193963371508923,0.0137773800619404,0.009102474275473622,-0.029125745505809653,-0.002582962714045702,-0.000146139830244573,-10.070000171661377,-0.7571428591915667,0.0020457490024970992,0.0008283631157853368,0.0005640512139433787,-0.001534958441631663,0.0,0.0
5,GEa,Ethanol,60,2,-5.80999755859375,-0.14664305187343332,0.016800427128435352,0.004211470217891547,0.0020041060329704457,-0.018444993698133714,-0.0018299335710790915,-0.00021553713470848007,0.23000144958496094,0.009663926762939158,0.008269393530443094,0.0008013231817773763,0.00011094653903853682,-0.009933171557761382,-0.0009700009394996347,-0.00011957947615480401,-13.260001182556152,-0.5191856189204198,0.007392065264169932,0.005150754043527422,0.003401804928745224,-0.006416309599473157,-0.0005551971546716979,-2.9998779296875e-05,-9.990000247955322,-0.6375239437980922,0.0019492551451465428,0.000989897798593098,0.0007509167738703285,-0.002895084930461359,-3.2584343315261255e-05,-3.992100364835744e-08,-29.81999969482422,-0.27461092826668637,0.058111778627813464,0.017280114083146128,0.009301656959796458,-0.0860339119704086,-0.00858779931332138,-0.0009320192526837596,0.8299980163574219,0.013487130386896088,0.0351364060214226,0.0036634642549182358,0.0004205266490446302,-0.05024884230001067,-0.004422356096286009,-0.0004975930999414475,-34.02000045776367,-0.6247933880823535,0.024732693865245927,0.011427977887968531,0.007906315822945676,-0.02390171847909823,-0.0022186383814532364,-8.059654605164005e-07,-14.510000228881836,-0.7600838194291383,0.0024028309235159767,0.0010440004216955168,0.0007782786230290074,-0.0021237551768728685,-1.9509416740633585e-06,-1.9949605226704834e-08
5,GEa,Ethanol,70,1,-7.739997863769531,-0.19379063920632136,0.01849048960214168,0.00538167728157314,0.002804433269148048,-0.018147892459863414,-0.002035279115141777,-0.0003058670260092592,-0.22999954223632812,-0.00938007903517409,0.0077996641897685095,0.0008072167460941479,9.192856725679692e-05,-0.007394110166791862,-0.0007507501070869509,-0.00010890390753705097,-15.540000915527344,-0.6046692783735913,0.01153820017806043,0.005839722596892709,0.003981256383215411,-0.005061810327999195,-0.0005953005069789588,-3.1155664421618536e-05,-11.950000047683716,-0.7587301617576963,0.0024808869983762444,0.0010342738567038815,0.0006832241406544344,-0.0018492402924708091,-9.99975204467779e-07,-9.999752044677452e-09,-36.31999969482422,-0.34004307204388634,0.0529868872550259,0.02119335154029918,0.011850834537792114,-0.07975924249111431,-0.007232043011566284,-0.0009868226935263948,-0.6300010681152344,-0.010428754671520213,0.04735285310331248,0.004462140386142795,0.0005142795382172427,-0.03371545489465143,-0.003224733378057707,-0.0004122026302038173,-39.260000228881836,-0.7191793390574057,0.02731179621664568,0.012594135428044,0.008797244565982307,-0.028900166243382493,-0.002424990261776255,-7.599155588161507e-05,-11.059999942779541,-0.7810734507035234,0.0023029950471895907,0.0008366220988049557,0.0005541929206558404,-0.001698326557687414,-9.99975204467779e-07,-9.999752044677452e-09
5,GEa,Ethanol,70,2,-7.5,-0.19275250653846565,0.015106726138110158,0.004546175945642501,0.0024712474895592688,-0.01949577736060159,-0.001953152733842486,-0.00023895013381800535,-0.29000091552734375,-0.012277769061110496,0.007712599986482338,0.0007403222187325474,0.0001184532445469682,-0.007679208280989021,-0.0009014260756232961,-0.0001059809460699342,-14.419999122619629,-0.5735878867426369,0.007657049731907848,0.005247138706195338,0.003569385332325174,-0.006149238248440006,-0.0007654102129428847,-4.474427765439095e-05,-11.459999561309814,-0.6887019219747661,0.00208517633912223,0.0009650589201961219,0.0006362618700944613,-0.0022302750427725246,-3.7883712368144674e-06,0.0,-36.090003967285156,-0.33928742159823655,0.04947450015016366,0.0189158014385943,0.010650417599855588,-0.06870159792500577,-0.0062693732306099885,-0.0007859190336793946,-0.8100013732910156,-0.013162193065334222,0.034477204898616,0.003528295394710756,0.00039499705977399637,-0.04372125621220263,-0.004158514180371611,-0.000406632142708928,-36.010000228881836,-0.6759902368957774,0.018915858125612868,0.010949609476326413,0.008019256314563418,-0.02674131303213617,-0.002334524752299987,-0.00015000152587890626,-16.790000438690186,-0.8021978114610053,0.002154450346043642,0.0009807005755549448,0.0006883576154491485,-0.0020539389027544332,0.0,0.0
5,GEa,Ethanol,80,1,-8.729999542236328,-0.20344906952412473,0.018879461827190486,0.006186497637164101,0.0030796047286694834,-0.02098668149583315,-0.0022343085313126067,-0.00021979739631155943,-0.23999977111816406,-0.00941175573012408,0.008219651350020542,0.0008301491249832878,8.987933802306372e-05,-0.00830965700368789,-0.0007946065802241834,-7.285976667810066e-05,-17.219999313354492,-0.6227847938852816,0.014633748624561576,0.006967609834197083,0.004484749150348643,-0.008420398565459782,-0.0006728577521922274,-5.99375910339361e-08,-9.399999856948853,-0.728117735712688,0.0027930970597160663,0.001066916760601518,0.0006674582832816468,-0.001952901724217863,-9.99975204467779e-07,-9.999752044677452e-09,-40.61000061035156,-0.3599858300613706,0.06346469659311722,0.024439327653381242,0.013090204095330576,-0.08540650720720959,-0.008590101105888415,-0.0006283912260374992,-0.7599983215332031,-0.012781673952828374,0.031022598763806104,0.003166656900272009,0.0003570513600306726,-0.03611410595214708,-0.0035688177530239238,-0.00033333480386552256,-42.03999996185303,-0.7345797710661709,0.0310007726568128,0.014126373364641837,0.009553705708289603,-0.03432701624672676,-0.002763184265836956,-2.397655676727279e-07,-8.109999656677246,-0.7386156643705524,0.0020340557140113963,0.0008038142626019294,0.0005316977035615621,-0.001218119844612071,-9.99975204467779e-07,-9.999752044677452e-09
5,GEa,Ethanol,80,2,-8.500001907348633,-0.21711370564647278,0.017290332199896015,0.004850078662975663,0.002769034151515515,-0.020365201513465426,-0.0020373984161152206,-0.0002441449641384808,-0.5699996948242188,-0.023949567777154995,0.008015844622953136,0.0007707845142096223,9.198370809951804e-05,-0.0079950969495005,-0.0008402691496423868,-0.00011723324477480352,-15.039999961853027,-0.5972994352490749,0.007334991419170786,0.005234957995179717,0.003699638816930505,-0.005059540623532137,-0.0005038936347964374,-1.2178486091020897e-05,-11.089999675750732,-0.693558463695664,0.0020325025860917865,0.000952764570947844,0.0006295085349528223,-0.0024508529181053755,-9.999752044677735e-05,-9.999752044677734e-06,-39.329994201660156,-0.36822390319861714,0.05923355233804216,0.019100197249543337,0.01178562969458614,-0.08471116844342476,-0.007943296339849505,-0.0006525682892858138,-2.1100006103515625,-0.034010325261350415,0.04013564743273659,0.0037155073473600243,0.0004825519647614566,-0.03954020002245168,-0.004483195618654438,-0.00048797428636825573,-37.14999961853027,-0.6973906382446062,0.02052869641811777,0.010949850255768577,0.00821254740775899,-0.024057344734653055,-0.002352431865245917,-0.00010011205354962111,-15.619999170303345,-0.7989769708375651,0.0021601905018848212,0.0009638704309756497,0.0006716470141037598,-0.001953692541393275,-7.725707380569754e-06,-7.972238395935782e-08
5,GEa,Ethanol,90,1,-9.479997634887695,-0.23309560023846784,0.020225373443655863,0.006458271984431572,0.003315433419622024,-0.019905276402967895,-0.0018679021876793255,-0.00024363652133965247,-0.5,-0.020016013177045783,0.007904479109476661,0.0007526305477813909,0.00013727030920609892,-0.008147726358494622,-0.0009355324358339196,-0.00010696894729613545,-16.809999465942383,-0.6406249852351298,0.014225321862424211,0.006338392829198385,0.004271634986140193,-0.006231524533232899,-0.0007082586405187591,-6.84584114924829e-05,-12.249999761581421,-0.7743362830524716,0.002325678153057426,0.000988161545371686,0.0006684897995377408,-0.0017520956254953026,0.0,0.0,-42.98999786376953,-0.3958928014879111,0.06628940402908429,0.02312243664335528,0.01370214031503803,-0.07565076835816943,-0.007630099161233661,-0.0008970340698833974,-2.3800010681152344,-0.038774861953392206,0.03508948500045767,0.0033303482075538768,0.0007764192063672037,-0.03368166996101413,-0.0034840374374682298,-0.00041485138634221727,-41.74000072479248,-0.7515304291815956,0.025105766326568378,0.013042249935271612,0.009149750504146384,-0.03018762551769779,-0.0021614691852391396,-6.999969482421876e-05,-11.269999742507935,-0.7959039451944377,0.00187895235118615,0.0007933258137217729,0.0005444242840584935,-0.0017179370733842474,-2.97002635478975e-06,-2.996926687765216e-08
5,GEa,Ethanol,90,2,-8.639999389648438,-0.2189558943261162,0.016949557883569128,0.00522200078596944,0.0028048926295436176,-0.020920208591146284,-0.0021061997589944662,-0.0002043707163086947,-0.3600006103515625,-0.015056487354621503,0.007365395041525142,0.0007920786557769775,7.992000183683015e-05,-0.008321289607663034,-0.0009214619171987193,-0.00011304711762629784,-15.470000267028809,-0.6066666771383846,0.007992596560816068,0.005326451989678192,0.0037715416145738287,-0.005880376481984908,-0.0005312225619999483,-2.2365347815795964e-05,-12.3100004196167,-0.7161140219412769,0.0022125195028866,0.0010232831815170512,0.0007475128810575566,-0.002124486459392998,0.0,0.0,-40.659996032714844,-0.3759940471814629,0.057704342639941064,0.020892512134526968,0.012024543805920244,-0.08799973211399732,-0.008803279076868857,-0.0009001050457573827,-1.3100013732910156,-0.021061115067888426,0.045209712046570136,0.004673707543406247,0.00042644590241119613,-0.036765482513470754,-0.0035956364603666434,-0.0003885183831071808,-38.26999855041504,-0.7062188507152435,0.018856736714661988,0.011380059062931441,0.008407383777720547,-0.024827060335765625,-0.002332460259025094,-0.00010880503531875943,-18.21000051498413,-0.8236092271502918,0.002111015227819347,0.0009969145283212839,0.0007609667366936401,-0.0022128998516491036,0.0,0.0
5,GEa,Ethanol,100,1,-9.999998092651367,-0.2443792409609756,0.019296932631530126,0.006474957851431917,0.003428229571111129,-0.018276499101171635,-0.0018479974315320782,-0.0002240627355200163,-0.26999855041503906,-0.010774084444095009,0.007992332276394199,0.0007431134994239302,7.69723333651038e-05,-0.00974541112384281,-0.0009919304035177305,-0.0001678711033924862,-17.239999771118164,-0.6547664193343288,0.011733695543313123,0.006110923863473137,0.0042964445825208804,-0.005635254295397102,-0.0005300813674148024,-2.999877929687366e-08,-11.87000036239624,-0.7753102571563102,0.0022340168285876964,0.0009757619943605308,0.0006392195801765776,-0.001974803659810174,-1.989950656890879e-06,-1.998950433731124e-08,-45.16999816894531,-0.4125113988031535,0.055447719413656935,0.02483384744316767,0.013984488767030323,-0.08333263041747034,-0.007268507153657931,-0.0005355999060047252,-1.2900009155273438,-0.020961990515698217,0.03279207834745966,0.0031534328934089864,0.0003741748019117283,-0.033959489522981195,-0.003443883683431644,-0.0005711912939994466,-42.60000133514404,-0.7633040725121917,0.026008720306623774,0.012408998443442485,0.009172338542441864,-0.024244721070810576,-0.002165090451394584,0.0,-10.690000295639038,-0.7936154479377023,0.0017948020327666924,0.0007753331871044214,0.0005347907534066622,-0.002295223711574001,-1.9899981021881088e-06,-1.9989980936050488e-08
5,GEa,Ethanol,100,2,-9.25,-0.2367545449770093,0.016731159504884616,0.005733890976794403,0.0032020879680949455,-0.01669550381965394,-0.002001077583609126,-0.00022272805549678224,-0.1400012969970703,-0.005909721141449503,0.008230353910502985,0.0008269747393862615,8.21853824696623e-05,-0.010004197313985753,-0.0011203582632679844,-0.00011346413024554416,-15.710000038146973,-0.6239078573369898,0.00737987951028344,0.005440645510097081,0.003840661222159226,-0.004532420193433025,-0.0005413979817279365,-1.089618706006068e-05,-11.699999809265137,-0.7169117664245861,0.0020121118116890107,0.0010090876756251013,0.0007090979083945161,-0.0022025979431914695,-6.366779722804063e-08,0.0,-43.0099983215332,-0.4026776453949342,0.061543421283441105,0.021659102381700924,0.013089811002133609,-0.08491407036716726,-0.007778163350420407,-0.000680527678978856,-0.9900016784667969,-0.01595747362761595,0.037350288722095205,0.003551373272982107,0.00039157908074566826,-0.03988768185858091,-0.0036239511048587725,-0.0004443440485544099,-38.779998779296875,-0.7244535711496285,0.019500665605178758,0.011312919464268831,0.008445768314084931,-0.02432667448071572,-0.00234363418361871,-0.0001032850315758873,-16.350000858306885,-0.8158682690297991,0.0019703234968472994,0.0009626426394022174,0.0007321690573884196,-0.002105078784171892,-9.99975204467779e-07,-9.999752044677452e-09
5,GEy,Ethylene,10,1,-2.950000762939453,-0.07716455135397807,0.015290552636469074,0.0024190153745150917,0.00096141571678725,-0.01665673362388387,-0.0016234174206684999,-0.00023240197489362923,-1.0,-0.0433087913985103,0.005789759586442372,0.0009620449427411489,0.0003290571717681663,-0.006855002151862157,-0.0007062780134871418,-6.49621708681269e-05,-7.379999160766602,-0.3034539166683136,0.0058330972811393485,0.002716530671909141,0.0017172257973844028,-0.006654990049001246,-0.0005357404594748586,-5.43427206066285e-05,-0.46000099182128906,-0.020655634592092048,0.004201531063910663,0.00048346385807450474,0.00011952236397143407,-0.00532223250894583,-0.00047299286796049275,-2.5154365821234382e-05,-15.989997863769531,-0.1546571037640462,0.06078774052269812,0.010065556403668475,0.004467435416396371,-0.08111100069050756,-0.008297477436456724,-0.0007969954457771933,-4.590000152587891,-0.08023073284463067,0.025829908622520884,0.003610767988259797,0.0014028394140243327,-0.0332121347363672,-0.003011217529110852,-0.0003477043153903073,-19.889999389648438,-0.3760635208769029,0.017931366849384203,0.006767701723805958,0.0042831142217066,-0.02370775572072893,-0.002388222555010184,-0.00012594028816909026,-1.789999008178711,-0.05794752488012539,0.010623924522822714,0.001290395312448428,0.00040017879545368567,-0.011277424163331242,-0.0009591335420508671,-3.1503630888057074e-05
5,GEy,Ethylene,10,2,-2.229999542236328,-0.06262284481927484,0.018005053603510998,0.0024595698782358686,0.0008080388599897848,-0.018192603521424412,-0.0020261455805968653,-0.00029453434406593064,-0.7599983215332031,-0.03596774026117047,0.007900599799031448,0.0009146913259570037,0.00027144500752552294,-0.0076435205304402395,-0.0009252909079601108,-0.0001292955837186519,-6.149999618530273,-0.26531490671106944,0.0072917587986473355,0.002520514488315226,0.001473285646814829,-0.004770729279560586,-0.000684372541529384,-0.00010001053402055464,-0.3699989318847656,-0.019754348154169172,0.0034662933034023276,0.0004387931902874016,0.00012964882938621845,-0.004528321856758586,-0.0004045506990894661,-3.0000686645507814e-05,-13.209999084472656,-0.1328973730552048,0.07760236985487123,0.01285031608147282,0.004091637842331116,-0.07252847576217912,-0.007202807750529389,-0.0008338313880515783,-4.530002593994141,-0.08119739235805176,0.028820033534741024,0.003673499575079483,0.0014189725471412664,-0.03339279913703655,-0.0038431231058124993,-0.0004311931456238622,-16.670001983642578,-0.3312140150441407,0.0228943493384216,0.006520527924866103,0.0037868449012887907,-0.02402597407861898,-0.002910201527410886,-0.00032500952615634806,-1.8900012969970703,-0.06528501717404335,0.00929750032395117,0.0012394572314680095,0.00044272998780950574,-0.010623361579591673,-0.0009494916636770059,-5.00411434173584e-05
5,GEy,Ethylene,20,1,-4.409999847412109,-0.11556603419932093,0.013683311082642306,0.0030995381205922226,0.0014536248846304884,-0.019438415132094114,-0.0018758557941499394,-0.00022436840094897678,-1.5,-0.06457167583119103,0.007167600387802437,0.00109072552618211,0.0004930589347550297,-0.007874516516325838,-0.0009164100774141978,-9.119084005910663e-05,-9.019999504089355,-0.3725733104167868,0.006400192640873098,0.0034560881509674824,0.002270675595587556,-0.005155423686200635,-0.0005337733256699311,-3.999900817871094e-05,-1.0500011444091797,-0.04664598550567574,0.004364807602604665,0.0005547299258391739,0.0001719375484200273,-0.0065376944931616445,-0.0006984256202411229,-3.7477230292391867e-05,-22.1300048828125,-0.21489613673937114,0.05676918941719678,0.01477603266024476,0.0065256405157159934,-0.07425520752379101,-0.006595652246367899,-0.0003891893247572307,-6.540000915527344,-0.11314880626043308,0.02936598683559528,0.00431404380310063,0.0019931998379764115,-0.03146947194957553,-0.0028628285234176456,-0.0003032722891708264,-24.21999740600586,-0.46124544239556314,0.0215197218838981,0.008463064506795794,0.0055333201173385785,-0.026948938460366504,-0.002566600057136429,-8.856796056244917e-05,-4.310001373291016,-0.1328197618476912,0.013473570749719064,0.001816885656829012,0.0006521582379009282,-0.012227820775734493,-0.0011806437803242858,-4.999923706054688e-05
5,GEy,Ethylene,20,2,-3.719999313354492,-0.10505505025090711,0.014672859751528117,0.0027098384998349924,0.001238204710102139,-0.01563919876017507,-0.0016040641071986173,-0.00020279954431036456,-1.4799995422363281,-0.06912655547801043,0.006896336000561103,0.0012920232062511475,0.0004499799961818101,-0.009398414156399602,-0.0009353957155431593,-0.00011342101516894929,-7.699999809265137,-0.33362217654759485,0.006329518526348229,0.003195067077376822,0.002007020045275335,-0.006236284431711451,-0.0006074760310386728,-5.720641692780278e-05,-1.6399993896484375,-0.0790742240958096,0.004204705694749053,0.0006897141266000181,0.0002701047323589832,-0.004486046433282067,-0.000404450841640447,-2.0000457763671876e-05,-19.479995727539062,-0.19672789727268783,0.08089629883086485,0.01290499923071655,0.005811285219670115,-0.07399984806419058,-0.0073598810726598525,-0.0008140127148034156,-6.959999084472656,-0.1222768676803986,0.03142605937158596,0.005192970147964175,0.0020651454300269273,-0.056113151718653276,-0.005771457140291684,-0.0005454242109710647,-20.73999786376953,-0.4139720258571001,0.019921714949094328,0.007832533789160495,0.0049176338072129625,-0.024411103380423734,-0.002361296480182253,-0.00014687851736971695,-9.170001983642578,-0.25034129719490106,0.010655516980301673,0.0016095400591865628,0.0008233137101007331,-0.012236460172191991,-0.0008899258585107609,-5.476999877284186e-07
5,GEy,Ethylene,30,1,-5.3899993896484375,-0.14293289632743073,0.014810199915953764,0.003915561239051864,0.0018552872334929704,-0.017625071727151796,-0.0017578129378262486,-0.00020799206882699803,-1.8900012969970703,-0.08210257425775389,0.005984213643368268,0.0013608717478513891,0.0006047834233564104,-0.006904641503027127,-0.0006934847680518244,-0.00010735386516228617,-10.15000057220459,-0.4237995928547457,0.00571883675239971,0.00386080576288073,0.0025240821181732706,-0.0049599613958548954,-0.00043253685602153054,-1.7360461876808037e-05,-1.1299991607666016,-0.04967029278094952,0.004549767364107999,0.0005721784886937453,0.00018851977885074437,-0.006634206330203429,-0.0005517997939778446,-2.582895359060777e-05,-26.80999755859375,-0.2624057750716754,0.06922374262885447,0.014480442455608589,0.008024056660102925,-0.07314657644640442,-0.006704766861437254,-0.0007658632107539773,-8.009998321533203,-0.13928010007494743,0.03498798327693847,0.005103765113976288,0.002335348627369298,-0.036401490630477526,-0.0033440117945883092,-0.00030603922870918476,-26.829999923706055,-0.517055313919668,0.01982715659756508,0.00902979440780546,0.00606159629297516,-0.025646096018394064,-0.0026266822821395595,-7.999801635742188e-05,-4.479999542236328,-0.13930346901406562,0.01028422712888134,0.0015908995444494176,0.0007559187399582734,-0.01415702085247441,-0.0012696559914998876,-4.5416729092863665e-06
5,GEy,Ethylene,30,2,-4.500001907348633,-0.12802280830729246,0.014214830821269692,0.0034008052792618634,0.00152842624228058,-0.025994588999905636,-0.0025312402541868627,-0.000266520166830799,-1.7199993133544922,-0.08090307125292798,0.007202519612715341,0.001894245963792388,0.0007012568648363638,-0.01306170806122017,-0.0012572070595986262,-0.00013687561311790975,-8.680001258850098,-0.3795365518290489,0.006304919108191035,0.0036480442470116048,0.002208123128539136,-0.011671589967551207,-0.0011985275475312515,-8.731368169073398e-05,-1.2700004577636719,-0.05874192453586896,0.004717231498513996,0.0006469360109234804,0.0002395689414000014,-0.0057567251544837755,-0.0005551379837129089,-4.254944873632177e-05,-23.139999389648438,-0.23549764793986552,0.06283491571827622,0.014894270348133534,0.006812539423073093,-0.06549072057166327,-0.006387423723648634,-0.0007911509586963697,-8.389999389648438,-0.14776328936286626,0.02418068442678739,0.005849177640684267,0.0026713743708427326,-0.036200359445148836,-0.0037484252614395914,-0.00034538016495345606,-23.059999465942383,-0.46454471695161115,0.01845312073303908,0.008839190065585846,0.005424657846571251,-0.025150668597705615,-0.002327232779198203,-0.00016246098145331325,-7.989999771118164,-0.2018186345118233,0.012947912061672544,0.0023704290881013165,0.0011435802149226963,-0.014116306639598614,-0.0012274344221217628,-6.0061374664306646e-05
5,GEy,Ethylene,40,1,-6.64000129699707,-0.17197620284980902,0.018208269716739854,0.0048475497568774535,0.0021192033744076807,-0.02198376660989585,-0.002014280125977097,-0.0002519257208788306,-2.1499996185302734,-0.09483897711930453,0.007680717025806484,0.001486429579578781,0.000702927810485588,-0.006892428776760615,-0.0007292300172807057,-0.0001047729427299107,-11.3100004196167,-0.46144432125664936,0.006673476433852503,0.004253140859458003,0.0027841018302768236,-0.005078119827950093,-0.0005526878422132757,-6.565755704733755e-05,-1.0,-0.046253467214733834,0.004002662211602801,0.0005613584664098092,0.00019918734134760123,-0.005080570495462082,-0.0004634129735378038,-2.6906872923999946e-05,-31.3800048828125,-0.30106498965899764,0.05078435891638223,0.017726252360566307,0.009128678835684332,-0.08318552704507781,-0.008211015639012028,-0.0008629904306963869,-8.40999984741211,-0.15263158040488964,0.028574432316450637,0.005180497870941585,0.002704060747167116,-0.030094563492999996,-0.002949197093293933,-0.0003364068636008944,-29.85000228881836,-0.5589887909338793,0.017770706145232563,0.009568866742452248,0.00670002913243342,-0.03149630019710596,-0.0027418847995899203,-0.00018905582956217363,-3.1200008392333984,-0.11399345062353991,0.007442180837822408,0.0012594881617398782,0.0006125509565578876,-0.009996605681809,-0.0009361930263290929,-1.2517111102959382e-06
5,GEy,Ethylene,40,2,-5.680002212524414,-0.1586149677380593,0.014399745089706494,0.003792853224736599,0.0017469534509257513,-0.02288946121476918,-0.002701837634473056,-0.00039734067271173694,-2.3799991607666016,-0.10917427725045711,0.006244150955869795,0.0014084786399338207,0.0006877860502810294,-0.010703222093597371,-0.0019093672260242372,-0.00020625623077391163,-9.950000762939453,-0.4272219996481765,0.006341295159699828,0.0037203921022028194,0.002472699570807233,-0.009752406067119596,-0.00161481670532045,-0.0001535079864353019,-1.9200000762939453,-0.08723307843379728,0.005052099198109102,0.0007807690715983495,0.00026060166485157636,-0.005813468879754282,-0.0005795969367952277,-3.0000686645507814e-05,-28.029998779296875,-0.28088985391456595,0.05308269855460655,0.016130850255492823,0.008022802480403402,-0.07134011842771984,-0.008240360504933365,-0.0008977594684258612,-10.46999740600586,-0.18020650053320408,0.03100404659693602,0.005868512546952427,0.0029596907807641487,-0.031840470632347205,-0.0040491629984563925,-0.0005560761151736325,-26.09000015258789,-0.5171456840046986,0.01939019068401456,0.00923832572743011,0.005968092503657268,-0.023319719165368694,-0.003420934189713478,-0.00027050841590199907,-11.629999160766602,-0.2776318770642075,0.012972066046301309,0.0023736691115259,0.0012129693202176247,-0.014990134160532128,-0.0012781321751317706,-1.2436158321492608e-06
5,GEy,Ethylene,50,1,-7.510000228881836,-0.19680294179537688,0.014973106356872873,0.00436994919333566,0.002437904747129673,-0.018465147549719275,-0.001868869388621836,-0.00017301286482491383,-2.8400001525878906,-0.12188842255714065,0.006389513222574254,0.0017206548897562715,0.0008547809688708192,-0.008569156860398422,-0.0008546393401674948,-8.381853709393294e-05,-11.979999542236328,-0.49402059967984857,0.006530611693352726,0.004266657619401401,0.002947409744003651,-0.005849584438938878,-0.0005336883583578493,-4.5094096636819775e-05,-1.8199996948242188,-0.0809968736288544,0.004303616325902821,0.0006618814044991844,0.0002819008366941938,-0.006259643110178727,-0.0005590517674226588,-1.7806833454609444e-05,-34.52000427246094,-0.3352107510893446,0.062301706739633374,0.01829293237280283,0.010272884986000763,-0.07834207199044457,-0.006984233766096838,-0.0008216091324523042,-10.650001525878906,-0.18473549425836794,0.026571920828722978,0.005657321602183678,0.0030534059804116637,-0.03879189561892109,-0.003968611483312266,-0.00030546344876041583,-31.19999885559082,-0.5927051523052685,0.020143810501709977,0.009850155893719518,0.006847494680759218,-0.027540348109048974,-0.0024293290709364074,-0.0001939156829373106,-6.39000129699707,-0.1983240550869732,0.008352389770200239,0.0016876620775527504,0.000810722873071147,-0.010296373885484407,-0.000995204120327718,-1.4249570572974317e-06
5,GEy,Ethylene,50,2,-6.340002059936523,-0.17704556874620034,0.018142957060924794,0.004742098754715912,0.002081333279395687,-0.016895667151781604,-0.0015692334158977003,-0.00024782059151664,-2.6099987030029297,-0.12011038923079165,0.007287680062064739,0.0030957613335159443,0.0007440209244052954,-0.006575511198127172,-0.0008191526798019872,-0.00015532065777387614,-10.55000114440918,-0.45298414468397635,0.006452011794512035,0.004187375655280611,0.002440249610785464,-0.006298597459049964,-0.000638848939138963,-8.938658047782415e-05,-1.9200000762939453,-0.09026798471897232,0.0037524421865254088,0.0006730709379455669,0.00021466859404024527,-0.0046239931382966865,-0.00040289010916040813,-3.0000686645507814e-05,-30.919998168945312,-0.3086444207901229,0.06288293712817823,0.017075553556859187,0.008489100133436284,-0.0761284874589963,-0.007473434784582149,-0.0007865379588550858,-11.260002136230469,-0.1943054700256628,0.026220031299100374,0.006140160489284637,0.00260701330472989,-0.039609795145501,-0.003903554722661958,-0.0004928597662735134,-27.3700008392334,-0.5425173523354907,0.018487492135845718,0.009496606451270114,0.006052793024553817,-0.025221249316855952,-0.00263625945283792,-0.0001533864818346706,-10.739999771118164,-0.28708900868549775,0.009684394953729747,0.00204385550127191,0.0010436709347730025,-0.017882324152988176,-0.001546662340697225,-1.7693726705364892e-06
5,GEy,Ethylene,60,1,-8.219999313354492,-0.2183846824294879,0.01483867479785869,0.005079982076121793,0.0027510583658416268,-0.01823522372822801,-0.001666824386763321,-0.0002185048181515418,-2.9599990844726562,-0.1288076215594476,0.0066367313567162675,0.0018349219585866066,0.0009501892365994517,-0.007015681538120358,-0.0007380903215517627,-9.092863220039301e-05,-12.399999618530273,-0.5186114469955709,0.006984283454635221,0.004346951862097844,0.0030838295609789414,-0.004824169049161177,-0.0006000101678329549,-5.712721059024889e-05,-2.440000534057617,-0.10806025430920993,0.004480283305210709,0.0007337928018824193,0.00037003290495941227,-0.005687042361926229,-0.0004582087032731504,-3.999900817871094e-05,-37.06999969482422,-0.3642885113661557,0.04896188434031945,0.01825927189686255,0.011042771915646923,-0.08080563605669944,-0.008363864533189429,-0.0008285974844252812,-11.239997863769531,-0.19544423912043465,0.029890146905811394,0.006488193111299315,0.0032491295454799536,-0.031180375470718488,-0.002953078359462368,-0.0003586185446665135,-32.06999969482422,-0.6180381590295775,0.01822274902255684,0.009771327954754381,0.007052215045541512,-0.026600239711539454,-0.0022325935045893006,-0.00011381484301602402,-8.179998397827148,-0.256587158505761,0.007277993951492204,0.001637347285591332,0.0008407071794837178,-0.010213712541663669,-0.0007749449756702959,-5.448558778327719e-07
5,GEy,Ethylene,60,2,-7.039999008178711,-0.20108538548111551,0.0161220907479665,0.004392600463978619,0.0023228245415743295,-0.01544103248924098,-0.0016996792923882863,-0.00022704423598483348,-2.8600006103515625,-0.13516071034855626,0.006154531031560469,0.0017753677525742184,0.000898390475187879,-0.007221442754951187,-0.0006432845250403016,-8.444607979803882e-05,-10.9399995803833,-0.47982455905528015,0.006604740819347147,0.004077288317139034,0.0027135713335425062,-0.005170998821684959,-0.0005680546771302624,-4.114202945105264e-05,-2.479999542236328,-0.11288118433070943,0.004044454068250658,0.0007037678513093664,0.0003313027297961333,-0.0058844081625956885,-0.0005535535311705196,-2.9998779296875e-05,-33.18999481201172,-0.33908863652785526,0.05142734403156439,0.016459390270873536,0.009777193001541166,-0.06795121334578735,-0.006510704845054027,-0.0007823801603247742,-12.329998016357422,-0.21769064528999377,0.022791233870632442,0.006432460004689928,0.0033617481077786006,-0.03607401326774499,-0.0035463714981595063,-0.00040054622513500867,-28.329999923706055,-0.5720920771773644,0.01572274219012503,0.009465954814805786,0.0064135515006607646,-0.024505155304664815,-0.002339344123620113,-9.499025475774689e-05,-14.69000244140625,-0.34777466519124106,0.010257299454901642,0.0024894830897759608,0.0013899409866964395,-0.01262181114830754,-0.0008471904634511553,-4.999923706054688e-05
5,GEy,Ethylene,70,1,-8.620000839233398,-0.22992799288628693,0.016189294997546268,0.005470289915998636,0.00289874358686178,-0.016737100419979837,-0.0017926496366996005,-0.00024327421319186293,-3.1800003051757812,-0.13880402995877764,0.005868883321306882,0.0018239012830696887,0.0010074081012819713,-0.007071303779128391,-0.0007013147257315044,-0.00012260174346090047,-12.699999809265137,-0.5345117713352315,0.006339159814431079,0.004397892140079035,0.0030545851536502126,-0.004350463099374017,-0.0003879943267614986,-2.6128823815782205e-05,-2.059999465942383,-0.09082889939257506,0.004106284791416942,0.000688707733237402,0.0002956285551401836,-0.004023680203311298,-0.0003754449607441568,-2.041116355999325e-05,-38.94000244140625,-0.3841752388212736,0.05089818120440393,0.019338553128121855,0.011353504038968355,-0.06606488398405479,-0.006066967291152876,-0.0007083290945063532,-12.029998779296875,-0.21027790546778619,0.027966119641856343,0.006193477667915302,0.0034766718425843484,-0.02896592609406404,-0.0028375041432117014,-0.0003866257706386761,-32.64000129699707,-0.6335403922163295,0.020503542332556066,0.009795221774493011,0.007007607564846674,-0.02719930140348544,-0.002423915319977767,-0.00015278904004721377,-7.909999847412109,-0.2390450229959726,0.009265375780153734,0.0017303116876364354,0.0009643224741964363,-0.010051832697865453,-0.000761012854113813,-1.1837919442417644e-06
5,GEy,Ethylene,70,2,-6.939998626708984,-0.1956031205256197,0.08433909354862294,0.014532693500324597,0.0037506554195178184,-0.056870084600056194,-0.009124860076747461,-0.0010444085786398927,-2.6099987030029297,-0.12207665133085746,0.032590843231016756,0.00583847792271177,0.001314779022361015,-0.03246961524200421,-0.005500000266209466,-0.0006064322769559888,-11.460000038146973,-0.49503240721325487,0.08492026756346026,0.015659155863297802,0.0038093248864823847,-0.03383575268410335,-0.005516257652917009,-0.00018109282263937903,-3.1300010681152344,-0.15760327149656755,0.010713920566307588,0.001926476379179731,0.00014084189172439273,-0.00612615598281095,-0.000797231502981697,-2.0000457763671876e-05,-34.88999938964844,-0.35100602468868963,0.32850940916697113,0.0579013954421982,0.015227730496467553,-0.0847120860290307,-0.015778171461521637,-0.0009231418637714067,-11.950000762939453,-0.21098165416158962,0.11200316919441755,0.020632226275280365,0.004453263862144888,-0.048906959230151544,-0.009212981807836064,-0.0008124587480945539,-29.779998779296875,-0.5931089289445194,0.19092934239974343,0.03561687847940449,0.008909826401480596,-0.047187025358390304,-0.007268967144319445,-4.999923706054688e-05,-14.71999740600586,-0.42347520474093586,0.024763439660120776,0.004338745137789015,5.999755859374732e-08,-0.009843520941262765,-0.0006121308334029595,-5.353831087158844e-07
5,GEy,Ethylene,80,1,-9.389999389648438,-0.2494686382017006,0.016849995134555297,0.005417714435996243,0.0030617235888646924,-0.018960238641563747,-0.0019844256978681736,-0.0002539448463470375,-3.559999465942383,-0.1549172992540424,0.006055449530790002,0.00194610249668032,0.0010925216918845153,-0.007011660749255794,-0.0007078482418003736,-0.00010408176571559366,-13.269999504089355,-0.5549978916259019,0.007331713295839127,0.00447403965173573,0.003207679646993871,-0.005151853932874909,-0.0005344856157405718,-7.655113919290149e-05,-2.5799999237060547,-0.11395759687545283,0.004110624237665157,0.0006959544078944358,0.00036539425445755535,-0.00677929539223789,-0.0005890611848314749,-3.265111615433723e-05,-41.470001220703125,-0.4075275191640175,0.055312558765483674,0.021242620848923765,0.011949519065523738,-0.072747558043528,-0.007511431497244948,-0.0010115702248623367,-13.099998474121094,-0.2277864520336131,0.02916287091963035,0.006537639836263859,0.003666893909496741,-0.04251728175577151,-0.003989373591103997,-0.0004376182473596917,-33.94999885559082,-0.6542686308522779,0.017699352085912688,0.009988490469706646,0.00726258775317134,-0.022553231179864602,-0.0020171245671370855,-0.00016591419504383508,-8.869998931884766,-0.27632396739942927,0.006477873608296213,0.0016394767821699976,0.000954854762982002,-0.00939279842579446,-0.0006637697949326742,-9.861203120749935e-07
5,GEy,Ethylene,80,2,-8.450000762939453,-0.23910584964501402,0.013777994301813444,0.0051416247041677675,0.0026941094559848563,-0.016273073728374957,-0.0016840125774501423,-0.00016875850503805136,-3.4300003051757812,-0.16065574912835956,0.005416758746700816,0.0018908789976344906,0.0010407151667836039,-0.005572079014821961,-0.0006203718270256835,-0.00010169291248682299,-12.039999961853027,-0.5232507536762466,0.0064563152305258924,0.004440605316959519,0.002959181149075786,-0.005581831319120005,-0.0006229184852980472,-6.506594159851688e-05,-3.219999313354492,-0.1494199270233341,0.0033348635583434396,0.0007730623440846083,0.00041893768453549895,-0.003659662200804468,-0.0003041570911881728,0.0,-38.56999588012695,-0.38951724083731026,0.059929635836624,0.019592112066029038,0.011098234438524252,-0.07615386289201416,-0.006962936816558368,-0.0007093937278690809,-14.0,-0.2459592489522986,0.02696254679597045,0.0077080533087634006,0.003850277747157525,-0.04007292872008859,-0.003908610560564199,-0.0004646487226754321,-30.829999923706055,-0.6168467428186492,0.018717284681110967,0.010050814330146469,0.006912827974603617,-0.023425328884006787,-0.002301126515371088,-0.0001051944979186997,-16.700002670288086,-0.4192819960471961,0.008061906264414427,0.002160180679701024,0.0013257251213403384,-0.013535644547432292,-0.0008965274225942847,0.0
5,GEy,Ethylene,90,1,-10.310001373291016,-0.26702929837630834,0.017499550463713348,0.0057567068293947815,0.0033649714178296537,-0.016805775286157034,-0.001754667107508083,-0.00025380259571880466,-3.770000457763672,-0.16257008930322886,0.005830625767111323,0.002036020966915838,0.0011523625798383493,-0.007014086923432309,-0.0007433307083352977,-0.00010553594995283612,-14.029998779296875,-0.571486729747725,0.006826667068761809,0.004630882210593248,0.003366587882490406,-0.00459243635522126,-0.0005570017036602603,-4.774269171751396e-05,-2.0799999237060547,-0.09407507310208896,0.005320243329315985,0.0007090201669391115,0.0003105729140289179,-0.005009153563549747,-0.0004216215561693982,-2.277686832670201e-05,-44.83000183105469,-0.42838032658765585,0.0588120550354064,0.021172583587880586,0.01304038356826102,-0.08012343800187491,-0.007921372032230187,-0.0008392275252588969,-13.30999755859375,-0.23441348793136715,0.03132181827211446,0.00697899163908987,0.0037533626173513724,-0.03640372433964143,-0.0035376092178735466,-0.0003216927328668262,-35.78000068664551,-0.670037446896058,0.016349141854906515,0.010247294752447823,0.0075980521500178914,-0.023269476715598293,-0.002140702089288349,-5.6067895965028735e-05,-6.459999084472656,-0.21677849831750085,0.006442604107259134,0.0014653502113339291,0.0008397418081715943,-0.008450330741937294,-0.000602956237772403,-9.856485670026868e-07
5,GEy,Ethylene,90,2,-8.780000686645508,-0.24704559539866375,0.01676012091918201,0.005352522963611247,0.002841297520659992,-0.017695298596559262,-0.0018078693410771814,-0.0002011788223990595,-3.6099987030029297,-0.16806325791136795,0.006487715004118791,0.0019267272985965575,0.001102859809948834,-0.006810389829364005,-0.0009198308885318553,-0.00012395638643611625,-12.40000057220459,-0.5349439348124528,0.007164394000124712,0.004387878086694712,0.003039888170196757,-0.006071829303586605,-0.0006202788372147606,-4.468608294334153e-05,-3.259998321533203,-0.1599606700577792,0.003841411057896476,0.0008816116513379808,0.00043041909367046746,-0.004469459369441606,-0.00040841407576852894,-5.12849932505565e-07,-39.8900032043457,-0.40130787315893846,0.056047188974060615,0.019397779652718036,0.011516057408215928,-0.06694370757213582,-0.006475231296523911,-0.0005915383632025286,-14.819999694824219,-0.25904562020604033,0.02981936455284246,0.007293406874418769,0.004101312984132139,-0.03722808108458258,-0.0040617240138218075,-0.00032860579096679666,-31.80000114440918,-0.6318299222629453,0.017870742186500033,0.01006954690700324,0.007146648392952253,-0.02044371597650084,-0.0018640288298287723,-7.535714968615363e-05,-14.80000114440918,-0.4156136167014535,0.006471985173454372,0.001741995422595668,0.0009951519027042322,-0.008828437306784804,-0.0003873498600582832,-8.98222657014832e-08
5,GEy,Ethylene,100,1,-10.569999694824219,-0.27918646393085905,0.015863069944791947,0.006130711258998621,0.0036037812017123165,-0.018272603386160314,-0.002052324631345158,-0.00026008504627803117,-4.040000915527344,-0.17421305832201522,0.006638626358229498,0.0022638035079276453,0.0012652502029992538,-0.007532289788473111,-0.0007571567412843251,-0.00010560347593073083,-14.069999694824219,-0.5847880302217258,0.007007073659378929,0.004738842656277081,0.0033423379594956187,-0.00633171611579444,-0.0006711601111595391,-6.494435652439621e-05,-3.200000762939453,-0.14153032625193265,0.004751559254548329,0.0008224307026781471,0.00040873604339836133,-0.005787550094025069,-0.0005794098313579759,-3.0000686645507814e-05,-45.900001525878906,-0.4474992849999498,0.06205671255171347,0.021562148707535242,0.013538831293993752,-0.07287163740952657,-0.007383748812796886,-0.0007081832991383349,-14.419998168945312,-0.24948094047204436,0.026327787804852787,0.007339883685518833,0.004019672654052512,-0.04058591017671955,-0.0036528996245890006,-0.000327191571483816,-35.82999801635742,-0.6856103935539936,0.017358017847521914,0.010275214738708151,0.00750924549806149,-0.02367939294090365,-0.002164718524083984,-7.226791561783962e-05,-10.759998321533203,-0.3257644177776217,0.00704297624802491,0.0016253719808862616,0.0009074084285176888,-0.007753702390751073,-0.0005197439348603073,-3.999900817871094e-05
5,GEy,Ethylene,100,2,-9.720001220703125,-0.27349468121303505,0.016000725401349163,0.006744243424368078,0.0032630306139015846,-0.02182646925756411,-0.00663846744337553,-0.0014376454475791853,-4.260000228881836,-0.19685768710879079,0.006910336102443904,0.0027526526134896753,0.0012951197091186938,-0.01363910485250952,-0.003828675977334114,-0.0008672661013346945,-12.880001068115234,-0.5573345187341082,0.00732452635168406,0.004743414167328576,0.0031186357152446845,-0.01219999573612137,-0.0037672019954071885,-0.000732048722517873,-4.190000534057617,-0.19699108809977683,0.003978855363914162,0.0009190803389228318,0.0005343087008404876,-0.005177219949221662,-0.0007997443849739984,-5.0745189338064314e-05,-42.87000274658203,-0.4312877473691062,0.05173784302819671,0.0222901141603036,0.01238482144935702,-0.08161606626744493,-0.015154803860808922,-0.002648388924731838,-16.300003051757812,-0.28274072194847716,0.030985342456488953,0.008552867791492611,0.00443459073222417,-0.038681561316211775,-0.007839235507664168,-0.0015127634026096477,-32.779998779296875,-0.6528579840072936,0.019582834652782922,0.010478527195854343,0.007242005854627221,-0.027280539843545074,-0.006501421606045841,-0.000811096046038195,-19.420001983642578,-0.49833208558704245,0.006408955303907225,0.001887341370240784,0.0012428330382464356,-0.00899558010173828,-0.000489091852937691,-8.955387461852816e-08
5,GMe,Methane,10,1,-9.500001907348633,-0.24222339652385966,0.019397823693601674,0.005088843149906386,0.002668684713407224,-0.018245139332524286,-0.0019502172904747425,-0.00021376546858198873,-3.8299999237060547,-0.16038526207314585,0.006768070660127686,0.0020354476805240795,0.0010875398974252582,-0.007878019665451777,-0.000755061385366831,-8.058921906503994e-05,-7.029998779296875,-0.2796340075565604,0.005829041112311388,0.0030256636921841573,0.0018347547481830824,-0.00529265497255966,-0.0005642982095153183,-9.387803530381797e-05,-0.7399997711181641,-0.03382083178709944,0.004413437721806976,0.0004466407595543388,0.00012129725928499524,-0.005574373368399326,-0.0004922709848925245,-3.69267067283069e-05,-48.400001525878906,-0.46064529995675924,0.050699449143535635,0.01850342162061182,0.011661442284090424,-0.0692051305787571,-0.006383068790262206,-0.0004075501005339259,-20.599998474121094,-0.35183601609821813,0.026189836931816927,0.008337368361153692,0.004943821131264105,-0.03352452292952089,-0.003464273017264474,-0.00020082406483003988,-24.380001068115234,-0.4532441095586142,0.022640388166850572,0.00776871969915699,0.005411424641899446,-0.03117713428030301,-0.002761764595200553,-0.00017565208808910065,-1.7099990844726562,-0.05836174501703529,0.00903595412264871,0.0009883004317003264,0.00016977461722400165,-0.010650291453873934,-0.0009305308795493417,-5.000114440917969e-05
5,GMe,Methane,10,2,-11.09000015258789,-0.25517718329980627,0.015731314180305746,0.005377127529588741,0.002925848284197,-0.02111877295477843,-0.002139048930268214,-0.0001636060816038895,-4.720001220703125,-0.18015271310143177,0.0072791127233799114,0.0023280171262661125,0.0012442642627545624,-0.009795622769795648,-0.0011046842506520608,-9.418130010367832e-05,-8.530000686645508,-0.3024822856691432,0.007185593702428729,0.003428193145861004,0.0020878932368857458,-0.006942669045560997,-0.0006059845991560171,-3.0145297811635057e-05,0.1399993896484375,0.006126887847317955,0.005670072365528161,0.0005198172866619887,6.110495695284934e-05,-0.0062848791641239255,-0.0006281030272611975,-7.155350327139373e-05,-53.8800048828125,-0.4632846385982802,0.06834197764099462,0.020325822879291,0.012758120045551633,-0.08778213014860467,-0.008112032607092992,-0.0004428253358616152,-23.56999969482422,-0.3606733013797705,0.029126448289466242,0.009151614531617709,0.005535758860061027,-0.03977684397046561,-0.004268959449271997,-0.0002458286974100378,-27.8700008392334,-0.4746253450248085,0.023748599069943938,0.009259846312596656,0.005893589701474081,-0.03429563593059332,-0.0031309250500416836,-0.00011666468251485712,0.3999977111816406,0.00879309071054583,0.020260691017063036,0.0020322099307264856,0.0002031149761396913,-0.021263340180150796,-0.0019954296025769926,-0.00019851688016608843
5,GMe,Methane,20,1,-13.360000610351562,-0.3460243563624723,0.019552855460024325,0.007839735857886854,0.004238428776792589,-0.01861941403627357,-0.0019094272185209951,-0.00022826504405455076,-5.690000534057617,-0.2420246907129971,0.007270917356178001,0.0030240976320131127,0.00178629685488977,-0.008071890753947859,-0.0008537413884012084,-6.55293370085207e-05,-9.769999504089355,-0.39618814130344154,0.0076942213053072805,0.004332813733995973,0.0026880329955377195,-0.005203494924360637,-0.000582462618511323,-6.923308384389014e-05,-1.269998550415039,-0.058498323536243846,0.003909190841372625,0.00048257093738697667,0.00018777344337143347,-0.005781049600535233,-0.000532138302857225,-1.4031860660350925e-05,-60.54999923706055,-0.5856465769853066,0.04835850145455875,0.021299722094197518,0.014782554895360898,-0.06990767155202973,-0.007444450655624101,-0.000442713839410482,-27.950000762939453,-0.48231234503821113,0.02177094307001771,0.009450905393524304,0.006725939681298185,-0.030272503847856173,-0.0027986886431916186,-0.00017091015589033984,-30.599998474121094,-0.5799848265277932,0.018437294248565286,0.009344247850322042,0.006735467723910566,-0.02532574567773813,-0.002164694009408163,-5.849144374218181e-05,-2.8799991607666016,-0.1045371775144152,0.010098003851313677,0.0010452929100046543,0.00016841035086790344,-0.009328190337531364,-0.0007584962960593854,-3.7002282085241215e-06
5,GMe,Methane,20,2,-14.370000839233398,-0.3412491244585956,0.01930637976429516,0.008505953811137812,0.004542425478229983,-0.0236456747988795,-0.0024430414924056006,-0.00016942977168620338,-6.530000686645508,-0.2556773865530881,0.007232687625435517,0.0033413538099739694,0.0019929004001610615,-0.011977735875006222,-0.001114157367814814,-0.0001029062392700069,-10.870000839233398,-0.39773146247998176,0.00861847223952531,0.00493080349472766,0.002987653702365325,-0.005904599562211099,-0.0007356082124634439,-4.389695403984667e-05,-0.31999969482421875,-0.013542095056673602,0.005866549499272953,0.0005055785873249412,5.4980958341966e-05,-0.0066531037410379,-0.0006592207734435617,-4.709117304739163e-05,-65.20999908447266,-0.5756024234927434,0.060588032027612544,0.024154415877522626,0.01605885038638078,-0.08640240579903394,-0.007535742951750694,-0.0003276531060062345,-30.669998168945312,-0.47322942947524455,0.027937730270357904,0.01089809053473112,0.007508983377232473,-0.0408883783140654,-0.0038081632471281745,-0.00015067978400023488,-33.11000061035156,-0.5799614734954714,0.02174174160107906,0.010320634964022284,0.007247728620047368,-0.03051116397617467,-0.002776223012965265,-3.5926619037653204e-07,-1.7000007629394531,-0.03632480321908288,0.023393085457993065,0.002090495816495918,0.00016243530123068693,-0.020561139277056068,-0.0019993117578097144,-0.00016415401411732646
5,GMe,Methane,30,1,-16.69999885559082,-0.41645884017597457,0.019934925812558908,0.00917653632260869,0.005337426975923465,-0.017662333335343314,-0.0017699551119480417,-0.00021360998782382184,-6.959999084472656,-0.2996125364453031,0.006828132315976094,0.0035171442529595863,0.0022678155427978,-0.006972556206853762,-0.0007017849559824977,-6.253138411098492e-05,-11.970001220703125,-0.4657587885353062,0.007327135727879293,0.005005058346501205,0.0033284800051382353,-0.005565434563733367,-0.0006401694966890032,-3.0000686645507814e-05,-0.7000007629394531,-0.034146378679973326,0.00400466222381082,0.0005404856646599829,0.0001483988765676769,-0.003924410126615369,-0.00031721718560193563,-2.0055778894733467e-05,-68.79000091552734,-0.6467048899059821,0.055894515475120136,0.023973310318631657,0.016815986180221936,-0.07891626794326606,-0.0070488883801000666,-0.0003691534300076627,-28.979999542236328,-0.5363686877102214,0.028448291111986036,0.010163363790954201,0.007058140626437496,-0.03146586732970365,-0.0028801341691058547,-7.820542064099583e-05,-34.9900016784668,-0.6394371509119859,0.02192104852788183,0.01056178657260089,0.007744311813143998,-0.0255212420306205,-0.002553798105189432,-7.876954603350491e-05,-1.2099990844726562,-0.048284082612096504,0.00639968206735423,0.0007490516595716945,0.00016615116110587443,-0.009930488830466067,-0.0008286512871873195,-4.361079166234123e-06
5,GMe,Methane,30,2,-18.040000915527344,-0.42477043553116894,0.020832173379055914,0.008997902682962735,0.005650973019341855,-0.01925691540256113,-0.001789336787875313,-0.0002561140125272881,-8.430000305175781,-0.3263647049971131,0.008241299687477239,0.0040314228643298505,0.002571680061164698,-0.00836185029340407,-0.0009540982036917963,-0.00012776011926621142,-13.15999984741211,-0.4775036321635182,0.008792734807025965,0.005351581763430713,0.003611384510798987,-0.006920674895648226,-0.0006955642304578146,-0.00011171910881323948,-0.5,-0.021258502987611803,0.006114724217329228,0.0005297647545925205,0.00010639193990883976,-0.005968080215706198,-0.0005118142141239333,-4.912402195592019e-05,-73.75,-0.6481807065497998,0.06383690146904589,0.02597938259208531,0.01822957440039934,-0.08787857218669662,-0.00717883386754024,-0.00044540943137711596,-35.98999786376953,-0.5492140780435965,0.04239565738653843,0.011733638078792174,0.008680173374406281,-0.03927131895383407,-0.003978036918007,-0.00039027154482825774,-37.33999824523926,-0.6490526514434184,0.021124122866845584,0.01119388214571483,0.008142551364085721,-0.03046057073718418,-0.0027618054357611797,-8.325052038848823e-05,-2.8400001525878906,-0.06081370677067911,0.020058531272612333,0.0021029872314347266,0.00028860078696249877,-0.019244294477899625,-0.0018904630146541997,-0.00010910775190866906
5,GMe,Methane,40,1,-18.790000915527344,-0.47994891911068743,0.017331375080188893,0.009518817213347089,0.005962421002610786,-0.018002989544341617,-0.001528858981452909,-0.00014146648843272114,-8.609999656677246,-0.36283185093841075,0.007703406953062982,0.00415674422411207,0.0027001672813914443,-0.008009191745170957,-0.0007701382902335547,-7.177657085423107e-05,-13.180000305175781,-0.5250996057715609,0.00789638538702723,0.0053859270148926925,0.0036360396346608987,-0.005743835747325493,-0.0006095101707652013,-3.273305466206881e-05,-2.3600006103515625,-0.1088561151813336,0.004472472391095357,0.0007417031682910751,0.0003586002014090483,-0.004537563319622263,-0.0003811899186041787,-1.3018870929014711e-05,-72.89000129699707,-0.6965121857066777,0.05090492678088024,0.023821550347255988,0.01723066451617608,-0.05966620722585834,-0.004806716664133755,-0.0002700042724609375,-34.84000015258789,-0.6012079325953864,0.02173558878789125,0.0107065494458271,0.008075013789689412,-0.03385049356318514,-0.003059968019058811,-0.00014830260290937483,-37.11000061035156,-0.6899051864421732,0.018797100031887552,0.010608204990765029,0.007898018257833381,-0.03140838209057485,-0.0023567440890154747,-9.344051549062455e-05,-6.049999237060547,-0.20934253691759125,0.008197392510037493,0.000818667314244647,0.0002929683143356917,-0.007819486171339702,-0.0005790908726355081,-1.2867410214325098e-06
5,GMe,Methane,40,2,-20.219999313354492,-0.48315412307262073,0.016442902197228573,0.009873233796450774,0.006263288244517208,-0.019277315392641665,-0.001815245365800701,-0.0001659228800833397,-9.589999198913574,-0.37666926723348737,0.008262256340068188,0.004378585989956164,0.0028874398611465593,-0.009639923306572437,-0.0010124362963497946,-8.307366485899655e-05,-14.389999389648438,-0.5300184011725382,0.008009194633392381,0.005775826458064475,0.003908029569634696,-0.008312131824396662,-0.0007215797049358659,-5.5500979965685775e-05,-0.5,-0.021123785314253615,0.0046813126470604425,0.00046023668607544064,7.799379315040009e-05,-0.007791274102975377,-0.0008102546964821701,-6.858454692259461e-05,-78.54999923706055,-0.6963035274977425,0.05520575282702573,0.025433887389659023,0.01863123706903747,-0.0874365760063411,-0.007732738850415326,-0.0004909094399828712,-38.66999816894531,-0.5966671752145083,0.032666382078842746,0.012483434420193272,0.00909271216334352,-0.0416564761090497,-0.003977178436438716,-0.00031554004375403176,-39.31999969482422,-0.6922535250523194,0.021737969208365262,0.011151093958442972,0.008378149262429573,-0.026315926886414157,-0.002466250442329136,-8.297356598126044e-05,-3.0600013732910156,-0.06495439044037364,0.02038647871562175,0.002050878837627757,0.0002706059369375024,-0.025415157118151073,-0.0022678937955406646,-0.0001432178239439946
5,GMe,Methane,50,1,-20.619998931884766,-0.5299408638588364,0.013782396010283306,0.008428955914061726,0.0025402448188225034,-0.015197551098740589,-0.0003000068664550781,-3.0000686645507814e-05,-9.730000495910645,-0.41072183522843053,0.005307370048462224,0.0032443560314220983,0.0009211321061177452,-0.005605109686699531,-0.0001999950408935547,-1.999950408935547e-05,-14.25999927520752,-0.572690742717739,0.006042240534577295,0.004484796287538309,0.0013345938767561356,-0.0033977742884745196,0.0,0.0,-3.75,-0.1713894032831678,0.0034489443033918657,0.0001613952606961698,4.2653033035131515e-07,-0.0029632261109257953,-0.00020000457763671875,-2.0000457763671876e-05,-76.29000282287598,-0.7319389846090896,0.02359799939288852,0.01637911304017869,0.004769541086755076,-0.035318650274322384,0.0,0.0,-37.50000190734863,-0.6421233035538738,0.00829660945445874,0.005175927931525725,0.001338765052909295,-0.011328642615132467,0.0,0.0,-38.640000343322754,-0.7253613668345912,0.011072334919320232,0.007863055413813021,0.002384700972950515,-0.01354071647125132,0.0,0.0,-8.44999885559082,-0.2957647513423542,0.005042623514315182,0.0004999923706054687,4.999923706054688e-05,-0.004434752554173564,-0.0002139865913512592,-2.0227159923615584e-05
5,GMe,Methane,50,2,-21.779998779296875,-0.5258329247253916,0.018907632580616257,0.010281162550522449,0.006744912016750405,-0.019501560476184107,-0.0019684358082974972,-0.00014700623419800402,-10.479999542236328,-0.41554321282978623,0.008341880228733018,0.004633298123673322,0.0031946317869182756,-0.008170846020434778,-0.0006982312736153373,-6.009312435683189e-05,-15.309999465942383,-0.5693566312179283,0.009305080247774744,0.006000214555352329,0.0041433757510691204,-0.005399909469602435,-0.0006886692437539575,-1.9213787227375353e-05,-0.5400009155273438,-0.02281372681820002,0.004542913246097633,0.00043269897104751927,8.441815604618912e-05,-0.005480910473190771,-0.00046503141427062114,-3.999900817871094e-05,-80.91000366210938,-0.7264972763466374,0.0502273225016209,0.02559254579143637,0.018757592314711313,-0.08424148217324726,-0.006131425367527248,-6.21636331135496e-05,-40.729997634887695,-0.6319627550579514,0.028645676000844236,0.012653930871425748,0.009315891615155603,-0.03410811209738755,-0.0033899752427839804,-0.00015595682378354944,-40.76000118255615,-0.7229514084845821,0.02207837245739591,0.011331252941206925,0.00845382878925613,-0.02654096966627579,-0.0023519754829436253,-1.3992938995362094e-07,-3.5199966430664062,-0.07487761686334822,0.019700214476201627,0.0018376981864122789,0.00022975458244885917,-0.020535588893207248,-0.001996336205244086,-0.00010422741715894885
5,GMe,Methane,60,1,-22.26999855041504,-0.5598290405681272,0.01945802037567498,0.010207479769416942,0.0067802626672951284,-0.023384118700948628,-0.0022814176357456935,-0.00021779626337811752,-10.489998817443848,-0.4407562669627812,0.007529562909852589,0.004616024697154915,0.0031791022082196686,-0.007939740663787661,-0.0007140424486744059,-6.25731291217224e-05,-15.169999122619629,-0.595836593406297,0.007629635545088913,0.005707188490520894,0.004049299984938658,-0.006149470432764537,-0.000737305140528904,-9.189526715412525e-05,-1.7099990844726562,-0.08088926839373452,0.0036930469278985663,0.000620403746119735,0.00027083355054762116,-0.004076010721005046,-0.0003904159962654884,-3.0000686645507814e-05,-79.95000267028809,-0.7516217035432681,0.042652651606274364,0.02403219119313566,0.01802555226452612,-0.06830566361311835,-0.0067546575106912235,-0.00057407572710499,-37.420000076293945,-0.6606638502742083,0.022786866735162323,0.010891459141816643,0.008362242404372222,-0.029625351417796156,-0.002300383450387536,-9.57462416746123e-05,-40.52999973297119,-0.7424436640352313,0.019663801353542232,0.010974960496339847,0.008333078627386066,-0.03490057787012346,-0.0035358132339144985,-0.0002493277283884646,-4.340000152587891,-0.15600288282516867,0.0067525491982118255,0.0007841452783282582,0.00023613132339478845,-0.007789166942477217,-0.0006635626978313858,-3.0040647560119632e-05
5,GMe,Methane,60,2,-23.920000076293945,-0.5597940634810983,0.02012862357955457,0.010996100602586783,0.007244316237192213,-0.02587375160928676,-0.002360461164487431,-0.00017084277783867546,-11.729999542236328,-0.45272094215808806,0.008406566556554152,0.00506981798431112,0.003436686290667009,-0.010124688480876961,-0.0009745034433156847,-6.070221583274071e-05,-16.6200008392334,-0.6002167034555109,0.009873705566943615,0.006295032918264968,0.0043972602037338476,-0.006007211364968925,-0.0004719278137344952,-2.999877929687366e-08,-0.5200004577636719,-0.022346387947327344,0.004826120177518146,0.000511108534784969,8.879218673317229e-05,-0.006403397964121186,-0.0006242338961223808,-5.641400225788869e-05,-85.48999786376953,-0.7480748930429374,0.0531884335923758,0.026715158819813446,0.019628401492257763,-0.0799747954384646,-0.006291779249894901,-0.00011373504705074872,-42.96999931335449,-0.6575363476155369,0.028325928649718998,0.012861299637392165,0.009647019323463612,-0.04141468754601557,-0.0033494867406564125,-6.158363055678483e-05,-42.939998626708984,-0.7445812379066751,0.020735628315365684,0.011727247222250865,0.008852592785456212,-0.026379227660939565,-0.002236650601282257,-8.000183105468916e-08,-3.1800003051757812,-0.06840181093494542,0.022026487428046766,0.0019421076404854854,0.0002597435009816745,-0.019959655410402725,-0.0018480625575724029,-9.332452108829662e-05
5,GMe,Methane,70,1,-23.09000015258789,-0.5875318219043028,0.022830761426217552,0.010466637978437526,0.006973528941075223,-0.019567614476231614,-0.002007759095695379,-0.00019718276357342835,-11.139999389648438,-0.4694479395088348,0.010328334878661959,0.0052067505553207785,0.0033647058687762328,-0.007672406040406021,-0.0008253790589338493,-0.00010224941342919876,-15.670000076293945,-0.6223192965201417,0.008484655660747121,0.005860856012770457,0.0041707081726959265,-0.007037856990592223,-0.0006834072307844446,-9.519402138920502e-05,-2.510000228881836,-0.11718021568355252,0.003683111969737347,0.0007231590091552474,0.0003481814779102833,-0.003999898622778618,-0.00036811111189616005,0.0,-80.77999877929688,-0.7688207767576126,0.04705755175141895,0.023119358908124683,0.01801936804402511,-0.07608015994295737,-0.007111519197477009,-0.0006040389859239874,-39.25,-0.6842747486463012,0.02123154422059344,0.011087974215081122,0.0086317035623739,-0.029451867188628286,-0.0025383995270520693,-8.954580717545967e-05,-41.059998512268066,-0.7614985145885291,0.017995940988258977,0.010828549405449528,0.008356067246334106,-0.028598222702933808,-0.002586294914848629,-0.00010107362970051834,-6.059999465942383,-0.21211058910302408,0.006790390860235041,0.000785623325028904,0.0002262293701148606,-0.006642989436224877,-0.00045801124960085233,-3.999900817871094e-05
5,GMe,Methane,70,2,-25.25,-0.5884409249542988,0.02149458400121385,0.01133409912628481,0.007606656188202393,-0.019011305025296365,-0.0017898211767034967,-0.00017250042882583996,-12.510001182556152,-0.4804147750661785,0.008000737596370985,0.005172434927439323,0.0036665594979071884,-0.009113958580027495,-0.0008353694228355818,-8.772858393522095e-05,-17.489998817443848,-0.627331396840793,0.00839011223697422,0.006366434076497445,0.004591059531915711,-0.005939640397312861,-0.0005463871346789235,-2.7379810357433903e-05,-0.6299991607666016,-0.02719029601606157,0.005539921957456968,0.0005260121704729625,0.00011453768336333172,-0.004758932207341001,-0.0005263776306238446,-3.011098545138594e-05,-88.5099983215332,-0.7677827832995147,0.05728201561948008,0.02573162720611294,0.02021763739015737,-0.08281454067173256,-0.006805125632136298,-0.00016770513197716616,-44.66000175476074,-0.6795496184606269,0.022710353586588416,0.012868897156110507,0.00981492198600827,-0.039326170171071186,-0.0035484039243232285,-0.000104565707966502,-44.540000915527344,-0.7643727572614598,0.021122094023351676,0.011497692342587384,0.009133458771694629,-0.024824734297931292,-0.002070505747697879,-4.691109175240381e-07,-3.9099998474121094,-0.0839235852029703,0.019353929287788316,0.001694542051591264,0.0003078949007943993,-0.01949998679793432,-0.001791845081197696,-9.1689060951723e-05
5,GMe,Methane,80,1,-24.060001373291016,-0.617081311555284,0.01795586123677214,0.010393161452580015,0.007130316802188551,-0.015217791821023882,-0.0015113051656464693,-0.00015540453192254035,-11.910000801086426,-0.5010517699504892,0.008646333099196005,0.005103025054662529,0.00347378071768918,-0.007316959866694827,-0.0007428550068680172,-5.701586206430577e-05,-16.239999771118164,-0.6501200988278434,0.008319593896125773,0.005869303880852911,0.004187554930121317,-0.006723725127212163,-0.00047092451964299005,-3.012961154343204e-05,-4.030000686645508,-0.1822704918768172,0.0037388757763460578,0.0008913465007552108,0.0004974826869408002,-0.0043721413439807505,-0.0003872687771475594,-2.576254207162106e-07,-82.39000129699707,-0.7872909708140122,0.03985714890648683,0.0228089901235818,0.017703203153596667,-0.059053323094183124,-0.005123867667663916,-0.00015722640252472682,-41.55999946594238,-0.7098206662253215,0.02578727789277,0.011204193133508778,0.008922996112311328,-0.03666168356257284,-0.003115728202989512,-0.00011124801699817277,-41.749999046325684,-0.7799364841845057,0.017382951040496523,0.010516103458294969,0.008197100464687353,-0.022313153617422567,-0.0021234477096138665,0.0,-10.940000534057617,-0.3554256104615406,0.006302553321677078,0.0009604773130755181,0.00041313811052369226,-0.007723435220429857,-0.000546995134883954,-3.0030687332153323e-05
5,GMe,Methane,80,2,-27.150001525878906,-0.6049465436659155,0.01904350957841186,0.011855174940947979,0.008053035248532917,-0.02288679372573106,-0.002047151660733513,-0.0002684175590261616,-12.950000762939453,-0.4957886809669615,0.00873010830782198,0.005330912990342716,0.003758389874761248,-0.008980411280402976,-0.0009098869293258009,-9.621626458005e-05,-18.5600004196167,-0.6428818801554816,0.00883594365591887,0.006663422152128956,0.004829665089083811,-0.007346451341358859,-0.0007950151129615536,-8.007463808593242e-05,-0.20999908447265625,-0.010169447377820462,0.00401357162095814,0.0004738167546520537,0.00010494856718610295,-0.004948984206225246,-0.0004031956752073256,-3.0000686645507814e-05,-91.8799991607666,-0.7760790576437847,0.04382937812212284,0.02697077218920118,0.0207407021431103,-0.0924271579653555,-0.008039002810024195,-0.0005684775946723149,-42.96000099182129,-0.683206111038143,0.027083812261176995,0.012633022247784145,0.009539980543545596,-0.040924430551812045,-0.003062729539479469,-0.00011807885378603363,-45.89000225067139,-0.7734704337502903,0.02105852212417887,0.011945148975792174,0.009441373596655043,-0.03441524938059466,-0.002929159408293516,-0.000167464525667691,-1.4499969482421875,-0.03669949404811616,0.015545459032717125,0.0015001588557494445,0.0002680404763989417,-0.01666939320296776,-0.0016049935204859621,-2.6325271895289408e-05
5,GMe,Methane,90,1,-24.800000190734863,-0.6385169951932261,0.015099014107678355,0.0016470227796525957,0.00011160770715678589,-0.016919037517061367,-0.0016674415067813768,-9.759218206496041e-05,-12.260001182556152,-0.5190516827667504,0.005842972807890019,0.0006955239034355054,5.0387992717466326e-05,-0.007999992370605469,-0.0007999992370605469,-0.00012158877305325549,-16.59000015258789,-0.6684125848739413,0.0048027362158187545,0.0004965056527654745,4.2508079582285505e-05,-0.005530288001057722,-0.0005854856518951661,-2.976105449938207e-05,-3.779998779296875,-0.17331494139647133,0.003999900817871094,0.0005848367967227828,0.00011268304827487268,-0.028928164938992827,-0.002815081296633679,-0.00035055303150709877,-82.82999801635742,-0.7979000092896203,0.06269991144023707,0.007420792929116678,0.000558613395371829,-0.05442302771340104,-0.0041591663002053195,-0.00022719523314483652,-41.96999931335449,-0.7205150096713218,0.02594284447541754,0.002147470646588422,0.0001693107573095488,-0.029497939945760745,-0.002548695448055699,-0.00028676544788956997,-41.99000072479248,-0.7919653029471809,0.025360267668422233,0.002515685401176619,0.00027961259315483205,-0.02454134993364455,-0.0021421785956130947,-9.03687971184154e-05,-6.69999885559082,-0.2408338939283786,0.012057448880648526,0.0018350364140704324,0.0004102203614418693,-0.10810459164630687,-0.010994692016613575,-0.0021970728426152324
5,GMe,Methane,90,2,-27.44999885559082,-0.6303099732831037,0.018653209249478896,0.011793066047403137,0.008092151765000399,-0.02139874112397176,-0.0018720779618890265,-0.00017017651039996504,-13.609999656677246,-0.5218558165832702,0.01020604512642283,0.005537171025630199,0.003938912893077373,-0.009551363878056737,-0.0008323661871747512,-0.000104226644421082,-18.800000190734863,-0.6654867324153934,0.009415655422162165,0.006646507894110441,0.004867153324026171,-0.00829385958314167,-0.0008668175118798315,-0.00010057669739621529,-0.6200008392333984,-0.02771572713336766,0.005549504717763418,0.0006063134210272909,0.0001534707010387436,-0.006090917774681133,-0.0005126018841704679,-3.121783183621883e-05,-92.78999900817871,-0.7942989150023926,0.0545952606790126,0.0264210428642034,0.020665123807128857,-0.09030459072078721,-0.008593432406005908,-0.000613567948940432,-46.0099983215332,-0.7079550674548144,0.02205667239972222,0.01294547554214338,0.010061001752329346,-0.043900236512532054,-0.004108284205377932,-0.0002553372881646258,-46.589999198913574,-0.7914047909669626,0.019875596412473807,0.011861911486356513,0.009408401745764853,-0.027852347285696383,-0.00230143586290042,-6.999969482421876e-05,-4.0,-0.08946544580425099,0.01882354161667411,0.0018262153831679249,0.00038201442294999845,-0.018479151838263024,-0.0017767483230114655,-8.460004485415641e-05
5,GMe,Methane,100,1,-25.180001258850098,-0.6560708847861071,0.05061614225610847,0.015413194752032698,0.008553244890382783,-0.017943968683354374,-0.0017609266215486041,-0.00010992593184243052,-12.75,-0.544639046693948,0.026990695468111624,0.007763142588580703,0.004238554411509028,-0.008097364583972113,-0.0006952241448246513,-2.2176011311634808e-05,-16.770000457763672,-0.6842105386030317,0.03046098825922191,0.008954949472886574,0.004999364043933738,-0.005029896110527074,-0.0005018132420096238,-2.000045776367229e-08,-4.289999008178711,-0.19438147111460027,0.004510849961388336,0.0010723475284758787,0.0005246723176465844,-0.004961274647359897,-0.0003744191106858384,0.0,-83.53000259399414,-0.8111283731898432,0.11637417938649115,0.03263607146665258,0.018960183677839144,-0.06300758982540895,-0.004985649656445067,-1.3000106811522833e-07,-42.910000801086426,-0.7404659229707637,0.056755244734980094,0.015996926455897845,0.00884717090312844,-0.026204551261086183,-0.0023245515853840054,-5.99994659423821e-08,-42.189998626708984,-0.8034660060045705,0.056686920460701125,0.015752673133592042,0.00904540968275866,-0.023374807084351603,-0.0020521498309192896,0.0,-10.690000534057617,-0.36127071574626834,0.005610749129678483,0.0009639534790363009,0.0003879291582401445,-0.006648107981388177,-0.00040472270523516377,-3.0000686645507814e-05
5,GMe,Methane,100,2,-28.810001373291016,-0.6488738825042353,0.019856906417727867,0.011775826111910576,0.008353496252990507,-0.022358837325687997,-0.0020345358093017472,-0.00023671711247776896,-14.210000038146973,-0.5413333347865513,0.007989111593936251,0.005533264845045128,0.004022709921131946,-0.009312231885362177,-0.0010145504313455,-9.140166917358148e-05,-19.550000190734863,-0.6816596925630696,0.00897009138670626,0.006711938362604178,0.004989292808350468,-0.0076665655912823835,-0.0007208948303497836,-6.526192746800815e-05,-0.6400012969970703,-0.029384815280997196,0.0048956992227197895,0.0006062621100137106,0.00017729984800456323,-0.00638435564498927,-0.0006288038141459764,-3.657096437081289e-05,-94.77000045776367,-0.8040895975478223,0.057736690123767545,0.027457218930918893,0.020954742648678387,-0.09198984793198657,-0.00787725609549982,-0.00034653761845612123,-46.53999710083008,-0.7200990109645843,0.025300580996335694,0.013071064842014386,0.00997777902992912,-0.04633023894972575,-0.0036447960020833323,-0.00016984104054188897,-47.560001373291016,-0.8016180668377633,0.018128976672316437,0.01175911867987462,0.00953344023371395,-0.02921276990676688,-0.002485022644214691,-4.6086610553494026e-05,-3.2099990844726562,-0.07458176152860163,0.01819870235427149,0.002130663724877015,0.0003486074892963812,-0.018840492393331507,-0.001651526718796194,-8.07129510173088e-05
